Standard Model;Bus 7;Bus 5;Bus 7;Bus 5
"Zeitpunkt in s";"U, rel.Winkel in deg";"U, rel.Winkel in deg";"u1, Betrag in p.u.";"u1, Betrag in p.u."
-0,100000;3,718484;-3,988536;1,025770;0,995639
-0,099000;3,718483;-3,988536;1,025770;0,995639
-0,098000;3,718483;-3,988536;1,025770;0,995639
-0,097000;3,718483;-3,988536;1,025770;0,995639
-0,096000;3,718483;-3,988536;1,025770;0,995639
-0,095000;3,718483;-3,988536;1,025770;0,995639
-0,094000;3,718483;-3,988536;1,025770;0,995639
-0,093000;3,718483;-3,988536;1,025770;0,995639
-0,092000;3,718483;-3,988536;1,025770;0,995639
-0,091000;3,718483;-3,988536;1,025770;0,995639
-0,090000;3,718483;-3,988536;1,025770;0,995639
-0,089000;3,718483;-3,988536;1,025770;0,995639
-0,088000;3,718483;-3,988536;1,025770;0,995639
-0,087000;3,718483;-3,988536;1,025770;0,995639
-0,086000;3,718483;-3,988536;1,025770;0,995639
-0,085000;3,718483;-3,988536;1,025770;0,995639
-0,084000;3,718483;-3,988536;1,025770;0,995639
-0,083000;3,718483;-3,988536;1,025770;0,995639
-0,082000;3,718483;-3,988536;1,025770;0,995639
-0,081000;3,718483;-3,988536;1,025770;0,995639
-0,080000;3,718483;-3,988536;1,025770;0,995639
-0,079000;3,718483;-3,988536;1,025770;0,995639
-0,078000;3,718483;-3,988536;1,025770;0,995639
-0,077000;3,718483;-3,988536;1,025770;0,995639
-0,076000;3,718483;-3,988536;1,025770;0,995639
-0,075000;3,718483;-3,988536;1,025770;0,995639
-0,074000;3,718483;-3,988536;1,025770;0,995639
-0,073000;3,718483;-3,988536;1,025770;0,995639
-0,072000;3,718483;-3,988536;1,025770;0,995639
-0,071000;3,718483;-3,988536;1,025770;0,995639
-0,070000;3,718483;-3,988536;1,025770;0,995639
-0,069000;3,718483;-3,988536;1,025770;0,995639
-0,068000;3,718483;-3,988536;1,025770;0,995639
-0,067000;3,718483;-3,988536;1,025770;0,995639
-0,066000;3,718483;-3,988536;1,025770;0,995639
-0,065000;3,718483;-3,988536;1,025770;0,995639
-0,064000;3,718483;-3,988536;1,025770;0,995639
-0,063000;3,718483;-3,988536;1,025770;0,995639
-0,062000;3,718483;-3,988536;1,025770;0,995639
-0,061000;3,718483;-3,988536;1,025770;0,995639
-0,060000;3,718484;-3,988536;1,025770;0,995639
-0,059000;3,718484;-3,988536;1,025770;0,995639
-0,058000;3,718484;-3,988536;1,025770;0,995639
-0,057000;3,718484;-3,988536;1,025770;0,995639
-0,056000;3,718484;-3,988536;1,025770;0,995639
-0,055000;3,718484;-3,988536;1,025770;0,995639
-0,054000;3,718484;-3,988536;1,025770;0,995639
-0,053000;3,718484;-3,988536;1,025770;0,995639
-0,052000;3,718484;-3,988536;1,025770;0,995639
-0,051000;3,718484;-3,988536;1,025770;0,995639
-0,050000;3,718484;-3,988536;1,025770;0,995639
-0,049000;3,718484;-3,988536;1,025770;0,995639
-0,048000;3,718484;-3,988536;1,025770;0,995639
-0,047000;3,718484;-3,988536;1,025770;0,995639
-0,046000;3,718484;-3,988536;1,025770;0,995639
-0,045000;3,718484;-3,988536;1,025770;0,995639
-0,044000;3,718484;-3,988536;1,025770;0,995639
-0,043000;3,718484;-3,988536;1,025770;0,995639
-0,042000;3,718484;-3,988536;1,025770;0,995639
-0,041000;3,718484;-3,988536;1,025770;0,995639
-0,040000;3,718484;-3,988536;1,025770;0,995639
-0,039000;3,718484;-3,988536;1,025770;0,995639
-0,038000;3,718484;-3,988536;1,025770;0,995639
-0,037000;3,718484;-3,988536;1,025770;0,995639
-0,036000;3,718484;-3,988536;1,025770;0,995639
-0,035000;3,718484;-3,988536;1,025770;0,995639
-0,034000;3,718484;-3,988536;1,025770;0,995639
-0,033000;3,718484;-3,988536;1,025770;0,995639
-0,032000;3,718484;-3,988536;1,025770;0,995639
-0,031000;3,718484;-3,988536;1,025770;0,995639
-0,030000;3,718484;-3,988536;1,025770;0,995639
-0,029000;3,718484;-3,988536;1,025770;0,995639
-0,028000;3,718484;-3,988536;1,025770;0,995639
-0,027000;3,718484;-3,988536;1,025770;0,995639
-0,026000;3,718484;-3,988536;1,025770;0,995639
-0,025000;3,718484;-3,988536;1,025770;0,995639
-0,024000;3,718484;-3,988536;1,025770;0,995639
-0,023000;3,718484;-3,988536;1,025770;0,995639
-0,022000;3,718484;-3,988536;1,025770;0,995639
-0,021000;3,718484;-3,988536;1,025770;0,995639
-0,020000;3,718484;-3,988536;1,025770;0,995639
-0,019000;3,718484;-3,988536;1,025770;0,995639
-0,018000;3,718484;-3,988536;1,025770;0,995639
-0,017000;3,718484;-3,988536;1,025770;0,995639
-0,016000;3,718484;-3,988536;1,025770;0,995639
-0,015000;3,718484;-3,988536;1,025770;0,995639
-0,014000;3,718484;-3,988536;1,025770;0,995639
-0,013000;3,718484;-3,988536;1,025770;0,995639
-0,012000;3,718484;-3,988536;1,025770;0,995639
-0,011000;3,718484;-3,988536;1,025770;0,995639
-0,010000;3,718484;-3,988536;1,025770;0,995639
-0,009000;3,718484;-3,988536;1,025770;0,995639
-0,008000;3,718484;-3,988536;1,025770;0,995639
-0,007000;3,718484;-3,988536;1,025770;0,995639
-0,006000;3,718484;-3,988536;1,025770;0,995639
-0,005000;3,718484;-3,988536;1,025770;0,995639
-0,004000;3,718484;-3,988535;1,025770;0,995639
-0,003000;3,718484;-3,988535;1,025770;0,995639
-0,002000;3,718484;-3,988535;1,025770;0,995639
-0,001000;3,718484;-3,988535;1,025770;0,995639
0,000000;3,718484;-3,988535;1,025770;0,995639
0,000500;4,131134;-9,735984;0,015026;0,448690
0,001167;4,241194;-9,730105;0,014987;0,448397
0,002167;4,408177;-9,721130;0,014930;0,447963
0,003167;4,576779;-9,711983;0,014874;0,447536
0,004167;4,746948;-9,702688;0,014818;0,447115
0,005167;4,918676;-9,693245;0,014764;0,446699
0,006167;5,091950;-9,683656;0,014710;0,446289
0,007167;5,266759;-9,673923;0,014656;0,445884
0,008167;5,443093;-9,664045;0,014604;0,445484
0,009167;5,620941;-9,654026;0,014552;0,445090
0,010167;5,800293;-9,643864;0,014501;0,444700
0,011167;5,981139;-9,633563;0,014450;0,444316
0,012167;6,163468;-9,623123;0,014400;0,443936
0,013167;6,347272;-9,612544;0,014351;0,443561
0,014167;6,532542;-9,601829;0,014303;0,443191
0,015167;6,719267;-9,590979;0,014255;0,442825
0,016167;6,907440;-9,579994;0,014207;0,442464
0,017167;7,097051;-9,568875;0,014161;0,442108
0,018167;7,288093;-9,557624;0,014115;0,441756
0,019167;7,480558;-9,546243;0,014069;0,441408
0,020167;7,674437;-9,534731;0,014024;0,441064
0,021167;7,869724;-9,523090;0,013980;0,440725
0,022167;8,066411;-9,511322;0,013936;0,440390
0,023167;8,264491;-9,499427;0,013893;0,440058
0,024167;8,463957;-9,487406;0,013850;0,439731
0,025167;8,664803;-9,475261;0,013808;0,439408
0,026167;8,867022;-9,462992;0,013766;0,439088
0,027167;9,070608;-9,450601;0,013725;0,438772
0,028167;9,275556;-9,438088;0,013685;0,438460
0,029167;9,481859;-9,425456;0,013644;0,438151
0,030167;9,689513;-9,412704;0,013605;0,437846
0,031167;9,898512;-9,399834;0,013566;0,437545
0,032167;10,108851;-9,386848;0,013527;0,437246
0,033167;10,320526;-9,373745;0,013489;0,436952
0,034167;10,533531;-9,360527;0,013451;0,436660
0,035167;10,747863;-9,347196;0,013413;0,436372
0,036167;10,963517;-9,333751;0,013376;0,436087
0,037167;11,180490;-9,320195;0,013340;0,435805
0,038167;11,398778;-9,306528;0,013304;0,435526
0,039167;11,618376;-9,292752;0,013268;0,435249
0,040167;11,839283;-9,278866;0,013233;0,434976
0,041167;12,061494;-9,264873;0,013198;0,434706
0,042167;12,285006;-9,250774;0,013163;0,434439
0,043167;12,509818;-9,236569;0,013129;0,434174
0,044167;12,735926;-9,222259;0,013095;0,433912
0,045167;12,963328;-9,207846;0,013061;0,433653
0,046167;13,192021;-9,193330;0,013028;0,433396
0,047167;13,422004;-9,178713;0,012996;0,433142
0,048167;13,653274;-9,163995;0,012963;0,432891
0,049167;13,885831;-9,149177;0,012931;0,432642
0,050000;14,080618;-9,136749;0,012905;0,432436
0,050500;18,067619;-9,075041;0,884912;0,902228
0,051167;18,122335;-9,066189;0,885407;0,902400
0,052167;18,205170;-9,052708;0,886138;0,902651
0,053167;18,289009;-9,039005;0,886854;0,902895
0,054167;18,373712;-9,025112;0,887558;0,903133
0,055167;18,459272;-9,011029;0,888249;0,903364
0,056167;18,545683;-8,996759;0,888927;0,903590
0,057167;18,632940;-8,982301;0,889594;0,903810
0,058167;18,721025;-8,967661;0,890247;0,904023
0,059167;18,809952;-8,952832;0,890890;0,904231
0,060167;18,899707;-8,937819;0,891520;0,904433
0,061167;18,990283;-8,922623;0,892140;0,904630
0,062167;19,081674;-8,907244;0,892748;0,904820
0,063167;19,173875;-8,891684;0,893345;0,905006
0,064167;19,266879;-8,875944;0,893930;0,905185
0,065167;19,360681;-8,860024;0,894505;0,905360
0,066167;19,455273;-8,843927;0,895069;0,905528
0,067167;19,550651;-8,827653;0,895623;0,905692
0,068167;19,646808;-8,811203;0,896166;0,905850
0,069167;19,743738;-8,794579;0,896699;0,906003
0,070167;19,841435;-8,777781;0,897222;0,906151
0,071167;19,939893;-8,760810;0,897734;0,906294
0,072167;20,039106;-8,743668;0,898237;0,906432
0,073167;20,139069;-8,726357;0,898730;0,906565
0,074167;20,239774;-8,708876;0,899214;0,906693
0,075167;20,341216;-8,691228;0,899688;0,906816
0,076167;20,443389;-8,673414;0,900152;0,906934
0,077167;20,546287;-8,655434;0,900608;0,907048
0,078167;20,649904;-8,637290;0,901054;0,907157
0,079167;20,754234;-8,618984;0,901491;0,907261
0,080167;20,859270;-8,600516;0,901920;0,907360
0,081167;20,965007;-8,581887;0,902339;0,907455
0,082167;21,071439;-8,563100;0,902750;0,907546
0,083167;21,178560;-8,544155;0,903153;0,907632
0,084167;21,286363;-8,525054;0,903547;0,907714
0,085167;21,394843;-8,505797;0,903933;0,907791
0,086167;21,503994;-8,486387;0,904310;0,907864
0,087167;21,613809;-8,466824;0,904679;0,907933
0,088167;21,724283;-8,447109;0,905041;0,907997
0,089167;21,835410;-8,427245;0,905394;0,908057
0,090167;21,947183;-8,407232;0,905740;0,908114
0,091167;22,059597;-8,387072;0,906078;0,908166
0,092167;22,172645;-8,366766;0,906408;0,908214
0,093167;22,286322;-8,346316;0,906731;0,908258
0,094167;22,400622;-8,325722;0,907047;0,908298
0,095167;22,515538;-8,304987;0,907355;0,908334
0,096167;22,631065;-8,284111;0,907656;0,908366
0,097167;22,747196;-8,263095;0,907950;0,908394
0,098167;22,863926;-8,241943;0,908236;0,908419
0,099167;22,981249;-8,220653;0,908516;0,908440
0,100167;23,099159;-8,199229;0,908789;0,908457
0,101167;23,217649;-8,177671;0,909055;0,908470
0,102167;23,336714;-8,155981;0,909314;0,908480
0,103167;23,456348;-8,134161;0,909567;0,908486
0,104167;23,576545;-8,112211;0,909813;0,908488
0,105167;23,697299;-8,090133;0,910052;0,908487
0,106167;23,818604;-8,067928;0,910285;0,908482
0,107167;23,940454;-8,045599;0,910512;0,908474
0,108167;24,062843;-8,023146;0,910733;0,908463
0,109167;24,185765;-8,000570;0,910947;0,908448
0,110167;24,309215;-7,977874;0,911155;0,908429
0,111167;24,433186;-7,955058;0,911357;0,908407
0,112167;24,557672;-7,932125;0,911553;0,908382
0,113167;24,682668;-7,909075;0,911743;0,908354
0,114167;24,808168;-7,885910;0,911928;0,908322
0,115167;24,934166;-7,862631;0,912106;0,908288
0,116167;25,060656;-7,839240;0,912279;0,908250
0,117167;25,187631;-7,815739;0,912446;0,908208
0,118167;25,315087;-7,792128;0,912608;0,908164
0,119167;25,443017;-7,768410;0,912764;0,908117
0,120167;25,571416;-7,744585;0,912915;0,908066
0,121167;25,700278;-7,720656;0,913060;0,908013
0,122167;25,829596;-7,696623;0,913200;0,907956
0,123167;25,959365;-7,672488;0,913334;0,907896
0,124167;26,089580;-7,648253;0,913464;0,907834
0,125167;26,220234;-7,623919;0,913588;0,907768
0,126167;26,351321;-7,599487;0,913707;0,907700
0,127167;26,482836;-7,574960;0,913821;0,907629
0,128167;26,614774;-7,550338;0,913930;0,907555
0,129167;26,747127;-7,525622;0,914034;0,907478
0,130167;26,879891;-7,500816;0,914133;0,907398
0,131167;27,013059;-7,475919;0,914227;0,907316
0,132167;27,146627;-7,450933;0,914316;0,907230
0,133167;27,280588;-7,425861;0,914401;0,907142
0,134167;27,414936;-7,400702;0,914481;0,907052
0,135167;27,549666;-7,375460;0,914556;0,906958
0,136167;27,684772;-7,350135;0,914627;0,906862
0,137167;27,820248;-7,324728;0,914693;0,906764
0,138167;27,956089;-7,299242;0,914754;0,906663
0,139167;28,092288;-7,273678;0,914812;0,906559
0,140167;28,228841;-7,248036;0,914864;0,906453
0,141167;28,365742;-7,222320;0,914913;0,906344
0,142167;28,502985;-7,196529;0,914957;0,906232
0,143167;28,640563;-7,170666;0,914996;0,906119
0,144167;28,778473;-7,144732;0,915032;0,906002
0,145167;28,916707;-7,118729;0,915063;0,905884
0,146167;29,055261;-7,092658;0,915090;0,905763
0,147167;29,194129;-7,066520;0,915113;0,905639
0,148167;29,333305;-7,040317;0,915132;0,905513
0,149167;29,472784;-7,014051;0,915147;0,905385
0,150167;29,612559;-6,987722;0,915158;0,905255
0,151167;29,752627;-6,961333;0,915165;0,905122
0,152167;29,892980;-6,934884;0,915167;0,904987
0,153167;30,033613;-6,908378;0,915167;0,904849
0,154167;30,174522;-6,881815;0,915162;0,904710
0,155167;30,315700;-6,855198;0,915153;0,904568
0,156167;30,457141;-6,828527;0,915141;0,904424
0,157167;30,598841;-6,801804;0,915125;0,904278
0,158167;30,740794;-6,775030;0,915105;0,904130
0,159167;30,882995;-6,748208;0,915082;0,903979
0,160167;31,025437;-6,721337;0,915055;0,903827
0,161167;31,168116;-6,694421;0,915024;0,903672
0,162167;31,311026;-6,667460;0,914990;0,903516
0,163167;31,454162;-6,640455;0,914952;0,903357
0,164167;31,597518;-6,613408;0,914911;0,903196
0,165167;31,741089;-6,586321;0,914866;0,903034
0,166167;31,884869;-6,559194;0,914818;0,902869
0,167167;32,028854;-6,532030;0,914767;0,902703
0,168167;32,173037;-6,504830;0,914712;0,902534
0,169167;32,317414;-6,477594;0,914654;0,902364
0,170167;32,461979;-6,450325;0,914592;0,902191
0,171167;32,606727;-6,423024;0,914527;0,902017
0,172167;32,751652;-6,395692;0,914459;0,901841
0,173167;32,896750;-6,368331;0,914388;0,901663
0,174167;33,042014;-6,340942;0,914314;0,901483
0,175167;33,187440;-6,313526;0,914236;0,901301
0,176167;33,333023;-6,286085;0,914156;0,901118
0,177167;33,478757;-6,258620;0,914072;0,900933
0,178167;33,624636;-6,231132;0,913986;0,900746
0,179167;33,770657;-6,203623;0,913896;0,900557
0,180167;33,916813;-6,176095;0,913803;0,900367
0,181167;34,063100;-6,148548;0,913707;0,900175
0,182167;34,209512;-6,120983;0,913609;0,899981
0,183167;34,356044;-6,093403;0,913507;0,899786
0,184167;34,502691;-6,065809;0,913403;0,899589
0,185167;34,649447;-6,038201;0,913296;0,899391
0,186167;34,796309;-6,010581;0,913185;0,899190
0,187167;34,943270;-5,982951;0,913073;0,898989
0,188167;35,090326;-5,955312;0,912957;0,898785
0,189167;35,237471;-5,927664;0,912838;0,898581
0,190167;35,384701;-5,900010;0,912717;0,898374
0,191167;35,532011;-5,872351;0,912593;0,898166
0,192167;35,679394;-5,844687;0,912467;0,897957
0,193167;35,826848;-5,817021;0,912338;0,897746
0,194167;35,974365;-5,789353;0,912206;0,897534
0,195167;36,121943;-5,761684;0,912072;0,897320
0,196167;36,269574;-5,734017;0,911935;0,897105
0,197167;36,417256;-5,706352;0,911795;0,896888
0,198167;36,564982;-5,678690;0,911653;0,896671
0,199167;36,712748;-5,651033;0,911509;0,896451
0,200167;36,860549;-5,623382;0,911362;0,896231
0,201167;37,008379;-5,595738;0,911213;0,896009
0,202167;37,156235;-5,568102;0,911061;0,895785
0,203167;37,304112;-5,540476;0,910907;0,895561
0,204167;37,452004;-5,512860;0,910750;0,895335
0,205167;37,599906;-5,485256;0,910591;0,895108
0,206167;37,747815;-5,457666;0,910430;0,894880
0,207167;37,895724;-5,430090;0,910266;0,894650
0,208167;38,043630;-5,402529;0,910101;0,894419
0,209167;38,191528;-5,374985;0,909933;0,894187
0,210167;38,339413;-5,347458;0,909762;0,893954
0,211167;38,487279;-5,319950;0,909590;0,893720
0,212167;38,635124;-5,292463;0,909415;0,893485
0,213167;38,782941;-5,264996;0,909238;0,893248
0,214167;38,930726;-5,237552;0,909059;0,893010
0,215167;39,078475;-5,210131;0,908878;0,892772
0,216167;39,226183;-5,182735;0,908695;0,892532
0,217167;39,373845;-5,155365;0,908510;0,892291
0,218167;39,521457;-5,128021;0,908323;0,892049
0,219167;39,669014;-5,100704;0,908133;0,891806
0,220167;39,816512;-5,073417;0,907942;0,891563
0,221167;39,963945;-5,046160;0,907749;0,891318
0,222167;40,111310;-5,018933;0,907553;0,891072
0,223167;40,258603;-4,991739;0,907356;0,890825
0,224167;40,405817;-4,964578;0,907157;0,890577
0,225167;40,552950;-4,937450;0,906956;0,890329
0,226167;40,699997;-4,910358;0,906753;0,890079
0,227167;40,846953;-4,883302;0,906548;0,889829
0,228167;40,993813;-4,856284;0,906342;0,889577
0,229167;41,140574;-4,829303;0,906133;0,889325
0,230167;41,287231;-4,802362;0,905923;0,889072
0,231167;41,433780;-4,775461;0,905711;0,888818
0,232167;41,580215;-4,748600;0,905497;0,888564
0,233167;41,726534;-4,721782;0,905282;0,888308
0,234167;41,872732;-4,695007;0,905065;0,888052
0,235167;42,018804;-4,668276;0,904846;0,887795
0,236167;42,164746;-4,641590;0,904626;0,887537
0,237167;42,310554;-4,614950;0,904403;0,887279
0,238167;42,456224;-4,588357;0,904180;0,887020
0,239167;42,601751;-4,561811;0,903954;0,886760
0,240167;42,747131;-4,535314;0,903727;0,886500
0,241167;42,892360;-4,508866;0,903499;0,886238
0,242167;43,037434;-4,482469;0,903269;0,885977
0,243167;43,182349;-4,456123;0,903037;0,885714
0,244167;43,327101;-4,429830;0,902804;0,885451
0,245167;43,471685;-4,403589;0,902569;0,885187
0,246167;43,616097;-4,377402;0,902333;0,884923
0,247167;43,760334;-4,351270;0,902096;0,884658
0,248167;43,904391;-4,325194;0,901857;0,884393
0,249167;44,048265;-4,299174;0,901617;0,884127
0,250167;44,191951;-4,273211;0,901375;0,883861
0,251167;44,335445;-4,247306;0,901132;0,883594
0,252167;44,478743;-4,221460;0,900888;0,883327
0,253167;44,621842;-4,195674;0,900642;0,883059
0,254167;44,764737;-4,169948;0,900395;0,882790
0,255167;44,907424;-4,144283;0,900147;0,882522
0,256167;45,049901;-4,118680;0,899897;0,882252
0,257167;45,192161;-4,093140;0,899646;0,881983
0,258167;45,334203;-4,067663;0,899394;0,881713
0,259167;45,476022;-4,042251;0,899141;0,881443
0,260167;45,617614;-4,016903;0,898886;0,881172
0,261167;45,758975;-3,991621;0,898631;0,880901
0,262167;45,900102;-3,966406;0,898374;0,880629
0,263167;46,040991;-3,941257;0,898116;0,880357
0,264167;46,181638;-3,916176;0,897857;0,880085
0,265167;46,322039;-3,891164;0,897597;0,879813
0,266167;46,462191;-3,866221;0,897336;0,879540
0,267167;46,602090;-3,841348;0,897073;0,879268
0,268167;46,741732;-3,816545;0,896810;0,878994
0,269167;46,881114;-3,791813;0,896546;0,878721
0,270167;47,020232;-3,767153;0,896280;0,878447
0,271167;47,159082;-3,742565;0,896014;0,878174
0,272167;47,297661;-3,718051;0,895747;0,877900
0,273167;47,435966;-3,693610;0,895479;0,877626
0,274167;47,573992;-3,669243;0,895209;0,877351
0,275167;47,711736;-3,644951;0,894939;0,877077
0,276167;47,849195;-3,620734;0,894668;0,876802
0,277167;47,986365;-3,596594;0,894397;0,876527
0,278167;48,123242;-3,572530;0,894124;0,876253
0,279167;48,259824;-3,548543;0,893850;0,875978
0,280167;48,396106;-3,524634;0,893576;0,875703
0,281167;48,532086;-3,500803;0,893301;0,875428
0,282167;48,667760;-3,477051;0,893025;0,875153
0,283167;48,803125;-3,453378;0,892749;0,874878
0,284167;48,938176;-3,429785;0,892471;0,874602
0,285167;49,072911;-3,406273;0,892193;0,874327
0,286167;49,207327;-3,382841;0,891914;0,874052
0,287167;49,341421;-3,359491;0,891635;0,873777
0,288167;49,475188;-3,336222;0,891355;0,873502
0,289167;49,608625;-3,313036;0,891074;0,873227
0,290167;49,741731;-3,289933;0,890792;0,872952
0,291167;49,874500;-3,266912;0,890510;0,872677
0,292167;50,006930;-3,243976;0,890227;0,872402
0,293167;50,139019;-3,221124;0,889944;0,872128
0,294167;50,270762;-3,198356;0,889660;0,871853
0,295167;50,402156;-3,175673;0,889376;0,871579
0,296167;50,533199;-3,153076;0,889091;0,871304
0,297167;50,663886;-3,130565;0,888806;0,871030
0,298167;50,794217;-3,108139;0,888520;0,870756
0,299167;50,924186;-3,085801;0,888233;0,870482
0,300167;51,053791;-3,063549;0,887947;0,870209
0,301167;51,183029;-3,041385;0,887659;0,869935
0,302167;51,311897;-3,019309;0,887372;0,869662
0,303167;51,440392;-2,997321;0,887083;0,869389
0,304167;51,568511;-2,975421;0,886795;0,869117
0,305167;51,696251;-2,953611;0,886506;0,868844
0,306167;51,823610;-2,931889;0,886217;0,868572
0,307167;51,950583;-2,910257;0,885927;0,868300
0,308167;52,077169;-2,888715;0,885637;0,868028
0,309167;52,203364;-2,867264;0,885347;0,867757
0,310167;52,329166;-2,845902;0,885057;0,867486
0,311167;52,454571;-2,824632;0,884766;0,867216
0,312167;52,579577;-2,803452;0,884475;0,866945
0,313167;52,704181;-2,782364;0,884184;0,866675
0,314167;52,828381;-2,761368;0,883892;0,866406
0,315167;52,952173;-2,740463;0,883601;0,866137
0,316167;53,075555;-2,719651;0,883309;0,865868
0,317167;53,198524;-2,698931;0,883017;0,865600
0,318167;53,321077;-2,678304;0,882725;0,865332
0,319167;53,443212;-2,657770;0,882432;0,865064
0,320167;53,564925;-2,637330;0,882140;0,864797
0,321167;53,686215;-2,616982;0,881847;0,864530
0,322167;53,807079;-2,596728;0,881555;0,864264
0,323167;53,927514;-2,576569;0,881262;0,863999
0,324167;54,047517;-2,556503;0,880969;0,863733
0,325167;54,167086;-2,536532;0,880676;0,863469
0,326167;54,286218;-2,516655;0,880384;0,863205
0,327167;54,404911;-2,496872;0,880091;0,862941
0,328167;54,523162;-2,477185;0,879798;0,862678
0,329167;54,640970;-2,457593;0,879505;0,862415
0,330167;54,758330;-2,438095;0,879213;0,862153
0,331167;54,875241;-2,418694;0,878920;0,861892
0,332167;54,991700;-2,399387;0,878627;0,861631
0,333167;55,107705;-2,380177;0,878335;0,861371
0,334167;55,223254;-2,361062;0,878042;0,861111
0,335167;55,338344;-2,342044;0,877750;0,860852
0,336167;55,452972;-2,323121;0,877458;0,860593
0,337167;55,567137;-2,304295;0,877166;0,860336
0,338167;55,680836;-2,285564;0,876874;0,860078
0,339167;55,794066;-2,266931;0,876583;0,859822
0,340167;55,906826;-2,248394;0,876291;0,859566
0,341167;56,019113;-2,229953;0,876000;0,859311
0,342167;56,130925;-2,211610;0,875709;0,859056
0,343167;56,242259;-2,193363;0,875418;0,858802
0,344167;56,353114;-2,175213;0,875128;0,858549
0,345167;56,463487;-2,157161;0,874838;0,858297
0,346167;56,573376;-2,139205;0,874548;0,858045
0,347167;56,682778;-2,121346;0,874258;0,857794
0,348167;56,791692;-2,103585;0,873969;0,857544
0,349167;56,900116;-2,085921;0,873680;0,857295
0,350167;57,008046;-2,068354;0,873391;0,857046
0,351167;57,115482;-2,050885;0,873103;0,856798
0,352167;57,222422;-2,033513;0,872815;0,856551
0,353167;57,328862;-2,016239;0,872528;0,856305
0,354167;57,434801;-1,999062;0,872241;0,856059
0,355167;57,540237;-1,981982;0,871954;0,855814
0,356167;57,645168;-1,965000;0,871668;0,855570
0,357167;57,749592;-1,948116;0,871382;0,855327
0,358167;57,853507;-1,931329;0,871097;0,855085
0,359167;57,956911;-1,914640;0,870812;0,854844
0,360167;58,059802;-1,898048;0,870528;0,854603
0,361167;58,162178;-1,881554;0,870244;0,854363
0,362167;58,264037;-1,865157;0,869961;0,854125
0,363167;58,365377;-1,848858;0,869678;0,853887
0,364167;58,466197;-1,832656;0,869396;0,853650
0,365167;58,566494;-1,816552;0,869114;0,853414
0,366167;58,666267;-1,800546;0,868833;0,853178
0,367167;58,765514;-1,784636;0,868553;0,852944
0,368167;58,864233;-1,768825;0,868273;0,852711
0,369167;58,962422;-1,753110;0,867993;0,852478
0,370167;59,060080;-1,737493;0,867715;0,852247
0,371167;59,157204;-1,721973;0,867437;0,852016
0,372167;59,253793;-1,706551;0,867160;0,851787
0,373167;59,349846;-1,691225;0,866883;0,851558
0,374167;59,445360;-1,675997;0,866607;0,851330
0,375167;59,540333;-1,660866;0,866332;0,851104
0,376167;59,634765;-1,645831;0,866057;0,850878
0,377167;59,728654;-1,630894;0,865784;0,850653
0,378167;59,821997;-1,616053;0,865510;0,850430
0,379167;59,914793;-1,601309;0,865238;0,850207
0,380167;60,007041;-1,586662;0,864967;0,849986
0,381167;60,098738;-1,572112;0,864696;0,849765
0,382167;60,189885;-1,557658;0,864426;0,849545
0,383167;60,280477;-1,543300;0,864157;0,849327
0,384167;60,370516;-1,529039;0,863888;0,849109
0,385167;60,459997;-1,514874;0,863621;0,848893
0,386167;60,548922;-1,500805;0,863354;0,848678
0,387167;60,637286;-1,486832;0,863088;0,848464
0,388167;60,725090;-1,472955;0,862823;0,848250
0,389167;60,812332;-1,459173;0,862559;0,848038
0,390167;60,899010;-1,445488;0,862296;0,847827
0,391167;60,985123;-1,431898;0,862034;0,847617
0,392167;61,070669;-1,418403;0,861772;0,847409
0,393167;61,155647;-1,405004;0,861512;0,847201
0,394167;61,240056;-1,391700;0,861252;0,846995
0,395167;61,323894;-1,378491;0,860994;0,846789
0,396167;61,407160;-1,365377;0,860736;0,846585
0,397167;61,489852;-1,352358;0,860479;0,846382
0,398167;61,571969;-1,339434;0,860224;0,846180
0,399167;61,653511;-1,326604;0,859969;0,845979
0,400167;61,734475;-1,313869;0,859715;0,845780
0,401167;61,814860;-1,301227;0,859462;0,845581
0,402167;61,894665;-1,288680;0,859211;0,845384
0,403167;61,973889;-1,276227;0,858960;0,845188
0,404167;62,052531;-1,263868;0,858711;0,844993
0,405167;62,130588;-1,251603;0,858462;0,844799
0,406167;62,208061;-1,239431;0,858215;0,844607
0,407167;62,284948;-1,227352;0,857968;0,844415
0,408167;62,361247;-1,215367;0,857723;0,844225
0,409167;62,436958;-1,203475;0,857479;0,844036
0,410167;62,512079;-1,191676;0,857236;0,843849
0,411167;62,586609;-1,179969;0,856994;0,843662
0,412167;62,660548;-1,168355;0,856753;0,843477
0,413167;62,733893;-1,156834;0,856513;0,843293
0,414167;62,806644;-1,145405;0,856275;0,843111
0,415167;62,878800;-1,134068;0,856038;0,842929
0,416167;62,950360;-1,122823;0,855801;0,842749
0,417167;63,021323;-1,111670;0,855566;0,842570
0,418167;63,091687;-1,100608;0,855333;0,842393
0,419167;63,161452;-1,089638;0,855100;0,842216
0,420167;63,230616;-1,078759;0,854869;0,842041
0,421167;63,299179;-1,067971;0,854639;0,841868
0,422167;63,367139;-1,057274;0,854410;0,841695
0,423167;63,434497;-1,046668;0,854182;0,841524
0,424167;63,501249;-1,036153;0,853956;0,841354
0,425167;63,567397;-1,025728;0,853731;0,841185
0,426167;63,632939;-1,015393;0,853507;0,841018
0,427167;63,697873;-1,005148;0,853284;0,840852
0,428167;63,762199;-0,994993;0,853063;0,840688
0,429167;63,825917;-0,984928;0,852843;0,840524
0,430167;63,889025;-0,974952;0,852624;0,840362
0,431167;63,951522;-0,965066;0,852407;0,840202
0,432167;64,013408;-0,955269;0,852191;0,840043
0,433167;64,074681;-0,945561;0,851976;0,839885
0,434167;64,135342;-0,935942;0,851763;0,839728
0,435167;64,195388;-0,926411;0,851551;0,839573
0,436167;64,254820;-0,916969;0,851340;0,839419
0,437167;64,313636;-0,907615;0,851131;0,839267
0,438167;64,371836;-0,898349;0,850923;0,839115
0,439167;64,429419;-0,889171;0,850716;0,838966
0,440167;64,486384;-0,880080;0,850511;0,838817
0,441167;64,542731;-0,871077;0,850307;0,838670
0,442167;64,598459;-0,862162;0,850105;0,838525
0,443167;64,653566;-0,853334;0,849904;0,838381
0,444167;64,708054;-0,844592;0,849705;0,838238
0,445167;64,761919;-0,835938;0,849507;0,838096
0,446167;64,815163;-0,827370;0,849310;0,837956
0,447167;64,867785;-0,818888;0,849115;0,837818
0,448167;64,919783;-0,810493;0,848921;0,837681
0,449167;64,971157;-0,802184;0,848729;0,837545
0,450167;65,021907;-0,793961;0,848538;0,837410
0,451167;65,072032;-0,785823;0,848349;0,837277
0,452167;65,121531;-0,777771;0,848161;0,837146
0,453167;65,170404;-0,769805;0,847975;0,837016
0,454167;65,218651;-0,761923;0,847790;0,836887
0,455167;65,266270;-0,754127;0,847607;0,836760
0,456167;65,313261;-0,746415;0,847425;0,836634
0,457167;65,359623;-0,738788;0,847245;0,836510
0,458167;65,405357;-0,731245;0,847066;0,836387
0,459167;65,450462;-0,723787;0,846889;0,836265
0,460167;65,494936;-0,716413;0,846713;0,836145
0,461167;65,538780;-0,709122;0,846539;0,836027
0,462167;65,581994;-0,701916;0,846367;0,835910
0,463167;65,624575;-0,694793;0,846196;0,835794
0,464167;65,666526;-0,687753;0,846026;0,835680
0,465167;65,707844;-0,680797;0,845859;0,835567
0,466167;65,748529;-0,673924;0,845692;0,835456
0,467167;65,788582;-0,667133;0,845528;0,835346
0,468167;65,828001;-0,660426;0,845365;0,835238
0,469167;65,866786;-0,653801;0,845203;0,835131
0,470167;65,904938;-0,647258;0,845043;0,835026
0,471167;65,942454;-0,640797;0,844885;0,834922
0,472167;65,979336;-0,634419;0,844729;0,834820
0,473167;66,015583;-0,628123;0,844574;0,834719
0,474167;66,051194;-0,621908;0,844420;0,834620
0,475167;66,086169;-0,615775;0,844269;0,834522
0,476167;66,120508;-0,609723;0,844118;0,834426
0,477167;66,154211;-0,603752;0,843970;0,834331
0,478167;66,187277;-0,597863;0,843823;0,834237
0,479167;66,219706;-0,592054;0,843678;0,834146
0,480167;66,251498;-0,586327;0,843535;0,834055
0,481167;66,282652;-0,580680;0,843393;0,833967
0,482167;66,313169;-0,575113;0,843253;0,833879
0,483167;66,343048;-0,569627;0,843114;0,833793
0,484167;66,372288;-0,564221;0,842978;0,833709
0,485167;66,400891;-0,558895;0,842843;0,833627
0,486167;66,428854;-0,553649;0,842709;0,833545
0,487167;66,456179;-0,548483;0,842578;0,833466
0,488167;66,482865;-0,543396;0,842448;0,833387
0,489167;66,508912;-0,538389;0,842319;0,833311
0,490167;66,534320;-0,533461;0,842193;0,833236
0,491167;66,559089;-0,528613;0,842068;0,833162
0,492167;66,583218;-0,523843;0,841945;0,833090
0,493167;66,606707;-0,519152;0,841824;0,833020
0,494167;66,629557;-0,514540;0,841704;0,832951
0,495167;66,651767;-0,510007;0,841586;0,832883
0,496167;66,673337;-0,505553;0,841470;0,832817
0,497167;66,694267;-0,501176;0,841355;0,832753
0,498167;66,714557;-0,496878;0,841243;0,832690
0,499167;66,734207;-0,492659;0,841132;0,832629
0,500167;66,753218;-0,488517;0,841023;0,832569
0,501167;66,771588;-0,484453;0,840915;0,832511
0,502167;66,789317;-0,480467;0,840809;0,832455
0,503167;66,806407;-0,476559;0,840706;0,832400
0,504167;66,822857;-0,472728;0,840603;0,832346
0,505167;66,838666;-0,468975;0,840503;0,832294
0,506167;66,853835;-0,465299;0,840405;0,832244
0,507167;66,868365;-0,461701;0,840308;0,832195
0,508167;66,882254;-0,458179;0,840213;0,832148
0,509167;66,895503;-0,454735;0,840120;0,832102
0,510167;66,908113;-0,451367;0,840028;0,832058
0,511167;66,920082;-0,448077;0,839938;0,832016
0,512167;66,931412;-0,444863;0,839851;0,831975
0,513167;66,942102;-0,441726;0,839765;0,831935
0,514167;66,952153;-0,438665;0,839680;0,831898
0,515167;66,961564;-0,435681;0,839598;0,831861
0,516167;66,970336;-0,432774;0,839517;0,831827
0,517167;66,978469;-0,429942;0,839438;0,831793
0,518167;66,985963;-0,427187;0,839361;0,831762
0,519167;66,992817;-0,424508;0,839286;0,831732
0,520167;66,999034;-0,421905;0,839213;0,831704
0,521167;67,004611;-0,419378;0,839141;0,831677
0,522167;67,009550;-0,416927;0,839072;0,831651
0,523167;67,013852;-0,414552;0,839004;0,831628
0,524167;67,017515;-0,412252;0,838938;0,831606
0,525167;67,020540;-0,410029;0,838873;0,831585
0,526167;67,022928;-0,407881;0,838811;0,831566
0,527167;67,024679;-0,405808;0,838750;0,831549
0,528167;67,025793;-0,403811;0,838692;0,831533
0,529167;67,026270;-0,401890;0,838635;0,831519
0,530167;67,026110;-0,400043;0,838580;0,831506
0,531167;67,025314;-0,398273;0,838527;0,831495
0,532167;67,023883;-0,396577;0,838475;0,831486
0,533167;67,021815;-0,394957;0,838426;0,831478
0,534167;67,019113;-0,393412;0,838378;0,831472
0,535167;67,015775;-0,391942;0,838332;0,831467
0,536167;67,011803;-0,390547;0,838288;0,831464
0,537167;67,007196;-0,389227;0,838246;0,831462
0,538167;67,001956;-0,387982;0,838206;0,831462
0,539167;66,996081;-0,386813;0,838168;0,831464
0,540167;66,989574;-0,385718;0,838131;0,831467
0,541167;66,982433;-0,384698;0,838096;0,831472
0,542167;66,974660;-0,383753;0,838064;0,831478
0,543167;66,966255;-0,382883;0,838033;0,831486
0,544167;66,957218;-0,382088;0,838004;0,831496
0,545167;66,947550;-0,381368;0,837976;0,831507
0,546167;66,937251;-0,380722;0,837951;0,831520
0,547167;66,926321;-0,380151;0,837928;0,831534
0,548167;66,914762;-0,379655;0,837906;0,831550
0,549167;66,902573;-0,379234;0,837886;0,831567
0,550167;66,889754;-0,378888;0,837868;0,831586
0,551167;66,876308;-0,378616;0,837852;0,831607
0,552167;66,862233;-0,378419;0,837838;0,831629
0,553167;66,847530;-0,378297;0,837826;0,831653
0,554167;66,832200;-0,378249;0,837816;0,831678
0,555167;66,816244;-0,378277;0,837807;0,831705
0,556167;66,799661;-0,378379;0,837800;0,831734
0,557167;66,782453;-0,378555;0,837796;0,831764
0,558167;66,764620;-0,378807;0,837793;0,831795
0,559167;66,746162;-0,379133;0,837792;0,831829
0,560167;66,727080;-0,379534;0,837793;0,831864
0,561167;66,707375;-0,380010;0,837795;0,831900
0,562167;66,687047;-0,380561;0,837800;0,831938
0,563167;66,666097;-0,381187;0,837806;0,831977
0,564167;66,644526;-0,381887;0,837815;0,832019
0,565167;66,622333;-0,382663;0,837825;0,832061
0,566167;66,599520;-0,383513;0,837837;0,832106
0,567167;66,576087;-0,384438;0,837851;0,832151
0,568167;66,552035;-0,385438;0,837867;0,832199
0,569167;66,527365;-0,386514;0,837885;0,832248
0,570167;66,502076;-0,387664;0,837904;0,832298
0,571167;66,476171;-0,388889;0,837926;0,832351
0,572167;66,449649;-0,390190;0,837949;0,832404
0,573167;66,422511;-0,391566;0,837974;0,832459
0,574167;66,394759;-0,393016;0,838001;0,832516
0,575167;66,366392;-0,394543;0,838030;0,832575
0,576167;66,337411;-0,396144;0,838061;0,832635
0,577167;66,307817;-0,397821;0,838094;0,832696
0,578167;66,277611;-0,399573;0,838128;0,832759
0,579167;66,246793;-0,401401;0,838165;0,832824
0,580167;66,215365;-0,403304;0,838203;0,832890
0,581167;66,183327;-0,405283;0,838243;0,832958
0,582167;66,150680;-0,407338;0,838285;0,833027
0,583167;66,117424;-0,409468;0,838329;0,833098
0,584167;66,083561;-0,411674;0,838375;0,833170
0,585167;66,049091;-0,413956;0,838423;0,833244
0,586167;66,014014;-0,416314;0,838472;0,833319
0,587167;65,978333;-0,418747;0,838524;0,833396
0,588167;65,942047;-0,421257;0,838577;0,833475
0,589167;65,905158;-0,423843;0,838632;0,833555
0,590167;65,867666;-0,426506;0,838689;0,833637
0,591167;65,829573;-0,429244;0,838748;0,833720
0,592167;65,790878;-0,432059;0,838808;0,833804
0,593167;65,751584;-0,434950;0,838871;0,833891
0,594167;65,711690;-0,437918;0,838935;0,833978
0,595167;65,671198;-0,440963;0,839001;0,834068
0,596167;65,630109;-0,444084;0,839069;0,834158
0,597167;65,588424;-0,447282;0,839139;0,834251
0,598167;65,546143;-0,450557;0,839211;0,834345
0,599167;65,503267;-0,453909;0,839284;0,834440
0,600167;65,459798;-0,457338;0,839360;0,834537
0,601167;65,415736;-0,460844;0,839437;0,834635
0,602167;65,371083;-0,464428;0,839516;0,834735
0,603167;65,325839;-0,468089;0,839597;0,834836
0,604167;65,280005;-0,471827;0,839680;0,834939
0,605167;65,233582;-0,475643;0,839764;0,835044
0,606167;65,186572;-0,479537;0,839851;0,835150
0,607167;65,138976;-0,483508;0,839939;0,835257
0,608167;65,090793;-0,487557;0,840029;0,835366
0,609167;65,042026;-0,491685;0,840121;0,835476
0,610167;64,992676;-0,495890;0,840215;0,835588
0,611167;64,942743;-0,500174;0,840310;0,835702
0,612167;64,892229;-0,504536;0,840407;0,835816
0,613167;64,841135;-0,508977;0,840506;0,835933
0,614167;64,789461;-0,513496;0,840607;0,836050
0,615167;64,737209;-0,518094;0,840710;0,836170
0,616167;64,684380;-0,522770;0,840815;0,836290
0,617167;64,630976;-0,527526;0,840921;0,836413
0,618167;64,576997;-0,532360;0,841029;0,836536
0,619167;64,522444;-0,537274;0,841139;0,836661
0,620167;64,467318;-0,542267;0,841251;0,836788
0,621167;64,411622;-0,547340;0,841364;0,836916
0,622167;64,355355;-0,552492;0,841479;0,837045
0,623167;64,298520;-0,557724;0,841596;0,837176
0,624167;64,241117;-0,563035;0,841715;0,837309
0,625167;64,183147;-0,568427;0,841836;0,837442
0,626167;64,124612;-0,573898;0,841958;0,837578
0,627167;64,065513;-0,579450;0,842082;0,837714
0,628167;64,005851;-0,585082;0,842208;0,837852
0,629167;63,945628;-0,590795;0,842336;0,837992
0,630167;63,884845;-0,596588;0,842465;0,838133
0,631167;63,823502;-0,602462;0,842596;0,838275
0,632167;63,761602;-0,608416;0,842729;0,838419
0,633167;63,699145;-0,614452;0,842864;0,838564
0,634167;63,636133;-0,620569;0,843000;0,838711
0,635167;63,572567;-0,626767;0,843138;0,838859
0,636167;63,508449;-0,633046;0,843278;0,839008
0,637167;63,443780;-0,639407;0,843420;0,839159
0,638167;63,378561;-0,645849;0,843563;0,839311
0,639167;63,312793;-0,652374;0,843708;0,839464
0,640167;63,246479;-0,658980;0,843855;0,839619
0,641167;63,179618;-0,665668;0,844003;0,839775
0,642167;63,112213;-0,672439;0,844153;0,839933
0,643167;63,044266;-0,679292;0,844305;0,840092
0,644167;62,975777;-0,686227;0,844459;0,840252
0,645167;62,906747;-0,693245;0,844614;0,840414
0,646167;62,837180;-0,700346;0,844771;0,840577
0,647167;62,767075;-0,707529;0,844930;0,840741
0,648167;62,696434;-0,714796;0,845090;0,840907
0,649167;62,625259;-0,722146;0,845252;0,841074
0,650167;62,553551;-0,729579;0,845416;0,841243
0,651167;62,481311;-0,737095;0,845581;0,841412
0,652167;62,408542;-0,744695;0,845748;0,841583
0,653167;62,335245;-0,752379;0,845917;0,841756
0,654167;62,261421;-0,760147;0,846087;0,841929
0,655167;62,187072;-0,767999;0,846259;0,842104
0,656167;62,112198;-0,775935;0,846432;0,842280
0,657167;62,036803;-0,783955;0,846608;0,842458
0,658167;61,960887;-0,792059;0,846785;0,842637
0,659167;61,884453;-0,800249;0,846963;0,842817
0,660167;61,807500;-0,808522;0,847143;0,842998
0,661167;61,730032;-0,816881;0,847325;0,843181
0,662167;61,652050;-0,825324;0,847508;0,843365
0,663167;61,573555;-0,833853;0,847693;0,843550
0,664167;61,494549;-0,842467;0,847880;0,843736
0,665167;61,415034;-0,851166;0,848068;0,843924
0,666167;61,335012;-0,859951;0,848258;0,844113
0,667167;61,254483;-0,868821;0,848449;0,844303
0,668167;61,173450;-0,877777;0,848642;0,844494
0,669167;61,091915;-0,886819;0,848836;0,844687
0,670167;61,009878;-0,895947;0,849032;0,844881
0,671167;60,927342;-0,905161;0,849230;0,845076
0,672167;60,844309;-0,914461;0,849429;0,845272
0,673167;60,760781;-0,923848;0,849630;0,845469
0,674167;60,676758;-0,933321;0,849832;0,845668
0,675167;60,592243;-0,942880;0,850036;0,845868
0,676167;60,507238;-0,952527;0,850241;0,846069
0,677167;60,421744;-0,962260;0,850448;0,846271
0,678167;60,335763;-0,972081;0,850656;0,846474
0,679167;60,249297;-0,981988;0,850866;0,846679
0,680167;60,162348;-0,991982;0,851077;0,846884
0,681167;60,074918;-1,002064;0,851290;0,847091
0,682167;59,987008;-1,012234;0,851505;0,847299
0,683167;59,898620;-1,022490;0,851720;0,847508
0,684167;59,809757;-1,032835;0,851938;0,847718
0,685167;59,720420;-1,043267;0,852157;0,847929
0,686167;59,630610;-1,053787;0,852377;0,848142
0,687167;59,540331;-1,064395;0,852598;0,848355
0,688167;59,449583;-1,075091;0,852822;0,848570
0,689167;59,358369;-1,085876;0,853046;0,848785
0,690167;59,266691;-1,096748;0,853272;0,849002
0,691167;59,174550;-1,107709;0,853500;0,849220
0,692167;59,081949;-1,118758;0,853729;0,849439
0,693167;58,988890;-1,129896;0,853959;0,849659
0,694167;58,895374;-1,141123;0,854191;0,849880
0,695167;58,801403;-1,152438;0,854424;0,850102
0,696167;58,706981;-1,163842;0,854658;0,850325
0,697167;58,612107;-1,175335;0,854894;0,850549
0,698167;58,516786;-1,186916;0,855132;0,850774
0,699167;58,421017;-1,198587;0,855370;0,851000
0,700167;58,324805;-1,210347;0,855610;0,851227
0,701167;58,228151;-1,222196;0,855852;0,851455
0,702167;58,131056;-1,234134;0,856094;0,851684
0,703167;58,033523;-1,246162;0,856338;0,851914
0,704167;57,935555;-1,258279;0,856584;0,852145
0,705167;57,837152;-1,270485;0,856831;0,852377
0,706167;57,738318;-1,282781;0,857079;0,852610
0,707167;57,639055;-1,295167;0,857328;0,852844
0,708167;57,539364;-1,307642;0,857579;0,853079
0,709167;57,439248;-1,320206;0,857831;0,853315
0,710167;57,338709;-1,332861;0,858084;0,853551
0,711167;57,237749;-1,345605;0,858338;0,853789
0,712167;57,136371;-1,358439;0,858594;0,854028
0,713167;57,034576;-1,371362;0,858851;0,854267
0,714167;56,932367;-1,384376;0,859110;0,854507
0,715167;56,829746;-1,397479;0,859369;0,854749
0,716167;56,726715;-1,410672;0,859630;0,854991
0,717167;56,623278;-1,423955;0,859892;0,855233
0,718167;56,519435;-1,437328;0,860155;0,855477
0,719167;56,415189;-1,450791;0,860420;0,855722
0,720167;56,310543;-1,464344;0,860685;0,855967
0,721167;56,205498;-1,477987;0,860952;0,856214
0,722167;56,100058;-1,491720;0,861220;0,856461
0,723167;55,994224;-1,505543;0,861489;0,856709
0,724167;55,887999;-1,519456;0,861760;0,856957
0,725167;55,781385;-1,533458;0,862031;0,857207
0,726167;55,674385;-1,547551;0,862304;0,857457
0,727167;55,567001;-1,561734;0,862578;0,857708
0,728167;55,459235;-1,576006;0,862853;0,857960
0,729167;55,351091;-1,590369;0,863129;0,858212
0,730167;55,242569;-1,604821;0,863406;0,858466
0,731167;55,133673;-1,619363;0,863684;0,858720
0,732167;55,024405;-1,633995;0,863964;0,858974
0,733167;54,914768;-1,648717;0,864244;0,859230
0,734167;54,804764;-1,663528;0,864526;0,859486
0,735167;54,694395;-1,678429;0,864808;0,859743
0,736167;54,583665;-1,693420;0,865092;0,860000
0,737167;54,472575;-1,708500;0,865377;0,860259
0,738167;54,361128;-1,723670;0,865662;0,860518
0,739167;54,249327;-1,738929;0,865949;0,860777
0,740167;54,137174;-1,754278;0,866237;0,861037
0,741167;54,024672;-1,769716;0,866526;0,861298
0,742167;53,911823;-1,785243;0,866816;0,861560
0,743167;53,798631;-1,800859;0,867106;0,861822
0,744167;53,685096;-1,816564;0,867398;0,862084
0,745167;53,571223;-1,832358;0,867691;0,862348
0,746167;53,457014;-1,848241;0,867985;0,862611
0,747167;53,342471;-1,864212;0,868279;0,862876
0,748167;53,227598;-1,880273;0,868575;0,863141
0,749167;53,112396;-1,896421;0,868871;0,863406
0,750167;52,996868;-1,912659;0,869169;0,863672
0,751167;52,881018;-1,928984;0,869467;0,863939
0,752167;52,764847;-1,945398;0,869766;0,864206
0,753167;52,648359;-1,961899;0,870066;0,864474
0,754167;52,531556;-1,978489;0,870367;0,864742
0,755167;52,414441;-1,995166;0,870669;0,865011
0,756167;52,297017;-2,011931;0,870972;0,865280
0,757167;52,179286;-2,028783;0,871275;0,865550
0,758167;52,061252;-2,045722;0,871580;0,865820
0,759167;51,942916;-2,062749;0,871885;0,866090
0,760167;51,824283;-2,079862;0,872191;0,866361
0,761167;51,705354;-2,097062;0,872498;0,866633
0,762167;51,586132;-2,114349;0,872806;0,866904
0,763167;51,466621;-2,131722;0,873114;0,867177
0,764167;51,346823;-2,149181;0,873423;0,867449
0,765167;51,226741;-2,166726;0,873733;0,867722
0,766167;51,106378;-2,184357;0,874044;0,867996
0,767167;50,985737;-2,202074;0,874355;0,868270
0,768167;50,864820;-2,219876;0,874667;0,868544
0,769167;50,743630;-2,237763;0,874980;0,868818
0,770167;50,622172;-2,255735;0,875294;0,869093
0,771167;50,500446;-2,273792;0,875608;0,869368
0,772167;50,378457;-2,291933;0,875923;0,869644
0,773167;50,256207;-2,310158;0,876239;0,869919
0,774167;50,133700;-2,328467;0,876555;0,870195
0,775167;50,010937;-2,346860;0,876872;0,870472
0,776167;49,887923;-2,365337;0,877189;0,870748
0,777167;49,764660;-2,383896;0,877508;0,871025
0,778167;49,641151;-2,402539;0,877826;0,871302
0,779167;49,517399;-2,421264;0,878146;0,871580
0,780167;49,393407;-2,440071;0,878466;0,871857
0,781167;49,269179;-2,458960;0,878786;0,872135
0,782167;49,144717;-2,477932;0,879108;0,872413
0,783167;49,020025;-2,496984;0,879429;0,872691
0,784167;48,895104;-2,516118;0,879752;0,872970
0,785167;48,769960;-2,535332;0,880074;0,873248
0,786167;48,644594;-2,554627;0,880398;0,873527
0,787167;48,519010;-2,574002;0,880721;0,873806
0,788167;48,393210;-2,593457;0,881046;0,874085
0,789167;48,267199;-2,612992;0,881371;0,874364
0,790167;48,140978;-2,632605;0,881696;0,874643
0,791167;48,014552;-2,652298;0,882022;0,874922
0,792167;47,887924;-2,672068;0,882348;0,875202
0,793167;47,761095;-2,691917;0,882675;0,875481
0,794167;47,634071;-2,711844;0,883002;0,875761
0,795167;47,506854;-2,731848;0,883329;0,876041
0,796167;47,379447;-2,751928;0,883657;0,876320
0,797167;47,251853;-2,772086;0,883986;0,876600
0,798167;47,124076;-2,792319;0,884314;0,876880
0,799167;46,996118;-2,812629;0,884643;0,877160
0,800167;46,867984;-2,833013;0,884973;0,877439
0,801167;46,739676;-2,853473;0,885303;0,877719
0,802167;46,611198;-2,874007;0,885633;0,877999
0,803167;46,482552;-2,894615;0,885963;0,878279
0,804167;46,353743;-2,915297;0,886294;0,878559
0,805167;46,224773;-2,936051;0,886625;0,878838
0,806167;46,095646;-2,956879;0,886956;0,879118
0,807167;45,966365;-2,977779;0,887288;0,879397
0,808167;45,836933;-2,998751;0,887620;0,879677
0,809167;45,707354;-3,019794;0,887952;0,879956
0,810167;45,577631;-3,040908;0,888285;0,880236
0,811167;45,447768;-3,062093;0,888617;0,880515
0,812167;45,317767;-3,083348;0,888950;0,880794
0,813167;45,187632;-3,104672;0,889283;0,881073
0,814167;45,057367;-3,126065;0,889616;0,881351
0,815167;44,926975;-3,147526;0,889950;0,881630
0,816167;44,796459;-3,169056;0,890283;0,881909
0,817167;44,665823;-3,190652;0,890617;0,882187
0,818167;44,535070;-3,212316;0,890951;0,882465
0,819167;44,404203;-3,234046;0,891285;0,882743
0,820167;44,273226;-3,255842;0,891619;0,883021
0,821167;44,142143;-3,277704;0,891954;0,883298
0,822167;44,010957;-3,299630;0,892288;0,883575
0,823167;43,879671;-3,321620;0,892622;0,883852
0,824167;43,748289;-3,343674;0,892957;0,884129
0,825167;43,616814;-3,365792;0,893292;0,884405
0,826167;43,485249;-3,387971;0,893626;0,884682
0,827167;43,353599;-3,410213;0,893961;0,884958
0,828167;43,221867;-3,432516;0,894296;0,885233
0,829167;43,090056;-3,454880;0,894630;0,885509
0,830167;42,958170;-3,477304;0,894965;0,885784
0,831167;42,826212;-3,499787;0,895300;0,886058
0,832167;42,694185;-3,522330;0,895635;0,886333
0,833167;42,562094;-3,544931;0,895969;0,886607
0,834167;42,429942;-3,567590;0,896304;0,886881
0,835167;42,297733;-3,590306;0,896639;0,887154
0,836167;42,165469;-3,613078;0,896973;0,887427
0,837167;42,033155;-3,635906;0,897308;0,887699
0,838167;41,900794;-3,658790;0,897642;0,887972
0,839167;41,768389;-3,681728;0,897976;0,888243
0,840167;41,635945;-3,704720;0,898310;0,888515
0,841167;41,503465;-3,727765;0,898644;0,888786
0,842167;41,370952;-3,750863;0,898978;0,889056
0,843167;41,238411;-3,774013;0,899312;0,889326
0,844167;41,105844;-3,797214;0,899645;0,889596
0,845167;40,973255;-3,820465;0,899979;0,889865
0,846167;40,840648;-3,843767;0,900312;0,890134
0,847167;40,708027;-3,867118;0,900645;0,890402
0,848167;40,575395;-3,890517;0,900978;0,890670
0,849167;40,442756;-3,913964;0,901311;0,890937
0,850167;40,310113;-3,937458;0,901643;0,891204
0,851167;40,177471;-3,960998;0,901975;0,891470
0,852167;40,044832;-3,984584;0,902307;0,891735
0,853167;39,912201;-4,008215;0,902638;0,892001
0,854167;39,779580;-4,031891;0,902970;0,892265
0,855167;39,646975;-4,055609;0,903301;0,892529
0,856167;39,514388;-4,079371;0,903632;0,892793
0,857167;39,381823;-4,103174;0,903962;0,893056
0,858167;39,249284;-4,127019;0,904292;0,893318
0,859167;39,116775;-4,150904;0,904622;0,893580
0,860167;38,984298;-4,174828;0,904951;0,893841
0,861167;38,851859;-4,198792;0,905280;0,894101
0,862167;38,719460;-4,222794;0,905609;0,894361
0,863167;38,587106;-4,246833;0,905938;0,894621
0,864167;38,454799;-4,270909;0,906266;0,894879
0,865167;38,322545;-4,295021;0,906593;0,895137
0,866167;38,190346;-4,319167;0,906920;0,895395
0,867167;38,058206;-4,343348;0,907247;0,895651
0,868167;37,926129;-4,367563;0,907573;0,895908
0,869167;37,794118;-4,391810;0,907899;0,896163
0,870167;37,662178;-4,416088;0,908225;0,896418
0,871167;37,530312;-4,440398;0,908550;0,896672
0,872167;37,398524;-4,464738;0,908874;0,896925
0,873167;37,266818;-4,489108;0,909198;0,897178
0,874167;37,135196;-4,513506;0,909522;0,897430
0,875167;37,003664;-4,537931;0,909845;0,897681
0,876167;36,872225;-4,562384;0,910167;0,897931
0,877167;36,740882;-4,586862;0,910489;0,898181
0,878167;36,609640;-4,611366;0,910811;0,898430
0,879167;36,478502;-4,635894;0,911131;0,898678
0,880167;36,347471;-4,660446;0,911452;0,898926
0,881167;36,216552;-4,685020;0,911772;0,899172
0,882167;36,085749;-4,709616;0,912091;0,899418
0,883167;35,955064;-4,734233;0,912409;0,899664
0,884167;35,824503;-4,758871;0,912727;0,899908
0,885167;35,694068;-4,783527;0,913045;0,900152
0,886167;35,563763;-4,808201;0,913362;0,900394
0,887167;35,433592;-4,832894;0,913678;0,900636
0,888167;35,303560;-4,857602;0,913993;0,900878
0,889167;35,173669;-4,882327;0,914308;0,901118
0,890167;35,043923;-4,907066;0,914623;0,901358
0,891167;34,914327;-4,931819;0,914936;0,901596
0,892167;34,784883;-4,956585;0,915249;0,901834
0,893167;34,655597;-4,981363;0,915561;0,902071
0,894167;34,526470;-5,006152;0,915873;0,902307
0,895167;34,397508;-5,030952;0,916184;0,902543
0,896167;34,268714;-5,055761;0,916494;0,902777
0,897167;34,140092;-5,080579;0,916803;0,903011
0,898167;34,011645;-5,105404;0,917112;0,903244
0,899167;33,883377;-5,130236;0,917420;0,903476
0,900167;33,755293;-5,155074;0,917727;0,903706
0,901167;33,627395;-5,179916;0,918034;0,903937
0,902167;33,499687;-5,204763;0,918339;0,904166
0,903167;33,372174;-5,229613;0,918644;0,904394
0,904167;33,244859;-5,254464;0,918949;0,904621
0,905167;33,117746;-5,279317;0,919252;0,904848
0,906167;32,990838;-5,304170;0,919554;0,905074
0,907167;32,864139;-5,329022;0,919856;0,905298
0,908167;32,737653;-5,353873;0,920157;0,905522
0,909167;32,611384;-5,378721;0,920457;0,905745
0,910167;32,485336;-5,403566;0,920757;0,905967
0,911167;32,359511;-5,428406;0,921055;0,906187
0,912167;32,233914;-5,453241;0,921353;0,906407
0,913167;32,108549;-5,478069;0,921650;0,906626
0,914167;31,983419;-5,502890;0,921946;0,906844
0,915167;31,858529;-5,527703;0,922241;0,907062
0,916167;31,733880;-5,552507;0,922535;0,907278
0,917167;31,609479;-5,577301;0,922828;0,907493
0,918167;31,485327;-5,602084;0,923121;0,907707
0,919167;31,361430;-5,626854;0,923412;0,907920
0,920167;31,237789;-5,651612;0,923703;0,908133
0,921167;31,114410;-5,676356;0,923993;0,908344
0,922167;30,991296;-5,701085;0,924281;0,908554
0,923167;30,868450;-5,725798;0,924569;0,908764
0,924167;30,745877;-5,750494;0,924856;0,908972
0,925167;30,623579;-5,775173;0,925142;0,909179
0,926167;30,501561;-5,799833;0,925427;0,909385
0,927167;30,379826;-5,824473;0,925711;0,909591
0,928167;30,258378;-5,849093;0,925994;0,909795
0,929167;30,137220;-5,873691;0,926277;0,909998
0,930167;30,016357;-5,898266;0,926558;0,910201
0,931167;29,895791;-5,922818;0,926838;0,910402
0,932167;29,775527;-5,947346;0,927117;0,910602
0,933167;29,655567;-5,971848;0,927396;0,910801
0,934167;29,535916;-5,996324;0,927673;0,911000
0,935167;29,416577;-6,020772;0,927949;0,911197
0,936167;29,297554;-6,045193;0,928224;0,911393
0,937167;29,178850;-6,069584;0,928499;0,911588
0,938167;29,060469;-6,093944;0,928772;0,911782
0,939167;28,942414;-6,118274;0,929044;0,911975
0,940167;28,824690;-6,142572;0,929315;0,912167
0,941167;28,707299;-6,166836;0,929585;0,912358
0,942167;28,590245;-6,191067;0,929855;0,912548
0,943167;28,473532;-6,215262;0,930123;0,912737
0,944167;28,357162;-6,239421;0,930390;0,912925
0,945167;28,241141;-6,263544;0,930656;0,913112
0,946167;28,125470;-6,287629;0,930921;0,913298
0,947167;28,010155;-6,311675;0,931184;0,913482
0,948167;27,895197;-6,335681;0,931447;0,913666
0,949167;27,780601;-6,359646;0,931709;0,913849
0,950167;27,666370;-6,383570;0,931969;0,914030
0,951167;27,552508;-6,407451;0,932229;0,914211
0,952167;27,439018;-6,431289;0,932487;0,914390
0,953167;27,325902;-6,455082;0,932745;0,914569
0,954167;27,213166;-6,478829;0,933001;0,914746
0,955167;27,100812;-6,502531;0,933256;0,914922
0,956167;26,988844;-6,526185;0,933510;0,915098
0,957167;26,877265;-6,549790;0,933763;0,915272
0,958167;26,766078;-6,573347;0,934015;0,915445
0,959167;26,655287;-6,596853;0,934266;0,915617
0,960167;26,544895;-6,620308;0,934515;0,915788
0,961167;26,434905;-6,643711;0,934764;0,915958
0,962167;26,325322;-6,667061;0,935011;0,916127
0,963167;26,216147;-6,690358;0,935257;0,916294
0,964167;26,107385;-6,713599;0,935502;0,916461
0,965167;25,999038;-6,736785;0,935746;0,916627
0,966167;25,891111;-6,759914;0,935989;0,916791
0,967167;25,783606;-6,782985;0,936231;0,916955
0,968167;25,676526;-6,805998;0,936471;0,917117
0,969167;25,569875;-6,828952;0,936710;0,917279
0,970167;25,463656;-6,851845;0,936949;0,917439
0,971167;25,357872;-6,874677;0,937186;0,917599
0,972167;25,252527;-6,897447;0,937422;0,917757
0,973167;25,147623;-6,920154;0,937656;0,917914
0,974167;25,043164;-6,942797;0,937890;0,918070
0,975167;24,939153;-6,965375;0,938122;0,918225
0,976167;24,835593;-6,987887;0,938354;0,918379
0,977167;24,732487;-7,010333;0,938584;0,918532
0,978167;24,629839;-7,032711;0,938812;0,918684
0,979167;24,527651;-7,055020;0,939040;0,918835
0,980167;24,425926;-7,077261;0,939267;0,918984
0,981167;24,324668;-7,099431;0,939492;0,919133
0,982167;24,223879;-7,121530;0,939716;0,919281
0,983167;24,123564;-7,143557;0,939939;0,919427
0,984167;24,023724;-7,165512;0,940161;0,919573
0,985167;23,924362;-7,187392;0,940382;0,919717
0,986167;23,825482;-7,209199;0,940601;0,919861
0,987167;23,727087;-7,230929;0,940820;0,920003
0,988167;23,629180;-7,252584;0,941037;0,920144
0,989167;23,531763;-7,274161;0,941253;0,920285
0,990167;23,434839;-7,295661;0,941467;0,920424
0,991167;23,338412;-7,317082;0,941681;0,920562
0,992167;23,242484;-7,338423;0,941893;0,920699
0,993167;23,147059;-7,359683;0,942104;0,920835
0,994167;23,052138;-7,380862;0,942314;0,920970
0,995167;22,957725;-7,401960;0,942523;0,921104
0,996167;22,863823;-7,422974;0,942731;0,921237
0,997167;22,770434;-7,443904;0,942937;0,921369
0,998167;22,677562;-7,464750;0,943142;0,921500
0,999167;22,585208;-7,485510;0,943346;0,921630
1,000167;22,493377;-7,506185;0,943549;0,921759
1,001167;22,402070;-7,526772;0,943751;0,921887
1,002167;22,311290;-7,547271;0,943951;0,922014
1,003167;22,221040;-7,567682;0,944150;0,922139
1,004167;22,131322;-7,588003;0,944348;0,922264
1,005167;22,042140;-7,608234;0,944545;0,922388
1,006167;21,953496;-7,628375;0,944741;0,922511
1,007167;21,865392;-7,648423;0,944935;0,922632
1,008167;21,777831;-7,668379;0,945128;0,922753
1,009167;21,690816;-7,688242;0,945321;0,922873
1,010167;21,604350;-7,708010;0,945511;0,922991
1,011167;21,518434;-7,727684;0,945701;0,923109
1,012167;21,433071;-7,747262;0,945889;0,923226
1,013167;21,348264;-7,766744;0,946077;0,923341
1,014167;21,264016;-7,786129;0,946263;0,923456
1,015167;21,180328;-7,805416;0,946448;0,923570
1,016167;21,097203;-7,824605;0,946631;0,923682
1,017167;21,014644;-7,843694;0,946814;0,923794
1,018167;20,932653;-7,862684;0,946995;0,923905
1,019167;20,851233;-7,881573;0,947175;0,924014
1,020167;20,770385;-7,900360;0,947354;0,924123
1,021167;20,690145;-7,919043;0,947531;0,924231
1,022167;20,610449;-7,937626;0,947708;0,924337
1,023167;20,531332;-7,956105;0,947883;0,924443
1,024167;20,452798;-7,974479;0,948058;0,924548
1,025167;20,374848;-7,992749;0,948231;0,924652
1,026167;20,297484;-8,010914;0,948403;0,924755
1,027167;20,220709;-8,028972;0,948573;0,924857
1,028167;20,144525;-8,046923;0,948743;0,924958
1,029167;20,068934;-8,064767;0,948911;0,925058
1,030167;19,993938;-8,082502;0,949079;0,925157
1,031167;19,919539;-8,100129;0,949245;0,925255
1,032167;19,845740;-8,117646;0,949410;0,925352
1,033167;19,772542;-8,135053;0,949573;0,925448
1,034167;19,699948;-8,152350;0,949736;0,925544
1,035167;19,627960;-8,169535;0,949897;0,925638
1,036167;19,556578;-8,186607;0,950057;0,925731
1,037167;19,485807;-8,203568;0,950216;0,925824
1,038167;19,415647;-8,220415;0,950374;0,925915
1,039167;19,346100;-8,237148;0,950531;0,926006
1,040167;19,277169;-8,253767;0,950687;0,926096
1,041167;19,208855;-8,270270;0,950841;0,926184
1,042167;19,141160;-8,286659;0,950994;0,926272
1,043167;19,074086;-8,302930;0,951146;0,926359
1,044167;19,007635;-8,319086;0,951297;0,926445
1,045167;18,941808;-8,335123;0,951447;0,926530
1,046167;18,876608;-8,351043;0,951596;0,926614
1,047167;18,812036;-8,366845;0,951743;0,926698
1,048167;18,748093;-8,382527;0,951890;0,926780
1,049167;18,684783;-8,398090;0,952035;0,926861
1,050167;18,622105;-8,413532;0,952179;0,926942
1,051167;18,560063;-8,428854;0,952322;0,927022
1,052167;18,498656;-8,444055;0,952464;0,927100
1,053167;18,437889;-8,459134;0,952605;0,927178
1,054167;18,377760;-8,474092;0,952744;0,927255
1,055167;18,318256;-8,488930;0,952882;0,927331
1,056167;18,259412;-8,503641;0,953019;0,927407
1,057167;18,201213;-8,518228;0,953155;0,927481
1,058167;18,143659;-8,532692;0,953291;0,927554
1,059167;18,086752;-8,547030;0,953425;0,927627
1,060167;18,030495;-8,561244;0,953557;0,927699
1,061167;17,974887;-8,575332;0,953689;0,927770
1,062167;17,919931;-8,589293;0,953820;0,927840
1,063167;17,865627;-8,603128;0,953949;0,927909
1,064167;17,811978;-8,616837;0,954078;0,927977
1,065167;17,758984;-8,630418;0,954205;0,928045
1,066167;17,706648;-8,643870;0,954332;0,928111
1,067167;17,654969;-8,657195;0,954457;0,928177
1,068167;17,603949;-8,670391;0,954581;0,928242
1,069167;17,553590;-8,683458;0,954704;0,928306
1,070167;17,503893;-8,696395;0,954826;0,928369
1,071167;17,454859;-8,709202;0,954947;0,928432
1,072167;17,406488;-8,721879;0,955067;0,928494
1,073167;17,358783;-8,734425;0,955185;0,928554
1,074167;17,311744;-8,746840;0,955303;0,928614
1,075167;17,265372;-8,759124;0,955420;0,928673
1,076167;17,219668;-8,771275;0,955535;0,928732
1,077167;17,174634;-8,783294;0,955650;0,928789
1,078167;17,130270;-8,795181;0,955763;0,928846
1,079167;17,086578;-8,806935;0,955875;0,928902
1,080167;17,043557;-8,818555;0,955987;0,928957
1,081167;17,001210;-8,830042;0,956097;0,929011
1,082167;16,959536;-8,841395;0,956206;0,929065
1,083167;16,918537;-8,852613;0,956314;0,929117
1,084167;16,878214;-8,863697;0,956421;0,929169
1,085167;16,838568;-8,874646;0,956527;0,929220
1,086167;16,799598;-8,885459;0,956632;0,929270
1,087167;16,761307;-8,896137;0,956736;0,929320
1,088167;16,723694;-8,906679;0,956839;0,929369
1,089167;16,686761;-8,917085;0,956941;0,929417
1,090167;16,650508;-8,927355;0,957042;0,929464
1,091167;16,614935;-8,937488;0,957142;0,929510
1,092167;16,580044;-8,947483;0,957241;0,929556
1,093167;16,545835;-8,957342;0,957339;0,929600
1,094167;16,512309;-8,967063;0,957436;0,929644
1,095167;16,479465;-8,976646;0,957532;0,929688
1,096167;16,447305;-8,986092;0,957626;0,929730
1,097167;16,415829;-8,995399;0,957720;0,929772
1,098167;16,385038;-9,004567;0,957813;0,929813
1,099167;16,354932;-9,013597;0,957905;0,929853
1,100167;16,325511;-9,022488;0,957996;0,929893
1,101167;16,296776;-9,031240;0,958085;0,929931
1,102167;16,268727;-9,039853;0,958174;0,929969
1,103167;16,241364;-9,048326;0,958262;0,930006
1,104167;16,214688;-9,056660;0,958349;0,930043
1,105167;16,188700;-9,064853;0,958435;0,930079
1,106167;16,163398;-9,072907;0,958520;0,930114
1,107167;16,138785;-9,080820;0,958603;0,930148
1,108167;16,114859;-9,088593;0,958686;0,930181
1,109167;16,091621;-9,096225;0,958768;0,930214
1,110167;16,069071;-9,103716;0,958849;0,930246
1,111167;16,047210;-9,111067;0,958929;0,930277
1,112167;16,026036;-9,118277;0,959008;0,930308
1,113167;16,005552;-9,125345;0,959086;0,930338
1,114167;15,985756;-9,132273;0,959163;0,930367
1,115167;15,966648;-9,139058;0,959239;0,930395
1,116167;15,948229;-9,145703;0,959314;0,930423
1,117167;15,930498;-9,152206;0,959389;0,930450
1,118167;15,913456;-9,158567;0,959462;0,930476
1,119167;15,897102;-9,164786;0,959534;0,930501
1,120167;15,881436;-9,170863;0,959605;0,930526
1,121167;15,866459;-9,176799;0,959676;0,930550
1,122167;15,852169;-9,182592;0,959745;0,930573
1,123167;15,838568;-9,188244;0,959814;0,930596
1,124167;15,825654;-9,193753;0,959881;0,930618
1,125167;15,813427;-9,199120;0,959948;0,930639
1,126167;15,801887;-9,204344;0,960013;0,930659
1,127167;15,791035;-9,209426;0,960078;0,930679
1,128167;15,780869;-9,214366;0,960142;0,930698
1,129167;15,771389;-9,219164;0,960205;0,930717
1,130167;15,762594;-9,223817;0,960268;0,930734
1,131167;15,754485;-9,228330;0,960328;0,930751
1,132167;15,747061;-9,232700;0,960388;0,930768
1,133167;15,740322;-9,236928;0,960448;0,930783
1,134167;15,734267;-9,241013;0,960506;0,930798
1,135167;15,728896;-9,244956;0,960563;0,930812
1,136167;15,724208;-9,248756;0,960619;0,930826
1,137167;15,720203;-9,252414;0,960675;0,930838
1,138167;15,716879;-9,255929;0,960729;0,930850
1,139167;15,714238;-9,259303;0,960783;0,930862
1,140167;15,712277;-9,262533;0,960835;0,930872
1,141167;15,710997;-9,265622;0,960887;0,930882
1,142167;15,710396;-9,268568;0,960938;0,930892
1,143167;15,710474;-9,271372;0,960988;0,930900
1,144167;15,711230;-9,274034;0,961037;0,930908
1,145167;15,712664;-9,276553;0,961085;0,930916
1,146167;15,714775;-9,278931;0,961132;0,930922
1,147167;15,717562;-9,281167;0,961178;0,930928
1,148167;15,721024;-9,283261;0,961224;0,930933
1,149167;15,725161;-9,285213;0,961268;0,930938
1,150167;15,729971;-9,287023;0,961311;0,930942
1,151167;15,735453;-9,288692;0,961354;0,930945
1,152167;15,741608;-9,290219;0,961396;0,930947
1,153167;15,748433;-9,291605;0,961437;0,930949
1,154167;15,755928;-9,292850;0,961477;0,930950
1,155167;15,764093;-9,293954;0,961516;0,930950
1,156167;15,772925;-9,294917;0,961554;0,930950
1,157167;15,782424;-9,295738;0,961591;0,930949
1,158167;15,792589;-9,296420;0,961627;0,930948
1,159167;15,803419;-9,296960;0,961663;0,930945
1,160167;15,814913;-9,297360;0,961697;0,930942
1,161167;15,827070;-9,297620;0,961731;0,930939
1,162167;15,839888;-9,297740;0,961763;0,930934
1,163167;15,853366;-9,297720;0,961795;0,930929
1,164167;15,867504;-9,297560;0,961826;0,930924
1,165167;15,882300;-9,297261;0,961856;0,930917
1,166167;15,897752;-9,296822;0,961885;0,930910
1,167167;15,913860;-9,296244;0,961913;0,930903
1,168167;15,930623;-9,295527;0,961941;0,930894
1,169167;15,948038;-9,294671;0,961967;0,930885
1,170167;15,966105;-9,293677;0,961993;0,930875
1,171167;15,984823;-9,292544;0,962017;0,930865
1,172167;16,004190;-9,291273;0,962041;0,930854
1,173167;16,024204;-9,289864;0,962064;0,930842
1,174167;16,044864;-9,288318;0,962086;0,930830
1,175167;16,066170;-9,286634;0,962107;0,930817
1,176167;16,088119;-9,284812;0,962127;0,930803
1,177167;16,110710;-9,282854;0,962147;0,930788
1,178167;16,133941;-9,280759;0,962165;0,930773
1,179167;16,157811;-9,278528;0,962182;0,930757
1,180167;16,182319;-9,276160;0,962199;0,930741
1,181167;16,207462;-9,273657;0,962215;0,930724
1,182167;16,233240;-9,271017;0,962230;0,930706
1,183167;16,259651;-9,268243;0,962243;0,930687
1,184167;16,286693;-9,265333;0,962256;0,930668
1,185167;16,314364;-9,262288;0,962269;0,930648
1,186167;16,342663;-9,259109;0,962280;0,930628
1,187167;16,371589;-9,255796;0,962290;0,930606
1,188167;16,401139;-9,252348;0,962300;0,930584
1,189167;16,431312;-9,248767;0,962308;0,930562
1,190167;16,462105;-9,245053;0,962316;0,930539
1,191167;16,493518;-9,241206;0,962322;0,930515
1,192167;16,525549;-9,237226;0,962328;0,930490
1,193167;16,558195;-9,233113;0,962333;0,930465
1,194167;16,591456;-9,228869;0,962337;0,930439
1,195167;16,625328;-9,224492;0,962340;0,930412
1,196167;16,659811;-9,219985;0,962342;0,930385
1,197167;16,694902;-9,215346;0,962344;0,930357
1,198167;16,730600;-9,210577;0,962344;0,930328
1,199167;16,766902;-9,205678;0,962344;0,930298
1,200167;16,803807;-9,200648;0,962342;0,930268
1,201167;16,841313;-9,195489;0,962340;0,930238
1,202167;16,879418;-9,190201;0,962337;0,930206
1,203167;16,918119;-9,184784;0,962333;0,930174
1,204167;16,957415;-9,179238;0,962328;0,930141
1,205167;16,997304;-9,173564;0,962322;0,930108
1,206167;17,037784;-9,167763;0,962315;0,930073
1,207167;17,078852;-9,161834;0,962307;0,930038
1,208167;17,120507;-9,155779;0,962298;0,930003
1,209167;17,162747;-9,149597;0,962289;0,929967
1,210167;17,205569;-9,143288;0,962278;0,929930
1,211167;17,248971;-9,136855;0,962267;0,929892
1,212167;17,292952;-9,130295;0,962254;0,929854
1,213167;17,337508;-9,123611;0,962241;0,929815
1,214167;17,382639;-9,116803;0,962227;0,929775
1,215167;17,428341;-9,109870;0,962212;0,929734
1,216167;17,474612;-9,102814;0,962196;0,929693
1,217167;17,521451;-9,095635;0,962179;0,929651
1,218167;17,568855;-9,088333;0,962161;0,929609
1,219167;17,616821;-9,080909;0,962142;0,929566
1,220167;17,665348;-9,073363;0,962122;0,929522
1,221167;17,714433;-9,065695;0,962102;0,929477
1,222167;17,764074;-9,057907;0,962080;0,929432
1,223167;17,814268;-9,049998;0,962057;0,929386
1,224167;17,865014;-9,041970;0,962034;0,929339
1,225167;17,916308;-9,033821;0,962010;0,929292
1,226167;17,968149;-9,025554;0,961984;0,929244
1,227167;18,020534;-9,017168;0,961958;0,929195
1,228167;18,073460;-9,008664;0,961931;0,929145
1,229167;18,126926;-9,000043;0,961902;0,929095
1,230167;18,180929;-8,991304;0,961873;0,929044
1,231167;18,235466;-8,982449;0,961843;0,928992
1,232167;18,290535;-8,973477;0,961812;0,928940
1,233167;18,346133;-8,964390;0,961780;0,928887
1,234167;18,402259;-8,955188;0,961747;0,928833
1,235167;18,458908;-8,945871;0,961714;0,928779
1,236167;18,516080;-8,936440;0,961679;0,928724
1,237167;18,573771;-8,926896;0,961643;0,928668
1,238167;18,631979;-8,917238;0,961606;0,928611
1,239167;18,690701;-8,907468;0,961569;0,928554
1,240167;18,749935;-8,897586;0,961530;0,928496
1,241167;18,809679;-8,887592;0,961491;0,928437
1,242167;18,869928;-8,877487;0,961450;0,928378
1,243167;18,930682;-8,867272;0,961409;0,928317
1,244167;18,991936;-8,856947;0,961366;0,928256
1,245167;19,053690;-8,846513;0,961323;0,928195
1,246167;19,115939;-8,835969;0,961278;0,928133
1,247167;19,178682;-8,825318;0,961233;0,928070
1,248167;19,241916;-8,814559;0,961187;0,928006
1,249167;19,305637;-8,803692;0,961139;0,927941
1,250167;19,369843;-8,792719;0,961091;0,927876
1,251167;19,434533;-8,781640;0,961042;0,927810
1,252167;19,499702;-8,770456;0,960992;0,927744
1,253167;19,565367;-8,759168;0,960940;0,927676
1,254167;19,631488;-8,747774;0,960887;0,927608
1,255167;19,698080;-8,736277;0,960834;0,927539
1,256167;19,765141;-8,724676;0,960780;0,927470
1,257167;19,832667;-8,712973;0,960725;0,927399
1,258167;19,900658;-8,701168;0,960669;0,927328
1,259167;19,969108;-8,689261;0,960612;0,927257
1,260167;20,038016;-8,677254;0,960554;0,927184
1,261167;20,107379;-8,665146;0,960495;0,927111
1,262167;20,177193;-8,652938;0,960435;0,927037
1,263167;20,247457;-8,640632;0,960374;0,926963
1,264167;20,318167;-8,628227;0,960312;0,926887
1,265167;20,389320;-8,615724;0,960249;0,926811
1,266167;20,460914;-8,603124;0,960185;0,926734
1,267167;20,532945;-8,590427;0,960120;0,926657
1,268167;20,605411;-8,577634;0,960054;0,926579
1,269167;20,678309;-8,564746;0,959987;0,926500
1,270167;20,751635;-8,551763;0,959919;0,926420
1,271167;20,825388;-8,538686;0,959850;0,926339
1,272167;20,899563;-8,525515;0,959780;0,926258
1,273167;20,974158;-8,512251;0,959709;0,926176
1,274167;21,049171;-8,498895;0,959637;0,926094
1,275167;21,124597;-8,485447;0,959564;0,926010
1,276167;21,200435;-8,471909;0,959490;0,925926
1,277167;21,276680;-8,458279;0,959415;0,925842
1,278167;21,353331;-8,444560;0,959339;0,925756
1,279167;21,430384;-8,430752;0,959262;0,925670
1,280167;21,507836;-8,416855;0,959184;0,925583
1,281167;21,585684;-8,402871;0,959105;0,925495
1,282167;21,663925;-8,388799;0,959025;0,925407
1,283167;21,742556;-8,374641;0,958944;0,925317
1,284167;21,821574;-8,360396;0,958862;0,925228
1,285167;21,900976;-8,346067;0,958779;0,925137
1,286167;21,980759;-8,331653;0,958695;0,925045
1,287167;22,060920;-8,317154;0,958610;0,924953
1,288167;22,141455;-8,302573;0,958524;0,924861
1,289167;22,222362;-8,287909;0,958437;0,924767
1,290167;22,303638;-8,273163;0,958349;0,924673
1,291167;22,385279;-8,258335;0,958260;0,924578
1,292167;22,467283;-8,243427;0,958170;0,924482
1,293167;22,549646;-8,228439;0,958079;0,924385
1,294167;22,632365;-8,213371;0,957987;0,924288
1,295167;22,715437;-8,198225;0,957894;0,924190
1,296167;22,798859;-8,183001;0,957800;0,924092
1,297167;22,882628;-8,167700;0,957705;0,923992
1,298167;22,966740;-8,152321;0,957609;0,923892
1,299167;23,051193;-8,136867;0,957512;0,923791
1,300167;23,135984;-8,121338;0,957414;0,923690
1,301167;23,221108;-8,105734;0,957315;0,923588
1,302167;23,306564;-8,090056;0,957215;0,923485
1,303167;23,392347;-8,074305;0,957114;0,923381
1,304167;23,478456;-8,058481;0,957012;0,923276
1,305167;23,564885;-8,042586;0,956909;0,923171
1,306167;23,651634;-8,026619;0,956805;0,923065
1,307167;23,738697;-8,010581;0,956700;0,922959
1,308167;23,826072;-7,994474;0,956593;0,922851
1,309167;23,913757;-7,978298;0,956486;0,922743
1,310167;24,001746;-7,962053;0,956378;0,922635
1,311167;24,090039;-7,945741;0,956269;0,922525
1,312167;24,178630;-7,929361;0,956159;0,922415
1,313167;24,267517;-7,912916;0,956048;0,922304
1,314167;24,356697;-7,896404;0,955936;0,922193
1,315167;24,446167;-7,879828;0,955823;0,922080
1,316167;24,535923;-7,863187;0,955709;0,921967
1,317167;24,625962;-7,846483;0,955594;0,921854
1,318167;24,716281;-7,829715;0,955477;0,921739
1,319167;24,806877;-7,812886;0,955360;0,921624
1,320167;24,897746;-7,795995;0,955242;0,921508
1,321167;24,988885;-7,779044;0,955123;0,921392
1,322167;25,080291;-7,762032;0,955003;0,921275
1,323167;25,171961;-7,744961;0,954882;0,921157
1,324167;25,263891;-7,727831;0,954760;0,921038
1,325167;25,356078;-7,710644;0,954637;0,920919
1,326167;25,448520;-7,693399;0,954513;0,920799
1,327167;25,541212;-7,676098;0,954388;0,920678
1,328167;25,634151;-7,658740;0,954262;0,920557
1,329167;25,727335;-7,641328;0,954135;0,920435
1,330167;25,820759;-7,623861;0,954008;0,920312
1,331167;25,914421;-7,606341;0,953879;0,920188
1,332167;26,008318;-7,588768;0,953749;0,920064
1,333167;26,102446;-7,571142;0,953618;0,919939
1,334167;26,196801;-7,553465;0,953486;0,919814
1,335167;26,291381;-7,535736;0,953354;0,919688
1,336167;26,386182;-7,517958;0,953220;0,919561
1,337167;26,481202;-7,500130;0,953085;0,919434
1,338167;26,576436;-7,482254;0,952950;0,919305
1,339167;26,671881;-7,464329;0,952813;0,919177
1,340167;26,767535;-7,446357;0,952676;0,919047
1,341167;26,863394;-7,428339;0,952537;0,918917
1,342167;26,959454;-7,410274;0,952398;0,918786
1,343167;27,055713;-7,392165;0,952258;0,918655
1,344167;27,152166;-7,374011;0,952116;0,918522
1,345167;27,248812;-7,355813;0,951974;0,918390
1,346167;27,345646;-7,337572;0,951831;0,918256
1,347167;27,442665;-7,319289;0,951687;0,918122
1,348167;27,539867;-7,300964;0,951542;0,917988
1,349167;27,637247;-7,282599;0,951396;0,917852
1,350167;27,734802;-7,264193;0,951249;0,917716
1,351167;27,832530;-7,245747;0,951101;0,917580
1,352167;27,930426;-7,227263;0,950953;0,917442
1,353167;28,028488;-7,208741;0,950803;0,917304
1,354167;28,126713;-7,190181;0,950653;0,917166
1,355167;28,225096;-7,171585;0,950501;0,917027
1,356167;28,323635;-7,152952;0,950349;0,916887
1,357167;28,422327;-7,134285;0,950196;0,916747
1,358167;28,521168;-7,115583;0,950042;0,916606
1,359167;28,620154;-7,096847;0,949887;0,916464
1,360167;28,719284;-7,078078;0,949731;0,916322
1,361167;28,818553;-7,059276;0,949574;0,916179
1,362167;28,917958;-7,040443;0,949417;0,916035
1,363167;29,017495;-7,021579;0,949258;0,915891
1,364167;29,117163;-7,002684;0,949099;0,915747
1,365167;29,216957;-6,983760;0,948938;0,915602
1,366167;29,316874;-6,964807;0,948777;0,915456
1,367167;29,416910;-6,945826;0,948615;0,915309
1,368167;29,517064;-6,926817;0,948453;0,915163
1,369167;29,617330;-6,907781;0,948289;0,915015
1,370167;29,717707;-6,888720;0,948125;0,914867
1,371167;29,818190;-6,869633;0,947959;0,914718
1,372167;29,918777;-6,850521;0,947793;0,914569
1,373167;30,019465;-6,831385;0,947626;0,914419
1,374167;30,120249;-6,812226;0,947458;0,914269
1,375167;30,221127;-6,793044;0,947290;0,914118
1,376167;30,322096;-6,773840;0,947120;0,913966
1,377167;30,423152;-6,754615;0,946950;0,913814
1,378167;30,524293;-6,735370;0,946779;0,913662
1,379167;30,625514;-6,716105;0,946607;0,913509
1,380167;30,726813;-6,696820;0,946434;0,913355
1,381167;30,828186;-6,677517;0,946261;0,913201
1,382167;30,929631;-6,658196;0,946087;0,913046
1,383167;31,031144;-6,638858;0,945912;0,912891
1,384167;31,132721;-6,619504;0,945736;0,912735
1,385167;31,234360;-6,600134;0,945560;0,912579
1,386167;31,336058;-6,580749;0,945382;0,912422
1,387167;31,437811;-6,561349;0,945204;0,912265
1,388167;31,539615;-6,541936;0,945025;0,912108
1,389167;31,641469;-6,522510;0,944846;0,911949
1,390167;31,743368;-6,503071;0,944666;0,911791
1,391167;31,845310;-6,483621;0,944485;0,911631
1,392167;31,947291;-6,464159;0,944303;0,911472
1,393167;32,049308;-6,444688;0,944120;0,911312
1,394167;32,151358;-6,425206;0,943937;0,911151
1,395167;32,253438;-6,405716;0,943753;0,910990
1,396167;32,355545;-6,386217;0,943569;0,910828
1,397167;32,457674;-6,366711;0,943384;0,910666
1,398167;32,559825;-6,347197;0,943198;0,910504
1,399167;32,661992;-6,327677;0,943011;0,910341
1,400167;32,764174;-6,308152;0,942824;0,910178
1,401167;32,866366;-6,288621;0,942636;0,910014
1,402167;32,968566;-6,269087;0,942447;0,909850
1,403167;33,070771;-6,249548;0,942258;0,909685
1,404167;33,172977;-6,230006;0,942068;0,909520
1,405167;33,275182;-6,210462;0,941877;0,909354
1,406167;33,377382;-6,190916;0,941686;0,909189
1,407167;33,479574;-6,171369;0,941494;0,909022
1,408167;33,581755;-6,151821;0,941302;0,908856
1,409167;33,683922;-6,132274;0,941108;0,908688
1,410167;33,786072;-6,112727;0,940915;0,908521
1,411167;33,888202;-6,093182;0,940720;0,908353
1,412167;33,990309;-6,073639;0,940525;0,908185
1,413167;34,092390;-6,054098;0,940330;0,908016
1,414167;34,194441;-6,034561;0,940134;0,907847
1,415167;34,296460;-6,015028;0,939937;0,907678
1,416167;34,398443;-5,995499;0,939740;0,907508
1,417167;34,500388;-5,975976;0,939542;0,907338
1,418167;34,602291;-5,956458;0,939344;0,907168
1,419167;34,704150;-5,936947;0,939145;0,906997
1,420167;34,805961;-5,917443;0,938946;0,906826
1,421167;34,907721;-5,897946;0,938746;0,906655
1,422167;35,009428;-5,878458;0,938545;0,906483
1,423167;35,111079;-5,858979;0,938344;0,906311
1,424167;35,212669;-5,839509;0,938143;0,906139
1,425167;35,314197;-5,820049;0,937941;0,905966
1,426167;35,415660;-5,800600;0,937738;0,905793
1,427167;35,517054;-5,781163;0,937535;0,905620
1,428167;35,618376;-5,761737;0,937332;0,905446
1,429167;35,719624;-5,742324;0,937128;0,905272
1,430167;35,820795;-5,722924;0,936923;0,905098
1,431167;35,921885;-5,703538;0,936718;0,904924
1,432167;36,022892;-5,684166;0,936513;0,904749
1,433167;36,123813;-5,664809;0,936307;0,904575
1,434167;36,224644;-5,645467;0,936101;0,904399
1,435167;36,325384;-5,626142;0,935894;0,904224
1,436167;36,426028;-5,606833;0,935687;0,904048
1,437167;36,526575;-5,587541;0,935480;0,903873
1,438167;36,627021;-5,568267;0,935272;0,903697
1,439167;36,727363;-5,549011;0,935064;0,903520
1,440167;36,827599;-5,529775;0,934855;0,903344
1,441167;36,927725;-5,510558;0,934646;0,903167
1,442167;37,027739;-5,491361;0,934437;0,902990
1,443167;37,127638;-5,472184;0,934227;0,902813
1,444167;37,227420;-5,453029;0,934017;0,902636
1,445167;37,327080;-5,433895;0,933807;0,902458
1,446167;37,426617;-5,414784;0,933596;0,902281
1,447167;37,526027;-5,395695;0,933385;0,902103
1,448167;37,625308;-5,376630;0,933174;0,901925
1,449167;37,724457;-5,357589;0,932962;0,901747
1,450167;37,823472;-5,338573;0,932750;0,901569
1,451167;37,922348;-5,319581;0,932538;0,901390
1,452167;38,021085;-5,300615;0,932325;0,901212
1,453167;38,119678;-5,281675;0,932112;0,901033
1,454167;38,218126;-5,262762;0,931899;0,900854
1,455167;38,316425;-5,243875;0,931686;0,900675
1,456167;38,414572;-5,225017;0,931472;0,900496
1,457167;38,512566;-5,206187;0,931258;0,900317
1,458167;38,610402;-5,187385;0,931044;0,900138
1,459167;38,708079;-5,168613;0,930830;0,899959
1,460167;38,805594;-5,149870;0,930615;0,899779
1,461167;38,902944;-5,131157;0,930400;0,899600
1,462167;39,000127;-5,112476;0,930185;0,899420
1,463167;39,097139;-5,093825;0,929970;0,899241
1,464167;39,193979;-5,075207;0,929755;0,899061
1,465167;39,290642;-5,056621;0,929539;0,898882
1,466167;39,387128;-5,038067;0,929324;0,898702
1,467167;39,483433;-5,019547;0,929108;0,898522
1,468167;39,579554;-5,001060;0,928892;0,898342
1,469167;39,675489;-4,982608;0,928676;0,898162
1,470167;39,771236;-4,964190;0,928459;0,897983
1,471167;39,866791;-4,945808;0,928243;0,897803
1,472167;39,962153;-4,927461;0,928027;0,897623
1,473167;40,057318;-4,909151;0,927810;0,897443
1,474167;40,152284;-4,890877;0,927593;0,897263
1,475167;40,247048;-4,872640;0,927376;0,897084
1,476167;40,341609;-4,854441;0,927160;0,896904
1,477167;40,435963;-4,836280;0,926943;0,896724
1,478167;40,530107;-4,818158;0,926726;0,896544
1,479167;40,624040;-4,800074;0,926509;0,896365
1,480167;40,717759;-4,782030;0,926291;0,896185
1,481167;40,811261;-4,764025;0,926074;0,896006
1,482167;40,904544;-4,746061;0,925857;0,895826
1,483167;40,997606;-4,728138;0,925640;0,895647
1,484167;41,090443;-4,710256;0,925423;0,895468
1,485167;41,183054;-4,692416;0,925205;0,895288
1,486167;41,275436;-4,674617;0,924988;0,895109
1,487167;41,367586;-4,656862;0,924771;0,894930
1,488167;41,459503;-4,639149;0,924554;0,894751
1,489167;41,551184;-4,621479;0,924337;0,894573
1,490167;41,642625;-4,603853;0,924120;0,894394
1,491167;41,733826;-4,586272;0,923903;0,894215
1,492167;41,824784;-4,568735;0,923686;0,894037
1,493167;41,915495;-4,551243;0,923469;0,893859
1,494167;42,005959;-4,533797;0,923252;0,893681
1,495167;42,096172;-4,516397;0,923035;0,893503
1,496167;42,186133;-4,499043;0,922819;0,893325
1,497167;42,275838;-4,481735;0,922602;0,893147
1,498167;42,365286;-4,464475;0,922386;0,892970
1,499167;42,454474;-4,447262;0,922169;0,892793
1,500167;42,543400;-4,430097;0,921953;0,892616
1,501167;42,632062;-4,412980;0,921737;0,892439
1,502167;42,720457;-4,395912;0,921521;0,892262
1,503167;42,808584;-4,378893;0,921305;0,892086
1,504167;42,896439;-4,361924;0,921090;0,891910
1,505167;42,984021;-4,345004;0,920874;0,891734
1,506167;43,071328;-4,328135;0,920659;0,891558
1,507167;43,158357;-4,311316;0,920444;0,891383
1,508167;43,245106;-4,294548;0,920229;0,891208
1,509167;43,331573;-4,277831;0,920014;0,891033
1,510167;43,417756;-4,261166;0,919800;0,890858
1,511167;43,503652;-4,244553;0,919586;0,890684
1,512167;43,589260;-4,227992;0,919372;0,890510
1,513167;43,674577;-4,211484;0,919158;0,890336
1,514167;43,759601;-4,195029;0,918944;0,890162
1,515167;43,844330;-4,178628;0,918731;0,889989
1,516167;43,928762;-4,162280;0,918518;0,889816
1,517167;44,012895;-4,145987;0,918305;0,889643
1,518167;44,096726;-4,129748;0,918093;0,889471
1,519167;44,180254;-4,113563;0,917881;0,889299
1,520167;44,263477;-4,097434;0,917669;0,889127
1,521167;44,346392;-4,081361;0,917457;0,888956
1,522167;44,428998;-4,065343;0,917246;0,888785
1,523167;44,511292;-4,049381;0,917035;0,888615
1,524167;44,593273;-4,033476;0,916825;0,888444
1,525167;44,674938;-4,017627;0,916614;0,888275
1,526167;44,756286;-4,001836;0,916404;0,888105
1,527167;44,837314;-3,986102;0,916195;0,887936
1,528167;44,918021;-3,970425;0,915986;0,887767
1,529167;44,998404;-3,954807;0,915777;0,887599
1,530167;45,078462;-3,939247;0,915568;0,887431
1,531167;45,158192;-3,923746;0,915360;0,887263
1,532167;45,237593;-3,908303;0,915153;0,887096
1,533167;45,316664;-3,892920;0,914945;0,886930
1,534167;45,395401;-3,877596;0,914738;0,886763
1,535167;45,473803;-3,862332;0,914532;0,886598
1,536167;45,551869;-3,847128;0,914326;0,886432
1,537167;45,629595;-3,831985;0,914120;0,886267
1,538167;45,706982;-3,816902;0,913915;0,886103
1,539167;45,784026;-3,801880;0,913710;0,885939
1,540167;45,860726;-3,786920;0,913506;0,885775
1,541167;45,937080;-3,772020;0,913302;0,885612
1,542167;46,013086;-3,757183;0,913099;0,885450
1,543167;46,088742;-3,742408;0,912896;0,885288
1,544167;46,164048;-3,727695;0,912694;0,885126
1,545167;46,239000;-3,713044;0,912492;0,884965
1,546167;46,313597;-3,698456;0,912291;0,884805
1,547167;46,387838;-3,683932;0,912090;0,884645
1,548167;46,461721;-3,669470;0,911890;0,884485
1,549167;46,535243;-3,655073;0,911690;0,884326
1,550167;46,608404;-3,640739;0,911491;0,884168
1,551167;46,681201;-3,626469;0,911292;0,884010
1,552167;46,753633;-3,612263;0,911094;0,883852
1,553167;46,825699;-3,598122;0,910896;0,883695
1,554167;46,897396;-3,584046;0,910699;0,883539
1,555167;46,968723;-3,570035;0,910503;0,883383
1,556167;47,039679;-3,556089;0,910307;0,883228
1,557167;47,110261;-3,542209;0,910111;0,883074
1,558167;47,180468;-3,528394;0,909917;0,882920
1,559167;47,250299;-3,514645;0,909722;0,882766
1,560167;47,319752;-3,500963;0,909529;0,882614
1,561167;47,388825;-3,487346;0,909336;0,882462
1,562167;47,457517;-3,473797;0,909144;0,882310
1,563167;47,525826;-3,460314;0,908952;0,882159
1,564167;47,593751;-3,446898;0,908761;0,882009
1,565167;47,661290;-3,433550;0,908570;0,881859
1,566167;47,728442;-3,420269;0,908381;0,881710
1,567167;47,795206;-3,407056;0,908192;0,881562
1,568167;47,861579;-3,393910;0,908003;0,881414
1,569167;47,927560;-3,380833;0,907815;0,881267
1,570167;47,993148;-3,367824;0,907628;0,881120
1,571167;48,058341;-3,354883;0,907442;0,880974
1,572167;48,123139;-3,342011;0,907256;0,880829
1,573167;48,187539;-3,329208;0,907071;0,880685
1,574167;48,251540;-3,316474;0,906887;0,880541
1,575167;48,315141;-3,303809;0,906703;0,880398
1,576167;48,378340;-3,291214;0,906520;0,880256
1,577167;48,441136;-3,278688;0,906338;0,880114
1,578167;48,503528;-3,266232;0,906156;0,879973
1,579167;48,565514;-3,253846;0,905976;0,879833
1,580167;48,627093;-3,241529;0,905796;0,879693
1,581167;48,688264;-3,229284;0,905616;0,879554
1,582167;48,749025;-3,217108;0,905438;0,879416
1,583167;48,809375;-3,205004;0,905260;0,879279
1,584167;48,869313;-3,192970;0,905083;0,879142
1,585167;48,928838;-3,181007;0,904907;0,879006
1,586167;48,987947;-3,169115;0,904731;0,878871
1,587167;49,046641;-3,157295;0,904557;0,878737
1,588167;49,104917;-3,145546;0,904383;0,878603
1,589167;49,162775;-3,133868;0,904210;0,878470
1,590167;49,220213;-3,122262;0,904038;0,878338
1,591167;49,277230;-3,110729;0,903866;0,878207
1,592167;49,333826;-3,099267;0,903695;0,878076
1,593167;49,389998;-3,087877;0,903526;0,877947
1,594167;49,445745;-3,076560;0,903356;0,877818
1,595167;49,501068;-3,065315;0,903188;0,877690
1,596167;49,555963;-3,054143;0,903021;0,877562
1,597167;49,610431;-3,043044;0,902854;0,877436
1,598167;49,664470;-3,032017;0,902689;0,877310
1,599167;49,718078;-3,021064;0,902524;0,877185
1,600167;49,771256;-3,010184;0,902360;0,877061
1,601167;49,824002;-2,999377;0,902197;0,876938
1,602167;49,876314;-2,988643;0,902035;0,876815
1,603167;49,928192;-2,977983;0,901873;0,876694
1,604167;49,979635;-2,967397;0,901713;0,876573
1,605167;50,030642;-2,956884;0,901553;0,876453
1,606167;50,081211;-2,946446;0,901394;0,876334
1,607167;50,131342;-2,936081;0,901236;0,876216
1,608167;50,181034;-2,925791;0,901080;0,876098
1,609167;50,230285;-2,915575;0,900923;0,875982
1,610167;50,279096;-2,905433;0,900768;0,875866
1,611167;50,327464;-2,895366;0,900614;0,875752
1,612167;50,375389;-2,885373;0,900461;0,875638
1,613167;50,422869;-2,875455;0,900309;0,875525
1,614167;50,469905;-2,865612;0,900157;0,875413
1,615167;50,516496;-2,855844;0,900007;0,875302
1,616167;50,562639;-2,846151;0,899857;0,875191
1,617167;50,608335;-2,836533;0,899708;0,875082
1,618167;50,653582;-2,826990;0,899561;0,874973
1,619167;50,698380;-2,817523;0,899414;0,874866
1,620167;50,742728;-2,808131;0,899268;0,874759
1,621167;50,786625;-2,798815;0,899123;0,874653
1,622167;50,830070;-2,789574;0,898980;0,874549
1,623167;50,873062;-2,780409;0,898837;0,874445
1,624167;50,915601;-2,771320;0,898695;0,874342
1,625167;50,957686;-2,762306;0,898554;0,874240
1,626167;50,999316;-2,753369;0,898414;0,874139
1,627167;51,040491;-2,744508;0,898275;0,874038
1,628167;51,081209;-2,735723;0,898137;0,873939
1,629167;51,121469;-2,727014;0,898000;0,873841
1,630167;51,161272;-2,718381;0,897864;0,873744
1,631167;51,200617;-2,709825;0,897729;0,873647
1,632167;51,239502;-2,701346;0,897595;0,873552
1,633167;51,277927;-2,692943;0,897463;0,873458
1,634167;51,315892;-2,684616;0,897331;0,873364
1,635167;51,353395;-2,676367;0,897200;0,873272
1,636167;51,390436;-2,668194;0,897070;0,873180
1,637167;51,427015;-2,660098;0,896941;0,873090
1,638167;51,463131;-2,652079;0,896813;0,873000
1,639167;51,498783;-2,644136;0,896687;0,872912
1,640167;51,533971;-2,636271;0,896561;0,872824
1,641167;51,568693;-2,628484;0,896436;0,872737
1,642167;51,602951;-2,620773;0,896313;0,872652
1,643167;51,636742;-2,613139;0,896190;0,872567
1,644167;51,670066;-2,605583;0,896069;0,872484
1,645167;51,702924;-2,598105;0,895948;0,872401
1,646167;51,735314;-2,590703;0,895829;0,872320
1,647167;51,767235;-2,583379;0,895711;0,872239
1,648167;51,798688;-2,576133;0,895593;0,872160
1,649167;51,829672;-2,568965;0,895477;0,872081
1,650167;51,860186;-2,561874;0,895362;0,872004
1,651167;51,890230;-2,554861;0,895248;0,871927
1,652167;51,919804;-2,547925;0,895135;0,871852
1,653167;51,948906;-2,541068;0,895023;0,871777
1,654167;51,977538;-2,534288;0,894913;0,871704
1,655167;52,005697;-2,527586;0,894803;0,871632
1,656167;52,033384;-2,520963;0,894694;0,871561
1,657167;52,060598;-2,514417;0,894587;0,871490
1,658167;52,087340;-2,507949;0,894481;0,871421
1,659167;52,113608;-2,501560;0,894375;0,871353
1,660167;52,139402;-2,495248;0,894271;0,871286
1,661167;52,164723;-2,489015;0,894168;0,871220
1,662167;52,189569;-2,482860;0,894066;0,871155
1,663167;52,213940;-2,476784;0,893966;0,871091
1,664167;52,237836;-2,470786;0,893866;0,871028
1,665167;52,261257;-2,464866;0,893767;0,870966
1,666167;52,284202;-2,459024;0,893670;0,870906
1,667167;52,306671;-2,453261;0,893574;0,870846
1,668167;52,328665;-2,447577;0,893478;0,870787
1,669167;52,350181;-2,441971;0,893384;0,870730
1,670167;52,371222;-2,436444;0,893292;0,870673
1,671167;52,391785;-2,430995;0,893200;0,870618
1,672167;52,411871;-2,425625;0,893109;0,870564
1,673167;52,431480;-2,420333;0,893020;0,870510
1,674167;52,450612;-2,415120;0,892931;0,870458
1,675167;52,469266;-2,409986;0,892844;0,870407
1,676167;52,487442;-2,404931;0,892758;0,870357
1,677167;52,505140;-2,399954;0,892673;0,870308
1,678167;52,522360;-2,395056;0,892590;0,870261
1,679167;52,539101;-2,390237;0,892507;0,870214
1,680167;52,555365;-2,385497;0,892426;0,870168
1,681167;52,571150;-2,380836;0,892345;0,870124
1,682167;52,586456;-2,376253;0,892266;0,870080
1,683167;52,601283;-2,371750;0,892188;0,870038
1,684167;52,615632;-2,367325;0,892112;0,869997
1,685167;52,629502;-2,362980;0,892036;0,869957
1,686167;52,642894;-2,358713;0,891962;0,869918
1,687167;52,655806;-2,354526;0,891888;0,869880
1,688167;52,668239;-2,350417;0,891816;0,869843
1,689167;52,680194;-2,346388;0,891745;0,869807
1,690167;52,691669;-2,342437;0,891676;0,869772
1,691167;52,702666;-2,338566;0,891607;0,869739
1,692167;52,713183;-2,334773;0,891540;0,869707
1,693167;52,723222;-2,331060;0,891474;0,869675
1,694167;52,732782;-2,327426;0,891409;0,869645
1,695167;52,741863;-2,323871;0,891345;0,869616
1,696167;52,750465;-2,320395;0,891282;0,869588
1,697167;52,758589;-2,316999;0,891221;0,869561
1,698167;52,766234;-2,313681;0,891161;0,869535
1,699167;52,773400;-2,310443;0,891102;0,869511
1,700167;52,780088;-2,307284;0,891044;0,869487
1,701167;52,786298;-2,304204;0,890987;0,869465
1,702167;52,792030;-2,301203;0,890932;0,869444
1,703167;52,797283;-2,298282;0,890877;0,869424
1,704167;52,802059;-2,295440;0,890824;0,869404
1,705167;52,806357;-2,292677;0,890773;0,869387
1,706167;52,810178;-2,289993;0,890722;0,869370
1,707167;52,813521;-2,287388;0,890672;0,869354
1,708167;52,816387;-2,284863;0,890624;0,869340
1,709167;52,818776;-2,282417;0,890577;0,869326
1,710167;52,820689;-2,280050;0,890531;0,869314
1,711167;52,822125;-2,277762;0,890487;0,869303
1,712167;52,823085;-2,275554;0,890443;0,869292
1,713167;52,823569;-2,273425;0,890401;0,869284
1,714167;52,823577;-2,271375;0,890360;0,869276
1,715167;52,823110;-2,269404;0,890320;0,869269
1,716167;52,822167;-2,267513;0,890282;0,869263
1,717167;52,820750;-2,265701;0,890244;0,869259
1,718167;52,818858;-2,263968;0,890208;0,869256
1,719167;52,816492;-2,262314;0,890173;0,869253
1,720167;52,813652;-2,260740;0,890139;0,869252
1,721167;52,810339;-2,259244;0,890107;0,869252
1,722167;52,806552;-2,257828;0,890075;0,869253
1,723167;52,802293;-2,256492;0,890045;0,869256
1,724167;52,797561;-2,255234;0,890016;0,869259
1,725167;52,792357;-2,254056;0,889989;0,869263
1,726167;52,786682;-2,252956;0,889962;0,869269
1,727167;52,780535;-2,251936;0,889937;0,869276
1,728167;52,773917;-2,250996;0,889913;0,869284
1,729167;52,766829;-2,250134;0,889890;0,869292
1,730167;52,759271;-2,249351;0,889868;0,869303
1,731167;52,751243;-2,248648;0,889848;0,869314
1,732167;52,742747;-2,248024;0,889829;0,869326
1,733167;52,733782;-2,247479;0,889811;0,869339
1,734167;52,724348;-2,247013;0,889794;0,869354
1,735167;52,714447;-2,246626;0,889779;0,869370
1,736167;52,704080;-2,246318;0,889764;0,869386
1,737167;52,693245;-2,246089;0,889751;0,869404
1,738167;52,681945;-2,245939;0,889739;0,869423
1,739167;52,670179;-2,245869;0,889729;0,869443
1,740167;52,657948;-2,245877;0,889719;0,869464
1,741167;52,645252;-2,245964;0,889711;0,869486
1,742167;52,632093;-2,246130;0,889704;0,869510
1,743167;52,618471;-2,246375;0,889698;0,869534
1,744167;52,604386;-2,246700;0,889693;0,869560
1,745167;52,589839;-2,247102;0,889690;0,869587
1,746167;52,574831;-2,247584;0,889688;0,869614
1,747167;52,559361;-2,248145;0,889687;0,869643
1,748167;52,543432;-2,248785;0,889687;0,869673
1,749167;52,527043;-2,249503;0,889688;0,869704
1,750167;52,510196;-2,250300;0,889691;0,869736
1,751167;52,492890;-2,251176;0,889695;0,869770
1,752167;52,475127;-2,252131;0,889700;0,869804
1,753167;52,456907;-2,253164;0,889706;0,869839
1,754167;52,438230;-2,254276;0,889714;0,869876
1,755167;52,419099;-2,255467;0,889722;0,869913
1,756167;52,399513;-2,256736;0,889732;0,869952
1,757167;52,379473;-2,258084;0,889743;0,869992
1,758167;52,358979;-2,259510;0,889756;0,870033
1,759167;52,338034;-2,261015;0,889769;0,870074
1,760167;52,316636;-2,262598;0,889784;0,870117
1,761167;52,294788;-2,264260;0,889800;0,870161
1,762167;52,272490;-2,266001;0,889817;0,870206
1,763167;52,249742;-2,267819;0,889835;0,870253
1,764167;52,226546;-2,269716;0,889855;0,870300
1,765167;52,202902;-2,271692;0,889875;0,870348
1,766167;52,178812;-2,273745;0,889897;0,870397
1,767167;52,154275;-2,275877;0,889920;0,870448
1,768167;52,129294;-2,278087;0,889945;0,870499
1,769167;52,103868;-2,280375;0,889970;0,870552
1,770167;52,077998;-2,282741;0,889997;0,870605
1,771167;52,051686;-2,285186;0,890025;0,870660
1,772167;52,024933;-2,287708;0,890054;0,870716
1,773167;51,997738;-2,290308;0,890084;0,870772
1,774167;51,970104;-2,292987;0,890115;0,870830
1,775167;51,942031;-2,295743;0,890148;0,870889
1,776167;51,913520;-2,298577;0,890182;0,870949
1,777167;51,884572;-2,301489;0,890217;0,871009
1,778167;51,855188;-2,304478;0,890253;0,871071
1,779167;51,825369;-2,307545;0,890290;0,871134
1,780167;51,795116;-2,310690;0,890329;0,871198
1,781167;51,764430;-2,313912;0,890368;0,871263
1,782167;51,733311;-2,317212;0,890409;0,871329
1,783167;51,701762;-2,320590;0,890451;0,871396
1,784167;51,669782;-2,324045;0,890494;0,871464
1,785167;51,637373;-2,327577;0,890539;0,871533
1,786167;51,604536;-2,331186;0,890584;0,871603
1,787167;51,571273;-2,334873;0,890631;0,871674
1,788167;51,537583;-2,338637;0,890679;0,871746
1,789167;51,503468;-2,342478;0,890728;0,871818
1,790167;51,468930;-2,346396;0,890778;0,871892
1,791167;51,433969;-2,350391;0,890829;0,871967
1,792167;51,398586;-2,354463;0,890881;0,872043
1,793167;51,362783;-2,358612;0,890935;0,872120
1,794167;51,326561;-2,362838;0,890990;0,872198
1,795167;51,289920;-2,367140;0,891046;0,872277
1,796167;51,252862;-2,371519;0,891103;0,872357
1,797167;51,215388;-2,375975;0,891161;0,872437
1,798167;51,177500;-2,380507;0,891220;0,872519
1,799167;51,139198;-2,385116;0,891280;0,872602
1,800167;51,100483;-2,389801;0,891342;0,872685
1,801167;51,061357;-2,394562;0,891405;0,872770
1,802167;51,021822;-2,399399;0,891468;0,872855
1,803167;50,981877;-2,404313;0,891533;0,872942
1,804167;50,941525;-2,409303;0,891599;0,873029
1,805167;50,900766;-2,414368;0,891667;0,873118
1,806167;50,859603;-2,419510;0,891735;0,873207
1,807167;50,818035;-2,424727;0,891804;0,873297
1,808167;50,776065;-2,430020;0,891875;0,873388
1,809167;50,733693;-2,435389;0,891946;0,873480
1,810167;50,690922;-2,440833;0,892019;0,873573
1,811167;50,647752;-2,446353;0,892093;0,873667
1,812167;50,604184;-2,451948;0,892168;0,873762
1,813167;50,560220;-2,457619;0,892244;0,873857
1,814167;50,515861;-2,463364;0,892321;0,873954
1,815167;50,471109;-2,469185;0,892399;0,874051
1,816167;50,425965;-2,475081;0,892479;0,874149
1,817167;50,380429;-2,481051;0,892559;0,874249
1,818167;50,334505;-2,487097;0,892640;0,874349
1,819167;50,288192;-2,493217;0,892723;0,874450
1,820167;50,241493;-2,499412;0,892807;0,874551
1,821167;50,194408;-2,505681;0,892891;0,874654
1,822167;50,146940;-2,512024;0,892977;0,874758
1,823167;50,099089;-2,518442;0,893064;0,874862
1,824167;50,050857;-2,524934;0,893152;0,874967
1,825167;50,002245;-2,531500;0,893241;0,875073
1,826167;49,953255;-2,538140;0,893331;0,875180
1,827167;49,903889;-2,544854;0,893422;0,875288
1,828167;49,854147;-2,551642;0,893514;0,875397
1,829167;49,804031;-2,558503;0,893607;0,875506
1,830167;49,753543;-2,565437;0,893701;0,875616
1,831167;49,702684;-2,572445;0,893796;0,875727
1,832167;49,651456;-2,579527;0,893892;0,875839
1,833167;49,599860;-2,586681;0,893990;0,875952
1,834167;49,547897;-2,593908;0,894088;0,876065
1,835167;49,495570;-2,601208;0,894187;0,876179
1,836167;49,442880;-2,608581;0,894288;0,876294
1,837167;49,389827;-2,616027;0,894389;0,876410
1,838167;49,336415;-2,623545;0,894491;0,876527
1,839167;49,282644;-2,631135;0,894595;0,876644
1,840167;49,228516;-2,638798;0,894699;0,876762
1,841167;49,174032;-2,646532;0,894805;0,876881
1,842167;49,119195;-2,654339;0,894911;0,877001
1,843167;49,064006;-2,662217;0,895018;0,877121
1,844167;49,008465;-2,670167;0,895127;0,877242
1,845167;48,952576;-2,678188;0,895236;0,877364
1,846167;48,896340;-2,686281;0,895346;0,877487
1,847167;48,839757;-2,694445;0,895457;0,877610
1,848167;48,782831;-2,702680;0,895570;0,877734
1,849167;48,725562;-2,710985;0,895683;0,877859
1,850167;48,667952;-2,719362;0,895797;0,877985
1,851167;48,610003;-2,727809;0,895912;0,878111
1,852167;48,551717;-2,736326;0,896028;0,878238
1,853167;48,493095;-2,744914;0,896145;0,878365
1,854167;48,434139;-2,753572;0,896263;0,878494
1,855167;48,374851;-2,762300;0,896382;0,878623
1,856167;48,315232;-2,771097;0,896502;0,878752
1,857167;48,255284;-2,779964;0,896623;0,878883
1,858167;48,195009;-2,788901;0,896744;0,879014
1,859167;48,134409;-2,797906;0,896867;0,879145
1,860167;48,073485;-2,806981;0,896991;0,879278
1,861167;48,012239;-2,816125;0,897115;0,879411
1,862167;47,950673;-2,825337;0,897240;0,879544
1,863167;47,888789;-2,834618;0,897367;0,879679
1,864167;47,826588;-2,843967;0,897494;0,879813
1,865167;47,764073;-2,853384;0,897622;0,879949
1,866167;47,701245;-2,862870;0,897751;0,880085
1,867167;47,638105;-2,872423;0,897881;0,880222
1,868167;47,574657;-2,882043;0,898011;0,880359
1,869167;47,510901;-2,891731;0,898143;0,880497
1,870167;47,446839;-2,901486;0,898275;0,880636
1,871167;47,382474;-2,911308;0,898409;0,880775
1,872167;47,317807;-2,921197;0,898543;0,880915
1,873167;47,252840;-2,931153;0,898678;0,881055
1,874167;47,187574;-2,941175;0,898814;0,881196
1,875167;47,122013;-2,951263;0,898950;0,881337
1,876167;47,056157;-2,961416;0,899088;0,881479
1,877167;46,990009;-2,971636;0,899226;0,881622
1,878167;46,923570;-2,981921;0,899365;0,881765
1,879167;46,856843;-2,992272;0,899505;0,881909
1,880167;46,789829;-3,002687;0,899646;0,882053
1,881167;46,722530;-3,013167;0,899788;0,882198
1,882167;46,654948;-3,023712;0,899930;0,882343
1,883167;46,587086;-3,034322;0,900074;0,882489
1,884167;46,518945;-3,044995;0,900218;0,882635
1,885167;46,450527;-3,055733;0,900362;0,882782
1,886167;46,381834;-3,066534;0,900508;0,882929
1,887167;46,312868;-3,077398;0,900654;0,883077
1,888167;46,243631;-3,088326;0,900802;0,883225
1,889167;46,174125;-3,099317;0,900950;0,883374
1,890167;46,104352;-3,110371;0,901098;0,883523
1,891167;46,034314;-3,121487;0,901248;0,883673
1,892167;45,964014;-3,132665;0,901398;0,883823
1,893167;45,893452;-3,143905;0,901549;0,883973
1,894167;45,822632;-3,155207;0,901701;0,884124
1,895167;45,751555;-3,166570;0,901853;0,884276
1,896167;45,680223;-3,177995;0,902006;0,884428
1,897167;45,608639;-3,189480;0,902160;0,884580
1,898167;45,536804;-3,201027;0,902315;0,884733
1,899167;45,464720;-3,212633;0,902470;0,884886
1,900167;45,392390;-3,224300;0,902626;0,885039
1,901167;45,319816;-3,236027;0,902783;0,885193
1,902167;45,246999;-3,247813;0,902940;0,885348
1,903167;45,173943;-3,259659;0,903098;0,885502
1,904167;45,100648;-3,271563;0,903257;0,885658
1,905167;45,027118;-3,283527;0,903416;0,885813
1,906167;44,953354;-3,295549;0,903576;0,885969
1,907167;44,879358;-3,307629;0,903737;0,886125
1,908167;44,805133;-3,319767;0,903899;0,886282
1,909167;44,730680;-3,331962;0,904061;0,886439
1,910167;44,656003;-3,344215;0,904223;0,886596
1,911167;44,581102;-3,356525;0,904387;0,886754
1,912167;44,505981;-3,368892;0,904551;0,886911
1,913167;44,430641;-3,381315;0,904715;0,887070
1,914167;44,355084;-3,393794;0,904881;0,887228
1,915167;44,279313;-3,406329;0,905046;0,887387
1,916167;44,203331;-3,418920;0,905213;0,887546
1,917167;44,127138;-3,431565;0,905380;0,887706
1,918167;44,050738;-3,444266;0,905548;0,887866
1,919167;43,974132;-3,457021;0,905716;0,888026
1,920167;43,897323;-3,469831;0,905885;0,888186
1,921167;43,820314;-3,482694;0,906054;0,888346
1,922167;43,743105;-3,495611;0,906224;0,888507
1,923167;43,665700;-3,508581;0,906395;0,888668
1,924167;43,588101;-3,521604;0,906566;0,888830
1,925167;43,510310;-3,534679;0,906737;0,888991
1,926167;43,432330;-3,547807;0,906909;0,889153
1,927167;43,354161;-3,560987;0,907082;0,889315
1,928167;43,275808;-3,574218;0,907255;0,889477
1,929167;43,197272;-3,587501;0,907429;0,889640
1,930167;43,118556;-3,600835;0,907603;0,889803
1,931167;43,039661;-3,614219;0,907778;0,889966
1,932167;42,960590;-3,627653;0,907954;0,890129
1,933167;42,881345;-3,641137;0,908129;0,890292
1,934167;42,801930;-3,654671;0,908306;0,890455
1,935167;42,722345;-3,668254;0,908482;0,890619
1,936167;42,642594;-3,681885;0,908660;0,890783
1,937167;42,562678;-3,695565;0,908837;0,890947
1,938167;42,482600;-3,709293;0,909016;0,891111
1,939167;42,402362;-3,723069;0,909194;0,891275
1,940167;42,321968;-3,736892;0,909373;0,891440
1,941167;42,241418;-3,750762;0,909553;0,891604
1,942167;42,160715;-3,764678;0,909733;0,891769
1,943167;42,079863;-3,778641;0,909913;0,891934
1,944167;41,998862;-3,792649;0,910094;0,892099
1,945167;41,917716;-3,806703;0,910275;0,892264
1,946167;41,836427;-3,820802;0,910457;0,892429
1,947167;41,754997;-3,834946;0,910639;0,892594
1,948167;41,673429;-3,849133;0,910822;0,892760
1,949167;41,591725;-3,863365;0,911004;0,892925
1,950167;41,509887;-3,877640;0,911188;0,893090
1,951167;41,427918;-3,891959;0,911371;0,893256
1,952167;41,345821;-3,906319;0,911555;0,893422
1,953167;41,263597;-3,920723;0,911740;0,893587
1,954167;41,181249;-3,935168;0,911924;0,893753
1,955167;41,098780;-3,949654;0,912109;0,893919
1,956167;41,016191;-3,964182;0,912295;0,894085
1,957167;40,933486;-3,978750;0,912481;0,894251
1,958167;40,850667;-3,993358;0,912667;0,894417
1,959167;40,767736;-4,008007;0,912853;0,894582
1,960167;40,684696;-4,022694;0,913040;0,894748
1,961167;40,601549;-4,037421;0,913227;0,894914
1,962167;40,518297;-4,052186;0,913414;0,895080
1,963167;40,434944;-4,066990;0,913602;0,895246
1,964167;40,351491;-4,081831;0,913789;0,895412
1,965167;40,267941;-4,096709;0,913978;0,895578
1,966167;40,184296;-4,111624;0,914166;0,895744
1,967167;40,100560;-4,126576;0,914355;0,895910
1,968167;40,016733;-4,141563;0,914544;0,896076
1,969167;39,932820;-4,156586;0,914733;0,896242
1,970167;39,848822;-4,171644;0,914922;0,896407
1,971167;39,764742;-4,186737;0,915112;0,896573
1,972167;39,680582;-4,201864;0,915302;0,896739
1,973167;39,596345;-4,217025;0,915492;0,896904
1,974167;39,512034;-4,232219;0,915683;0,897070
1,975167;39,427650;-4,247446;0,915873;0,897235
1,976167;39,343196;-4,262705;0,916064;0,897401
1,977167;39,258676;-4,277996;0,916255;0,897566
1,978167;39,174090;-4,293319;0,916446;0,897731
1,979167;39,089443;-4,308673;0,916637;0,897896
1,980167;39,004736;-4,324057;0,916829;0,898061
1,981167;38,919972;-4,339472;0,917021;0,898226
1,982167;38,835153;-4,354916;0,917212;0,898391
1,983167;38,750282;-4,370389;0,917405;0,898555
1,984167;38,665362;-4,385891;0,917597;0,898720
1,985167;38,580394;-4,401422;0,917789;0,898884
1,986167;38,495383;-4,416980;0,917981;0,899048
1,987167;38,410329;-4,432565;0,918174;0,899212
1,988167;38,325235;-4,448177;0,918367;0,899376
1,989167;38,240105;-4,463815;0,918559;0,899540
1,990167;38,154941;-4,479480;0,918752;0,899704
1,991167;38,069745;-4,495169;0,918945;0,899867
1,992167;37,984519;-4,510884;0,919138;0,900030
1,993167;37,899267;-4,526623;0,919332;0,900193
1,994167;37,813990;-4,542386;0,919525;0,900356
1,995167;37,728692;-4,558172;0,919718;0,900519
1,996167;37,643375;-4,573981;0,919911;0,900682
1,997167;37,558042;-4,589813;0,920105;0,900844
1,998167;37,472694;-4,605667;0,920298;0,901006
1,999167;37,387335;-4,621542;0,920492;0,901168
2,000000;37,316192;-4,634789;0,920653;0,901303
