Standard Model;Bus 1
"Zeitpunkt in s";"Elektrische Frequenz in Hz"
0,000000;60,000000
0,001000;60,000000
0,002000;60,000000
0,003000;60,000000
0,004000;60,000000
0,005000;60,000000
0,006000;60,000000
0,007000;60,000000
0,008000;60,000000
0,009000;60,000000
0,010000;60,000000
0,011000;60,000000
0,012000;60,000000
0,013000;60,000000
0,014000;60,000000
0,015000;60,000000
0,016000;60,000000
0,017000;60,000000
0,018000;60,000000
0,019000;60,000000
0,020000;60,000000
0,021000;60,000000
0,022000;60,000000
0,023000;60,000000
0,024000;60,000000
0,025000;60,000000
0,026000;60,000000
0,027000;60,000000
0,028000;60,000000
0,029000;60,000000
0,030000;60,000000
0,031000;60,000000
0,032000;60,000000
0,033000;60,000000
0,034000;60,000000
0,035000;60,000000
0,036000;60,000000
0,037000;60,000000
0,038000;60,000000
0,039000;60,000000
0,040000;60,000000
0,041000;60,000000
0,042000;60,000000
0,043000;60,000000
0,044000;60,000000
0,045000;60,000000
0,046000;60,000000
0,047000;60,000000
0,048000;60,000000
0,049000;60,000000
0,050000;60,000000
0,051000;60,000000
0,052000;60,000000
0,053000;60,000000
0,054000;60,000000
0,055000;60,000000
0,056000;60,000000
0,057000;60,000000
0,058000;60,000000
0,059000;60,000000
0,060000;60,000000
0,061000;60,000000
0,062000;60,000000
0,063000;60,000000
0,064000;60,000000
0,065000;60,000000
0,066000;60,000000
0,067000;60,000000
0,068000;60,000000
0,069000;60,000000
0,070000;60,000000
0,071000;60,000000
0,072000;60,000000
0,073000;60,000000
0,074000;60,000000
0,075000;60,000000
0,076000;60,000000
0,077000;60,000000
0,078000;60,000000
0,079000;60,000000
0,080000;60,000000
0,081000;60,000000
0,082000;60,000000
0,083000;60,000000
0,084000;60,000000
0,085000;60,000000
0,086000;60,000000
0,087000;60,000000
0,088000;60,000000
0,089000;60,000000
0,090000;60,000000
0,091000;60,000000
0,092000;60,000000
0,093000;60,000000
0,094000;60,000000
0,095000;60,000000
0,096000;60,000000
0,097000;60,000000
0,098000;60,000000
0,099000;60,000000
0,100000;60,000000
0,101000;60,000000
0,102000;60,000000
0,103000;60,000000
0,104000;60,000000
0,105000;60,000000
0,106000;60,000000
0,107000;60,000000
0,108000;60,000000
0,109000;60,000000
0,110000;60,000000
0,111000;60,000000
0,112000;60,000000
0,113000;60,000000
0,114000;60,000000
0,115000;60,000000
0,116000;60,000000
0,117000;60,000000
0,118000;60,000000
0,119000;60,000000
0,120000;60,000000
0,121000;60,000000
0,122000;60,000000
0,123000;60,000000
0,124000;60,000000
0,125000;60,000000
0,126000;60,000000
0,127000;60,000000
0,128000;60,000000
0,129000;60,000000
0,130000;60,000000
0,131000;60,000000
0,132000;60,000000
0,133000;60,000000
0,134000;60,000000
0,135000;60,000000
0,136000;60,000000
0,137000;60,000000
0,138000;60,000000
0,139000;60,000000
0,140000;60,000000
0,141000;60,000000
0,142000;60,000000
0,143000;60,000000
0,144000;60,000000
0,145000;60,000000
0,146000;60,000000
0,147000;60,000000
0,148000;60,000000
0,149000;60,000000
0,150000;60,000000
0,151000;60,000000
0,152000;60,000000
0,153000;60,000000
0,154000;60,000000
0,155000;60,000000
0,156000;60,000000
0,157000;60,000000
0,158000;60,000000
0,159000;60,000000
0,160000;60,000000
0,161000;60,000000
0,162000;60,000000
0,163000;60,000000
0,164000;60,000000
0,165000;60,000000
0,166000;60,000000
0,167000;60,000000
0,168000;60,000000
0,169000;60,000000
0,170000;60,000000
0,171000;60,000000
0,172000;60,000000
0,173000;60,000000
0,174000;60,000000
0,175000;60,000000
0,176000;60,000000
0,177000;60,000000
0,178000;60,000000
0,179000;60,000000
0,180000;60,000000
0,181000;60,000000
0,182000;60,000000
0,183000;60,000000
0,184000;60,000000
0,185000;60,000000
0,186000;60,000000
0,187000;60,000000
0,188000;60,000000
0,189000;60,000000
0,190000;60,000000
0,191000;60,000000
0,192000;60,000000
0,193000;60,000000
0,194000;60,000000
0,195000;60,000000
0,196000;60,000000
0,197000;60,000000
0,198000;60,000000
0,199000;60,000000
0,200000;60,000000
0,201000;60,000000
0,202000;60,000000
0,203000;60,000000
0,204000;60,000000
0,205000;60,000000
0,206000;60,000000
0,207000;60,000000
0,208000;60,000000
0,209000;60,000000
0,210000;60,000000
0,211000;60,000000
0,212000;60,000000
0,213000;60,000000
0,214000;60,000000
0,215000;60,000000
0,216000;60,000000
0,217000;60,000000
0,218000;60,000000
0,219000;60,000000
0,220000;60,000000
0,221000;60,000000
0,222000;60,000000
0,223000;60,000000
0,224000;60,000000
0,225000;60,000000
0,226000;60,000000
0,227000;60,000000
0,228000;60,000000
0,229000;60,000000
0,230000;60,000000
0,231000;60,000000
0,232000;60,000000
0,233000;60,000000
0,234000;60,000000
0,235000;60,000000
0,236000;60,000000
0,237000;60,000000
0,238000;60,000000
0,239000;60,000000
0,240000;60,000000
0,241000;60,000000
0,242000;60,000000
0,243000;60,000000
0,244000;60,000000
0,245000;60,000000
0,246000;60,000000
0,247000;60,000000
0,248000;60,000000
0,249000;60,000000
0,250000;60,000000
0,251000;60,000000
0,252000;60,000000
0,253000;60,000000
0,254000;60,000000
0,255000;60,000000
0,256000;60,000000
0,257000;60,000000
0,258000;60,000000
0,259000;60,000000
0,260000;60,000000
0,261000;60,000000
0,262000;60,000000
0,263000;60,000000
0,264000;60,000000
0,265000;60,000000
0,266000;60,000000
0,267000;60,000000
0,268000;60,000000
0,269000;60,000000
0,270000;60,000000
0,271000;60,000000
0,272000;60,000000
0,273000;60,000000
0,274000;60,000000
0,275000;60,000000
0,276000;60,000000
0,277000;60,000000
0,278000;60,000000
0,279000;60,000000
0,280000;60,000000
0,281000;60,000000
0,282000;60,000000
0,283000;60,000000
0,284000;60,000000
0,285000;60,000000
0,286000;60,000000
0,287000;60,000000
0,288000;60,000000
0,289000;60,000000
0,290000;60,000000
0,291000;60,000000
0,292000;60,000000
0,293000;60,000000
0,294000;60,000000
0,295000;60,000000
0,296000;60,000000
0,297000;60,000000
0,298000;60,000000
0,299000;60,000000
0,300000;60,000000
0,301000;60,000000
0,302000;60,000000
0,303000;60,000000
0,304000;60,000000
0,305000;60,000000
0,306000;60,000000
0,307000;60,000000
0,308000;60,000000
0,309000;60,000000
0,310000;60,000000
0,311000;60,000000
0,312000;60,000000
0,313000;60,000000
0,314000;60,000000
0,315000;60,000000
0,316000;60,000000
0,317000;60,000000
0,318000;60,000000
0,319000;60,000000
0,320000;60,000000
0,321000;60,000000
0,322000;60,000000
0,323000;60,000000
0,324000;60,000000
0,325000;60,000000
0,326000;60,000000
0,327000;60,000000
0,328000;60,000000
0,329000;60,000000
0,330000;60,000000
0,331000;60,000000
0,332000;60,000000
0,333000;60,000000
0,334000;60,000000
0,335000;60,000000
0,336000;60,000000
0,337000;60,000000
0,338000;60,000000
0,339000;60,000000
0,340000;60,000000
0,341000;60,000000
0,342000;60,000000
0,343000;60,000000
0,344000;60,000000
0,345000;60,000000
0,346000;60,000000
0,347000;60,000000
0,348000;60,000000
0,349000;60,000000
0,350000;60,000000
0,351000;60,000000
0,352000;60,000000
0,353000;60,000000
0,354000;60,000000
0,355000;60,000000
0,356000;60,000000
0,357000;60,000000
0,358000;60,000000
0,359000;60,000000
0,360000;60,000000
0,361000;60,000000
0,362000;60,000000
0,363000;60,000000
0,364000;60,000000
0,365000;60,000000
0,366000;60,000000
0,367000;60,000000
0,368000;60,000000
0,369000;60,000000
0,370000;60,000000
0,371000;60,000000
0,372000;60,000000
0,373000;60,000000
0,374000;60,000000
0,375000;60,000000
0,376000;60,000000
0,377000;60,000000
0,378000;60,000000
0,379000;60,000000
0,380000;60,000000
0,381000;60,000000
0,382000;60,000000
0,383000;60,000000
0,384000;60,000000
0,385000;60,000000
0,386000;60,000000
0,387000;60,000000
0,388000;60,000000
0,389000;60,000000
0,390000;60,000000
0,391000;60,000000
0,392000;60,000000
0,393000;60,000000
0,394000;60,000000
0,395000;60,000000
0,396000;60,000000
0,397000;60,000000
0,398000;60,000000
0,399000;60,000000
0,400000;60,000000
0,401000;60,000000
0,402000;60,000000
0,403000;60,000000
0,404000;60,000000
0,405000;60,000000
0,406000;60,000000
0,407000;60,000000
0,408000;60,000000
0,409000;60,000000
0,410000;60,000000
0,411000;60,000000
0,412000;60,000000
0,413000;60,000000
0,414000;60,000000
0,415000;60,000000
0,416000;60,000000
0,417000;60,000000
0,418000;60,000000
0,419000;60,000000
0,420000;60,000000
0,421000;60,000000
0,422000;60,000000
0,423000;60,000000
0,424000;60,000000
0,425000;60,000000
0,426000;60,000000
0,427000;60,000000
0,428000;60,000000
0,429000;60,000000
0,430000;60,000000
0,431000;60,000000
0,432000;60,000000
0,433000;60,000000
0,434000;60,000000
0,435000;60,000000
0,436000;60,000000
0,437000;60,000000
0,438000;60,000000
0,439000;60,000000
0,440000;60,000000
0,441000;60,000000
0,442000;60,000000
0,443000;60,000000
0,444000;60,000000
0,445000;60,000000
0,446000;60,000000
0,447000;60,000000
0,448000;60,000000
0,449000;60,000000
0,450000;60,000000
0,451000;60,000000
0,452000;60,000000
0,453000;60,000000
0,454000;60,000000
0,455000;60,000000
0,456000;60,000000
0,457000;60,000000
0,458000;60,000000
0,459000;60,000000
0,460000;60,000000
0,461000;60,000000
0,462000;60,000000
0,463000;60,000000
0,464000;60,000000
0,465000;60,000000
0,466000;60,000000
0,467000;60,000000
0,468000;60,000000
0,469000;60,000000
0,470000;60,000000
0,471000;60,000000
0,472000;60,000000
0,473000;60,000000
0,474000;60,000000
0,475000;60,000000
0,476000;60,000000
0,477000;60,000000
0,478000;60,000000
0,479000;60,000000
0,480000;60,000000
0,481000;60,000000
0,482000;60,000000
0,483000;60,000000
0,484000;60,000000
0,485000;60,000000
0,486000;60,000000
0,487000;60,000000
0,488000;60,000000
0,489000;60,000000
0,490000;60,000000
0,491000;60,000000
0,492000;60,000000
0,493000;60,000000
0,494000;60,000000
0,495000;60,000000
0,496000;60,000000
0,497000;60,000000
0,498000;60,000000
0,499000;60,000000
0,500000;60,000000
0,501000;60,000000
0,502000;60,000000
0,503000;60,000000
0,504000;60,000000
0,505000;60,000000
0,506000;60,000000
0,507000;60,000000
0,508000;60,000000
0,509000;60,000000
0,510000;60,000000
0,511000;60,000000
0,512000;60,000000
0,513000;60,000000
0,514000;60,000000
0,515000;60,000000
0,516000;60,000000
0,517000;60,000000
0,518000;60,000000
0,519000;60,000000
0,520000;60,000000
0,521000;60,000000
0,522000;60,000000
0,523000;60,000000
0,524000;60,000000
0,525000;60,000000
0,526000;60,000000
0,527000;60,000000
0,528000;60,000000
0,529000;60,000000
0,530000;60,000000
0,531000;60,000000
0,532000;60,000000
0,533000;60,000000
0,534000;60,000000
0,535000;60,000000
0,536000;60,000000
0,537000;60,000000
0,538000;60,000000
0,539000;60,000000
0,540000;60,000000
0,541000;60,000000
0,542000;60,000000
0,543000;60,000000
0,544000;60,000000
0,545000;60,000000
0,546000;60,000000
0,547000;60,000000
0,548000;60,000000
0,549000;60,000000
0,550000;60,000000
0,551000;60,000000
0,552000;60,000000
0,553000;60,000000
0,554000;60,000000
0,555000;60,000000
0,556000;60,000000
0,557000;60,000000
0,558000;60,000000
0,559000;60,000000
0,560000;60,000000
0,561000;60,000000
0,562000;60,000000
0,563000;60,000000
0,564000;60,000000
0,565000;60,000000
0,566000;60,000000
0,567000;60,000000
0,568000;60,000000
0,569000;60,000000
0,570000;60,000000
0,571000;60,000000
0,572000;60,000000
0,573000;60,000000
0,574000;60,000000
0,575000;60,000000
0,576000;60,000000
0,577000;60,000000
0,578000;60,000000
0,579000;60,000000
0,580000;60,000000
0,581000;60,000000
0,582000;60,000000
0,583000;60,000000
0,584000;60,000000
0,585000;60,000000
0,586000;60,000000
0,587000;60,000000
0,588000;60,000000
0,589000;60,000000
0,590000;60,000000
0,591000;60,000000
0,592000;60,000000
0,593000;60,000000
0,594000;60,000000
0,595000;60,000000
0,596000;60,000000
0,597000;60,000000
0,598000;60,000000
0,599000;60,000000
0,600000;60,000000
0,601000;60,000000
0,602000;60,000000
0,603000;60,000000
0,604000;60,000000
0,605000;60,000000
0,606000;60,000000
0,607000;60,000000
0,608000;60,000000
0,609000;60,000000
0,610000;60,000000
0,611000;60,000000
0,612000;60,000000
0,613000;60,000000
0,614000;60,000000
0,615000;60,000000
0,616000;60,000000
0,617000;60,000000
0,618000;60,000000
0,619000;60,000000
0,620000;60,000000
0,621000;60,000000
0,622000;60,000000
0,623000;60,000000
0,624000;60,000000
0,625000;60,000000
0,626000;60,000000
0,627000;60,000000
0,628000;60,000000
0,629000;60,000000
0,630000;60,000000
0,631000;60,000000
0,632000;60,000000
0,633000;60,000000
0,634000;60,000000
0,635000;60,000000
0,636000;60,000000
0,637000;60,000000
0,638000;60,000000
0,639000;60,000000
0,640000;60,000000
0,641000;60,000000
0,642000;60,000000
0,643000;60,000000
0,644000;60,000000
0,645000;60,000000
0,646000;60,000000
0,647000;60,000000
0,648000;60,000000
0,649000;60,000000
0,650000;60,000000
0,651000;60,000000
0,652000;60,000000
0,653000;60,000000
0,654000;60,000000
0,655000;60,000000
0,656000;60,000000
0,657000;60,000000
0,658000;60,000000
0,659000;60,000000
0,660000;60,000000
0,661000;60,000000
0,662000;60,000000
0,663000;60,000000
0,664000;60,000000
0,665000;60,000000
0,666000;60,000000
0,667000;60,000000
0,668000;60,000000
0,669000;60,000000
0,670000;60,000000
0,671000;60,000000
0,672000;60,000000
0,673000;60,000000
0,674000;60,000000
0,675000;60,000000
0,676000;60,000000
0,677000;60,000000
0,678000;60,000000
0,679000;60,000000
0,680000;60,000000
0,681000;60,000000
0,682000;60,000000
0,683000;60,000000
0,684000;60,000000
0,685000;60,000000
0,686000;60,000000
0,687000;60,000000
0,688000;60,000000
0,689000;60,000000
0,690000;60,000000
0,691000;60,000000
0,692000;60,000000
0,693000;60,000000
0,694000;60,000000
0,695000;60,000000
0,696000;60,000000
0,697000;60,000000
0,698000;60,000000
0,699000;60,000000
0,700000;60,000000
0,701000;60,000000
0,702000;60,000000
0,703000;60,000000
0,704000;60,000000
0,705000;60,000000
0,706000;60,000000
0,707000;60,000000
0,708000;60,000000
0,709000;60,000000
0,710000;60,000000
0,711000;60,000000
0,712000;60,000000
0,713000;60,000000
0,714000;60,000000
0,715000;60,000000
0,716000;60,000000
0,717000;60,000000
0,718000;60,000000
0,719000;60,000000
0,720000;60,000000
0,721000;60,000000
0,722000;60,000000
0,723000;60,000000
0,724000;60,000000
0,725000;60,000000
0,726000;60,000000
0,727000;60,000000
0,728000;60,000000
0,729000;60,000000
0,730000;60,000000
0,731000;60,000000
0,732000;60,000000
0,733000;60,000000
0,734000;60,000000
0,735000;60,000000
0,736000;60,000000
0,737000;60,000000
0,738000;60,000000
0,739000;60,000000
0,740000;60,000000
0,741000;60,000000
0,742000;60,000000
0,743000;60,000000
0,744000;60,000000
0,745000;60,000000
0,746000;60,000000
0,747000;60,000000
0,748000;60,000000
0,749000;60,000000
0,750000;60,000000
0,751000;60,000000
0,752000;60,000000
0,753000;60,000000
0,754000;60,000000
0,755000;60,000000
0,756000;60,000000
0,757000;60,000000
0,758000;60,000000
0,759000;60,000000
0,760000;60,000000
0,761000;60,000000
0,762000;60,000000
0,763000;60,000000
0,764000;60,000000
0,765000;60,000000
0,766000;60,000000
0,767000;60,000000
0,768000;60,000000
0,769000;60,000000
0,770000;60,000000
0,771000;60,000000
0,772000;60,000000
0,773000;60,000000
0,774000;60,000000
0,775000;60,000000
0,776000;60,000000
0,777000;60,000000
0,778000;60,000000
0,779000;60,000000
0,780000;60,000000
0,781000;60,000000
0,782000;60,000000
0,783000;60,000000
0,784000;60,000000
0,785000;60,000000
0,786000;60,000000
0,787000;60,000000
0,788000;60,000000
0,789000;60,000000
0,790000;60,000000
0,791000;60,000000
0,792000;60,000000
0,793000;60,000000
0,794000;60,000000
0,795000;60,000000
0,796000;60,000000
0,797000;60,000000
0,798000;60,000000
0,799000;60,000000
0,800000;60,000000
0,801000;60,000000
0,802000;60,000000
0,803000;60,000000
0,804000;60,000000
0,805000;60,000000
0,806000;60,000000
0,807000;60,000000
0,808000;60,000000
0,809000;60,000000
0,810000;60,000000
0,811000;60,000000
0,812000;60,000000
0,813000;60,000000
0,814000;60,000000
0,815000;60,000000
0,816000;60,000000
0,817000;60,000000
0,818000;60,000000
0,819000;60,000000
0,820000;60,000000
0,821000;60,000000
0,822000;60,000000
0,823000;60,000000
0,824000;60,000000
0,825000;60,000000
0,826000;60,000000
0,827000;60,000000
0,828000;60,000000
0,829000;60,000000
0,830000;60,000000
0,831000;60,000000
0,832000;60,000000
0,833000;60,000000
0,834000;60,000000
0,835000;60,000000
0,836000;60,000000
0,837000;60,000000
0,838000;60,000000
0,839000;60,000000
0,840000;60,000000
0,841000;60,000000
0,842000;60,000000
0,843000;60,000000
0,844000;60,000000
0,845000;60,000000
0,846000;60,000000
0,847000;60,000000
0,848000;60,000000
0,849000;60,000000
0,850000;60,000000
0,851000;60,000000
0,852000;60,000000
0,853000;60,000000
0,854000;60,000000
0,855000;60,000000
0,856000;60,000000
0,857000;60,000000
0,858000;60,000000
0,859000;60,000000
0,860000;60,000000
0,861000;60,000000
0,862000;60,000000
0,863000;60,000000
0,864000;60,000000
0,865000;60,000000
0,866000;60,000000
0,867000;60,000000
0,868000;60,000000
0,869000;60,000000
0,870000;60,000000
0,871000;60,000000
0,872000;60,000000
0,873000;60,000000
0,874000;60,000000
0,875000;60,000000
0,876000;60,000000
0,877000;60,000000
0,878000;60,000000
0,879000;60,000000
0,880000;60,000000
0,881000;60,000000
0,882000;60,000000
0,883000;60,000000
0,884000;60,000000
0,885000;60,000000
0,886000;60,000000
0,887000;60,000000
0,888000;60,000000
0,889000;60,000000
0,890000;60,000000
0,891000;60,000000
0,892000;60,000000
0,893000;60,000000
0,894000;60,000000
0,895000;60,000000
0,896000;60,000000
0,897000;60,000000
0,898000;60,000000
0,899000;60,000000
0,900000;60,000000
0,901000;60,000000
0,902000;60,000000
0,903000;60,000000
0,904000;60,000000
0,905000;60,000000
0,906000;60,000000
0,907000;60,000000
0,908000;60,000000
0,909000;60,000000
0,910000;60,000000
0,911000;60,000000
0,912000;60,000000
0,913000;60,000000
0,914000;60,000000
0,915000;60,000000
0,916000;60,000000
0,917000;60,000000
0,918000;60,000000
0,919000;60,000000
0,920000;60,000000
0,921000;60,000000
0,922000;60,000000
0,923000;60,000000
0,924000;60,000000
0,925000;60,000000
0,926000;60,000000
0,927000;60,000000
0,928000;60,000000
0,929000;60,000000
0,930000;60,000000
0,931000;60,000000
0,932000;60,000000
0,933000;60,000000
0,934000;60,000000
0,935000;60,000000
0,936000;60,000000
0,937000;60,000000
0,938000;60,000000
0,939000;60,000000
0,940000;60,000000
0,941000;60,000000
0,942000;60,000000
0,943000;60,000000
0,944000;60,000000
0,945000;60,000000
0,946000;60,000000
0,947000;60,000000
0,948000;60,000000
0,949000;60,000000
0,950000;60,000000
0,951000;60,000000
0,952000;60,000000
0,953000;60,000000
0,954000;60,000000
0,955000;60,000000
0,956000;60,000000
0,957000;60,000000
0,958000;60,000000
0,959000;60,000000
0,960000;60,000000
0,961000;60,000000
0,962000;60,000000
0,963000;60,000000
0,964000;60,000000
0,965000;60,000000
0,966000;60,000000
0,967000;60,000000
0,968000;60,000000
0,969000;60,000000
0,970000;60,000000
0,971000;60,000000
0,972000;60,000000
0,973000;60,000000
0,974000;60,000000
0,975000;60,000000
0,976000;60,000000
0,977000;60,000000
0,978000;60,000000
0,979000;60,000000
0,980000;60,000000
0,981000;60,000000
0,982000;60,000000
0,983000;60,000000
0,984000;60,000000
0,985000;60,000000
0,986000;60,000000
0,987000;60,000000
0,988000;60,000000
0,989000;60,000000
0,990000;60,000000
0,991000;60,000000
0,992000;60,000000
0,993000;60,000000
0,994000;60,000000
0,995000;60,000000
0,996000;60,000000
0,997000;60,000000
0,998000;60,000000
0,999000;60,000000
1,000000;60,000000
1,000500;60,000000
1,001167;60,000000
1,002167;60,003981
1,003167;60,006043
1,004167;60,007172
1,005167;60,007823
1,006167;60,008235
1,007167;60,008528
1,008167;60,008763
1,009167;60,008970
1,010167;60,009163
1,011167;60,009351
1,012167;60,009536
1,013167;60,009720
1,014167;60,009906
1,015167;60,010092
1,016167;60,010280
1,017167;60,010469
1,018167;60,010659
1,019167;60,010851
1,020167;60,011045
1,021167;60,011240
1,022167;60,011436
1,023167;60,011634
1,024167;60,011834
1,025167;60,012035
1,026167;60,012237
1,027167;60,012441
1,028167;60,012647
1,029167;60,012854
1,030167;60,013062
1,031167;60,013273
1,032167;60,013484
1,033167;60,013697
1,034167;60,013912
1,035167;60,014128
1,036167;60,014346
1,037167;60,014565
1,038167;60,014786
1,039167;60,015008
1,040167;60,015232
1,041167;60,015457
1,042167;60,015684
1,043167;60,015912
1,044167;60,016142
1,045167;60,016373
1,046167;60,016606
1,047167;60,016840
1,048167;60,017076
1,049167;60,017313
1,050000;60,017512
1,050500;60,017772
1,051167;60,017928
1,052167;60,014155
1,053167;60,012389
1,054167;60,011606
1,055167;60,011302
1,056167;60,011239
1,057167;60,011298
1,058167;60,011419
1,059167;60,011572
1,060167;60,011742
1,061167;60,011922
1,062167;60,012108
1,063167;60,012298
1,064167;60,012491
1,065167;60,012686
1,066167;60,012885
1,067167;60,013086
1,068167;60,013289
1,069167;60,013494
1,070167;60,013702
1,071167;60,013913
1,072167;60,014125
1,073167;60,014340
1,074167;60,014558
1,075167;60,014777
1,076167;60,015000
1,077167;60,015224
1,078167;60,015452
1,079167;60,015681
1,080167;60,015913
1,081167;60,016148
1,082167;60,016385
1,083167;60,016625
1,084167;60,016867
1,085167;60,017111
1,086167;60,017359
1,087167;60,017608
1,088167;60,017861
1,089167;60,018116
1,090167;60,018373
1,091167;60,018633
1,092167;60,018896
1,093167;60,019161
1,094167;60,019429
1,095167;60,019700
1,096167;60,019973
1,097167;60,020249
1,098167;60,020527
1,099167;60,020808
1,100167;60,021092
1,101167;60,021379
1,102167;60,021668
1,103167;60,021960
1,104167;60,022255
1,105167;60,022552
1,106167;60,022853
1,107167;60,023156
1,108167;60,023461
1,109167;60,023770
1,110167;60,024081
1,111167;60,024395
1,112167;60,024712
1,113167;60,025031
1,114167;60,025354
1,115167;60,025679
1,116167;60,026007
1,117167;60,026338
1,118167;60,026672
1,119167;60,027008
1,120167;60,027347
1,121167;60,027690
1,122167;60,028035
1,123167;60,028383
1,124167;60,028733
1,125167;60,029087
1,126167;60,029443
1,127167;60,029803
1,128167;60,030165
1,129167;60,030530
1,130167;60,030898
1,131167;60,031269
1,132167;60,031643
1,133167;60,032020
1,134167;60,032399
1,135167;60,032782
1,136167;60,033168
1,137167;60,033556
1,138167;60,033947
1,139167;60,034342
1,140167;60,034739
1,141167;60,035139
1,142167;60,035542
1,143167;60,035948
1,144167;60,036357
1,145167;60,036769
1,146167;60,037184
1,147167;60,037602
1,148167;60,038023
1,149167;60,038447
1,150167;60,038873
1,151167;60,039303
1,152167;60,039736
1,153167;60,040171
1,154167;60,040610
1,155167;60,041052
1,156167;60,041496
1,157167;60,041944
1,158167;60,042394
1,159167;60,042848
1,160167;60,043304
1,161167;60,043764
1,162167;60,044226
1,163167;60,044692
1,164167;60,045160
1,165167;60,045631
1,166167;60,046106
1,167167;60,046583
1,168167;60,047063
1,169167;60,047547
1,170167;60,048033
1,171167;60,048522
1,172167;60,049015
1,173167;60,049510
1,174167;60,050008
1,175167;60,050509
1,176167;60,051014
1,177167;60,051521
1,178167;60,052031
1,179167;60,052544
1,180167;60,053060
1,181167;60,053579
1,182167;60,054101
1,183167;60,054626
1,184167;60,055154
1,185167;60,055685
1,186167;60,056219
1,187167;60,056756
1,188167;60,057296
1,189167;60,057839
1,190167;60,058385
1,191167;60,058934
1,192167;60,059486
1,193167;60,060040
1,194167;60,060598
1,195167;60,061158
1,196167;60,061722
1,197167;60,062289
1,198167;60,062858
1,199167;60,063430
1,200167;60,064006
1,201167;60,064584
1,202167;60,065165
1,203167;60,065749
1,204167;60,066337
1,205167;60,066927
1,206167;60,067519
1,207167;60,068115
1,208167;60,068714
1,209167;60,069316
1,210167;60,069920
1,211167;60,070528
1,212167;60,071138
1,213167;60,071751
1,214167;60,072368
1,215167;60,072987
1,216167;60,073609
1,217167;60,074233
1,218167;60,074861
1,219167;60,075492
1,220167;60,076125
1,221167;60,076762
1,222167;60,077401
1,223167;60,078043
1,224167;60,078688
1,225167;60,079336
1,226167;60,079986
1,227167;60,080640
1,228167;60,081296
1,229167;60,081955
1,230167;60,082617
1,231167;60,083282
1,232167;60,083949
1,233167;60,084620
1,234167;60,085293
1,235167;60,085969
1,236167;60,086648
1,237167;60,087329
1,238167;60,088014
1,239167;60,088701
1,240167;60,089391
1,241167;60,090084
1,242167;60,090779
1,243167;60,091478
1,244167;60,092179
1,245167;60,092882
1,246167;60,093589
1,247167;60,094298
1,248167;60,095010
1,249167;60,095725
1,250167;60,096442
1,251167;60,097163
1,252167;60,097885
1,253167;60,098611
1,254167;60,099339
1,255167;60,100070
1,256167;60,100804
1,257167;60,101540
1,258167;60,102280
1,259167;60,103021
1,260167;60,103766
1,261167;60,104513
1,262167;60,105262
1,263167;60,106015
1,264167;60,106770
1,265167;60,107527
1,266167;60,108288
1,267167;60,109051
1,268167;60,109816
1,269167;60,110584
1,270167;60,111355
1,271167;60,112128
1,272167;60,112904
1,273167;60,113683
1,274167;60,114464
1,275167;60,115247
1,276167;60,116034
1,277167;60,116822
1,278167;60,117614
1,279167;60,118407
1,280167;60,119204
1,281167;60,120003
1,282167;60,120804
1,283167;60,121608
1,284167;60,122415
1,285167;60,123224
1,286167;60,124035
1,287167;60,124849
1,288167;60,125665
1,289167;60,126484
1,290167;60,127306
1,291167;60,128130
1,292167;60,128956
1,293167;60,129785
1,294167;60,130616
1,295167;60,131449
1,296167;60,132285
1,297167;60,133124
1,298167;60,133965
1,299167;60,134808
1,300167;60,135654
1,301167;60,136502
1,302167;60,137352
1,303167;60,138205
1,304167;60,139060
1,305167;60,139918
1,306167;60,140778
1,307167;60,141640
1,308167;60,142504
1,309167;60,143371
1,310167;60,144240
1,311167;60,145112
1,312167;60,145986
1,313167;60,146862
1,314167;60,147740
1,315167;60,148621
1,316167;60,149504
1,317167;60,150389
1,318167;60,151277
1,319167;60,152166
1,320167;60,153058
1,321167;60,153952
1,322167;60,154849
1,323167;60,155747
1,324167;60,156648
1,325167;60,157551
1,326167;60,158457
1,327167;60,159364
1,328167;60,160274
1,329167;60,161185
1,330167;60,162099
1,331167;60,163015
1,332167;60,163934
1,333167;60,164854
1,334167;60,165777
1,335167;60,166701
1,336167;60,167628
1,337167;60,168557
1,338167;60,169488
1,339167;60,170421
1,340167;60,171356
1,341167;60,172293
1,342167;60,173232
1,343167;60,174174
1,344167;60,175117
1,345167;60,176062
1,346167;60,177010
1,347167;60,177959
1,348167;60,178911
1,349167;60,179864
1,350167;60,180819
1,351167;60,181777
1,352167;60,182736
1,353167;60,183698
1,354167;60,184661
1,355167;60,185626
1,356167;60,186594
1,357167;60,187563
1,358167;60,188534
1,359167;60,189507
1,360167;60,190482
1,361167;60,191459
1,362167;60,192437
1,363167;60,193418
1,364167;60,194401
1,365167;60,195385
1,366167;60,196371
1,367167;60,197359
1,368167;60,198349
1,369167;60,199341
1,370167;60,200334
1,371167;60,201330
1,372167;60,202327
1,373167;60,203326
1,374167;60,204327
1,375167;60,205330
1,376167;60,206334
1,377167;60,207340
1,378167;60,208348
1,379167;60,209358
1,380167;60,210369
1,381167;60,211382
1,382167;60,212397
1,383167;60,213413
1,384167;60,214432
1,385167;60,215452
1,386167;60,216473
1,387167;60,217497
1,388167;60,218522
1,389167;60,219548
1,390167;60,220577
1,391167;60,221606
1,392167;60,222638
1,393167;60,223671
1,394167;60,224706
1,395167;60,225743
1,396167;60,226781
1,397167;60,227820
1,398167;60,228861
1,399167;60,229904
1,400167;60,230949
1,401167;60,231995
1,402167;60,233042
1,403167;60,234091
1,404167;60,235142
1,405167;60,236194
1,406167;60,237247
1,407167;60,238302
1,408167;60,239359
1,409167;60,240417
1,410167;60,241477
1,411167;60,242538
1,412167;60,243600
1,413167;60,244664
1,414167;60,245730
1,415167;60,246796
1,416167;60,247865
1,417167;60,248934
1,418167;60,250005
1,419167;60,251078
1,420167;60,252152
1,421167;60,253227
1,422167;60,254304
1,423167;60,255382
1,424167;60,256461
1,425167;60,257542
1,426167;60,258624
1,427167;60,259708
1,428167;60,260792
1,429167;60,261878
1,430167;60,262966
1,431167;60,264054
1,432167;60,265144
1,433167;60,266236
1,434167;60,267328
1,435167;60,268422
1,436167;60,269517
1,437167;60,270614
1,438167;60,271711
1,439167;60,272810
1,440167;60,273910
1,441167;60,275011
1,442167;60,276114
1,443167;60,277217
1,444167;60,278322
1,445167;60,279428
1,446167;60,280535
1,447167;60,281644
1,448167;60,282753
1,449167;60,283864
1,450167;60,284976
1,451167;60,286089
1,452167;60,287203
1,453167;60,288318
1,454167;60,289435
1,455167;60,290552
1,456167;60,291670
1,457167;60,292790
1,458167;60,293911
1,459167;60,295033
1,460167;60,296155
1,461167;60,297279
1,462167;60,298404
1,463167;60,299530
1,464167;60,300657
1,465167;60,301785
1,466167;60,302914
1,467167;60,304044
1,468167;60,305175
1,469167;60,306307
1,470167;60,307440
1,471167;60,308574
1,472167;60,309709
1,473167;60,310845
1,474167;60,311982
1,475167;60,313120
1,476167;60,314258
1,477167;60,315398
1,478167;60,316539
1,479167;60,317680
1,480167;60,318823
1,481167;60,319966
1,482167;60,321110
1,483167;60,322255
1,484167;60,323401
1,485167;60,324548
1,486167;60,325695
1,487167;60,326844
1,488167;60,327993
1,489167;60,329144
1,490167;60,330295
1,491167;60,331446
1,492167;60,332599
1,493167;60,333752
1,494167;60,334907
1,495167;60,336062
1,496167;60,337217
1,497167;60,338374
1,498167;60,339531
1,499167;60,340689
1,500167;60,341848
1,501167;60,343008
1,502167;60,344168
1,503167;60,345329
1,504167;60,346491
1,505167;60,347654
1,506167;60,348817
1,507167;60,349981
1,508167;60,351145
1,509167;60,352311
1,510167;60,353477
1,511167;60,354643
1,512167;60,355811
1,513167;60,356978
1,514167;60,358147
1,515167;60,359316
1,516167;60,360486
1,517167;60,361657
1,518167;60,362828
1,519167;60,364000
1,520167;60,365172
1,521167;60,366345
1,522167;60,367518
1,523167;60,368693
1,524167;60,369867
1,525167;60,371043
1,526167;60,372218
1,527167;60,373395
1,528167;60,374572
1,529167;60,375749
1,530167;60,376927
1,531167;60,378106
1,532167;60,379285
1,533167;60,380465
1,534167;60,381645
1,535167;60,382825
1,536167;60,384006
1,537167;60,385188
1,538167;60,386370
1,539167;60,387553
1,540167;60,388736
1,541167;60,389919
1,542167;60,391103
1,543167;60,392288
1,544167;60,393472
1,545167;60,394658
1,546167;60,395843
1,547167;60,397030
1,548167;60,398216
1,549167;60,399403
1,550167;60,400590
1,551167;60,401778
1,552167;60,402966
1,553167;60,404155
1,554167;60,405344
1,555167;60,406533
1,556167;60,407723
1,557167;60,408913
1,558167;60,410103
1,559167;60,411294
1,560167;60,412485
1,561167;60,413676
1,562167;60,414868
1,563167;60,416060
1,564167;60,417252
1,565167;60,418445
1,566167;60,419638
1,567167;60,420831
1,568167;60,422024
1,569167;60,423218
1,570167;60,424412
1,571167;60,425606
1,572167;60,426801
1,573167;60,427996
1,574167;60,429191
1,575167;60,430386
1,576167;60,431582
1,577167;60,432778
1,578167;60,433974
1,579167;60,435170
1,580167;60,436366
1,581167;60,437563
1,582167;60,438760
1,583167;60,439957
1,584167;60,441154
1,585167;60,442352
1,586167;60,443549
1,587167;60,444747
1,588167;60,445945
1,589167;60,447143
1,590167;60,448341
1,591167;60,449540
1,592167;60,450738
1,593167;60,451937
1,594167;60,453136
1,595167;60,454335
1,596167;60,455534
1,597167;60,456733
1,598167;60,457932
1,599167;60,459131
1,600167;60,460331
1,601167;60,461530
1,602167;60,462730
1,603167;60,463929
1,604167;60,465129
1,605167;60,466329
1,606167;60,467529
1,607167;60,468729
1,608167;60,469929
1,609167;60,471129
1,610167;60,472329
1,611167;60,473529
1,612167;60,474729
1,613167;60,475929
1,614167;60,477129
1,615167;60,478329
1,616167;60,479529
1,617167;60,480729
1,618167;60,481929
1,619167;60,483129
1,620167;60,484329
1,621167;60,485529
1,622167;60,486729
1,623167;60,487929
1,624167;60,489129
1,625167;60,490329
1,626167;60,491529
1,627167;60,492728
1,628167;60,493928
1,629167;60,495128
1,630167;60,496327
1,631167;60,497526
1,632167;60,498726
1,633167;60,499925
1,634167;60,501124
1,635167;60,502323
1,636167;60,503522
1,637167;60,504721
1,638167;60,505919
1,639167;60,507118
1,640167;60,508316
1,641167;60,509514
1,642167;60,510712
1,643167;60,511910
1,644167;60,513108
1,645167;60,514305
1,646167;60,515503
1,647167;60,516700
1,648167;60,517897
1,649167;60,519094
1,650167;60,520290
1,651167;60,521487
1,652167;60,522683
1,653167;60,523879
1,654167;60,525075
1,655167;60,526270
1,656167;60,527465
1,657167;60,528661
1,658167;60,529855
1,659167;60,531050
1,660167;60,532244
1,661167;60,533438
1,662167;60,534632
1,663167;60,535826
1,664167;60,537019
1,665167;60,538212
1,666167;60,539405
1,667167;60,540597
1,668167;60,541789
1,669167;60,542981
1,670167;60,544173
1,671167;60,545364
1,672167;60,546555
1,673167;60,547745
1,674167;60,548936
1,675167;60,550125
1,676167;60,551315
1,677167;60,552504
1,678167;60,553693
1,679167;60,554881
1,680167;60,556070
1,681167;60,557257
1,682167;60,558445
1,683167;60,559632
1,684167;60,560818
1,685167;60,562005
1,686167;60,563190
1,687167;60,564376
1,688167;60,565561
1,689167;60,566745
1,690167;60,567929
1,691167;60,569113
1,692167;60,570296
1,693167;60,571479
1,694167;60,572662
1,695167;60,573844
1,696167;60,575025
1,697167;60,576206
1,698167;60,577387
1,699167;60,578567
1,700167;60,579747
1,701167;60,580926
1,702167;60,582104
1,703167;60,583283
1,704167;60,584460
1,705167;60,585637
1,706167;60,586814
1,707167;60,587990
1,708167;60,589166
1,709167;60,590341
1,710167;60,591515
1,711167;60,592689
1,712167;60,593863
1,713167;60,595036
1,714167;60,596208
1,715167;60,597380
1,716167;60,598551
1,717167;60,599722
1,718167;60,600892
1,719167;60,602061
1,720167;60,603230
1,721167;60,604398
1,722167;60,605566
1,723167;60,606733
1,724167;60,607899
1,725167;60,609065
1,726167;60,610230
1,727167;60,611395
1,728167;60,612559
1,729167;60,613722
1,730167;60,614885
1,731167;60,616047
1,732167;60,617208
1,733167;60,618369
1,734167;60,619529
1,735167;60,620688
1,736167;60,621847
1,737167;60,623004
1,738167;60,624162
1,739167;60,625318
1,740167;60,626474
1,741167;60,627629
1,742167;60,628783
1,743167;60,629937
1,744167;60,631090
1,745167;60,632242
1,746167;60,633394
1,747167;60,634544
1,748167;60,635694
1,749167;60,636843
1,750167;60,637992
1,751167;60,639139
1,752167;60,640286
1,753167;60,641432
1,754167;60,642578
1,755167;60,643722
1,756167;60,644866
1,757167;60,646009
1,758167;60,647151
1,759167;60,648292
1,760167;60,649432
1,761167;60,650572
1,762167;60,651711
1,763167;60,652848
1,764167;60,653985
1,765167;60,655122
1,766167;60,656257
1,767167;60,657391
1,768167;60,658525
1,769167;60,659658
1,770167;60,660790
1,771167;60,661920
1,772167;60,663050
1,773167;60,664180
1,774167;60,665308
1,775167;60,666435
1,776167;60,667562
1,777167;60,668687
1,778167;60,669812
1,779167;60,670935
1,780167;60,672058
1,781167;60,673179
1,782167;60,674300
1,783167;60,675420
1,784167;60,676539
1,785167;60,677657
1,786167;60,678773
1,787167;60,679889
1,788167;60,681004
1,789167;60,682118
1,790167;60,683231
1,791167;60,684343
1,792167;60,685454
1,793167;60,686563
1,794167;60,687672
1,795167;60,688780
1,796167;60,689887
1,797167;60,690992
1,798167;60,692097
1,799167;60,693201
1,800167;60,694303
1,801167;60,695405
1,802167;60,696505
1,803167;60,697604
1,804167;60,698702
1,805167;60,699800
1,806167;60,700896
1,807167;60,701990
1,808167;60,703084
1,809167;60,704177
1,810167;60,705268
1,811167;60,706359
1,812167;60,707448
1,813167;60,708536
1,814167;60,709623
1,815167;60,710709
1,816167;60,711794
1,817167;60,712877
1,818167;60,713960
1,819167;60,715041
1,820167;60,716121
1,821167;60,717200
1,822167;60,718277
1,823167;60,719354
1,824167;60,720429
1,825167;60,721503
1,826167;60,722576
1,827167;60,723647
1,828167;60,724718
1,829167;60,725787
1,830167;60,726854
1,831167;60,727921
1,832167;60,728986
1,833167;60,730051
1,834167;60,731113
1,835167;60,732175
1,836167;60,733235
1,837167;60,734294
1,838167;60,735352
1,839167;60,736408
1,840167;60,737463
1,841167;60,738517
1,842167;60,739570
1,843167;60,740621
1,844167;60,741671
1,845167;60,742719
1,846167;60,743767
1,847167;60,744813
1,848167;60,745857
1,849167;60,746900
1,850167;60,747942
1,851167;60,748983
1,852167;60,750022
1,853167;60,751059
1,854167;60,752096
1,855167;60,753131
1,856167;60,754164
1,857167;60,755196
1,858167;60,756227
1,859167;60,757257
1,860167;60,758285
1,861167;60,759311
1,862167;60,760336
1,863167;60,761360
1,864167;60,762382
1,865167;60,763403
1,866167;60,764422
1,867167;60,765440
1,868167;60,766457
1,869167;60,767472
1,870167;60,768485
1,871167;60,769497
1,872167;60,770508
1,873167;60,771517
1,874167;60,772525
1,875167;60,773531
1,876167;60,774536
1,877167;60,775539
1,878167;60,776540
1,879167;60,777540
1,880167;60,778539
1,881167;60,779536
1,882167;60,780532
1,883167;60,781526
1,884167;60,782518
1,885167;60,783509
1,886167;60,784498
1,887167;60,785486
1,888167;60,786472
1,889167;60,787457
1,890167;60,788440
1,891167;60,789422
1,892167;60,790402
1,893167;60,791380
1,894167;60,792357
1,895167;60,793332
1,896167;60,794306
1,897167;60,795278
1,898167;60,796248
1,899167;60,797217
1,900167;60,798184
1,901167;60,799149
1,902167;60,800113
1,903167;60,801075
1,904167;60,802036
1,905167;60,802995
1,906167;60,803952
1,907167;60,804908
1,908167;60,805862
1,909167;60,806814
1,910167;60,807765
1,911167;60,808714
1,912167;60,809661
1,913167;60,810607
1,914167;60,811551
1,915167;60,812493
1,916167;60,813434
1,917167;60,814373
1,918167;60,815310
1,919167;60,816245
1,920167;60,817179
1,921167;60,818111
1,922167;60,819041
1,923167;60,819970
1,924167;60,820897
1,925167;60,821822
1,926167;60,822745
1,927167;60,823667
1,928167;60,824587
1,929167;60,825505
1,930167;60,826421
1,931167;60,827336
1,932167;60,828249
1,933167;60,829160
1,934167;60,830069
1,935167;60,830976
1,936167;60,831882
1,937167;60,832786
1,938167;60,833688
1,939167;60,834589
1,940167;60,835487
1,941167;60,836384
1,942167;60,837279
1,943167;60,838172
1,944167;60,839064
1,945167;60,839953
1,946167;60,840841
1,947167;60,841727
1,948167;60,842611
1,949167;60,843493
1,950167;60,844374
1,951167;60,845252
1,952167;60,846129
1,953167;60,847004
1,954167;60,847877
1,955167;60,848748
1,956167;60,849618
1,957167;60,850485
1,958167;60,851351
1,959167;60,852215
1,960167;60,853077
1,961167;60,853937
1,962167;60,854795
1,963167;60,855651
1,964167;60,856506
1,965167;60,857358
1,966167;60,858209
1,967167;60,859058
1,968167;60,859905
1,969167;60,860750
1,970167;60,861593
1,971167;60,862434
1,972167;60,863273
1,973167;60,864111
1,974167;60,864946
1,975167;60,865780
1,976167;60,866612
1,977167;60,867441
1,978167;60,868269
1,979167;60,869095
1,980167;60,869919
1,981167;60,870741
1,982167;60,871561
1,983167;60,872380
1,984167;60,873196
1,985167;60,874010
1,986167;60,874823
1,987167;60,875633
1,988167;60,876442
1,989167;60,877248
1,990167;60,878053
1,991167;60,878856
1,992167;60,879656
1,993167;60,880455
1,994167;60,881252
1,995167;60,882047
1,996167;60,882840
1,997167;60,883631
1,998167;60,884420
1,999167;60,885207
2,000167;60,885992
2,001167;60,886775
2,002167;60,887556
2,003167;60,888335
2,004167;60,889112
2,005167;60,889888
2,006167;60,890661
2,007167;60,891432
2,008167;60,892201
2,009167;60,892969
2,010167;60,893734
2,011167;60,894497
2,012167;60,895258
2,013167;60,896018
2,014167;60,896775
2,015167;60,897530
2,016167;60,898284
2,017167;60,899035
2,018167;60,899785
2,019167;60,900532
2,020167;60,901277
2,021167;60,902021
2,022167;60,902762
2,023167;60,903502
2,024167;60,904239
2,025167;60,904974
2,026167;60,905708
2,027167;60,906439
2,028167;60,907169
2,029167;60,907896
2,030167;60,908621
2,031167;60,909345
2,032167;60,910066
2,033167;60,910785
2,034167;60,911503
2,035167;60,912218
2,036167;60,912931
2,037167;60,913643
2,038167;60,914352
2,039167;60,915059
2,040167;60,915765
2,041167;60,916468
2,042167;60,917169
2,043167;60,917869
2,044167;60,918566
2,045167;60,919261
2,046167;60,919954
2,047167;60,920646
2,048167;60,921335
2,049167;60,922022
2,050167;60,922707
2,051167;60,923390
2,052167;60,924072
2,053167;60,924751
2,054167;60,925428
2,055167;60,926103
2,056167;60,926776
2,057167;60,927447
2,058167;60,928116
2,059167;60,928784
2,060167;60,929449
2,061167;60,930112
2,062167;60,930773
2,063167;60,931432
2,064167;60,932089
2,065167;60,932744
2,066167;60,933397
2,067167;60,934048
2,068167;60,934697
2,069167;60,935345
2,070167;60,935990
2,071167;60,936633
2,072167;60,937274
2,073167;60,937913
2,074167;60,938550
2,075167;60,939185
2,076167;60,939818
2,077167;60,940449
2,078167;60,941078
2,079167;60,941706
2,080167;60,942331
2,081167;60,942954
2,082167;60,943575
2,083167;60,944194
2,084167;60,944812
2,085167;60,945427
2,086167;60,946040
2,087167;60,946651
2,088167;60,947261
2,089167;60,947868
2,090167;60,948473
2,091167;60,949077
2,092167;60,949678
2,093167;60,950278
2,094167;60,950875
2,095167;60,951471
2,096167;60,952064
2,097167;60,952656
2,098167;60,953245
2,099167;60,953833
2,100167;60,954419
2,101167;60,955003
2,102167;60,955584
2,103167;60,956164
2,104167;60,956742
2,105167;60,957318
2,106167;60,957892
2,107167;60,958465
2,108167;60,959035
2,109167;60,959603
2,110167;60,960169
2,111167;60,960734
2,112167;60,961296
2,113167;60,961857
2,114167;60,962416
2,115167;60,962972
2,116167;60,963527
2,117167;60,964080
2,118167;60,964631
2,119167;60,965180
2,120167;60,965728
2,121167;60,966273
2,122167;60,966816
2,123167;60,967358
2,124167;60,967898
2,125167;60,968435
2,126167;60,968971
2,127167;60,969505
2,128167;60,970038
2,129167;60,970568
2,130167;60,971096
2,131167;60,971623
2,132167;60,972147
2,133167;60,972670
2,134167;60,973191
2,135167;60,973710
2,136167;60,974228
2,137167;60,974743
2,138167;60,975257
2,139167;60,975769
2,140167;60,976279
2,141167;60,976787
2,142167;60,977293
2,143167;60,977798
2,144167;60,978300
2,145167;60,978801
2,146167;60,979300
2,147167;60,979797
2,148167;60,980293
2,149167;60,980787
2,150167;60,981278
2,151167;60,981769
2,152167;60,982257
2,153167;60,982743
2,154167;60,983228
2,155167;60,983711
2,156167;60,984193
2,157167;60,984672
2,158167;60,985150
2,159167;60,985626
2,160167;60,986100
2,161167;60,986573
2,162167;60,987043
2,163167;60,987512
2,164167;60,987980
2,165167;60,988445
2,166167;60,988909
2,167167;60,989371
2,168167;60,989832
2,169167;60,990291
2,170167;60,990748
2,171167;60,991203
2,172167;60,991657
2,173167;60,992109
2,174167;60,992559
2,175167;60,993008
2,176167;60,993455
2,177167;60,993901
2,178167;60,994344
2,179167;60,994786
2,180167;60,995227
2,181167;60,995666
2,182167;60,996103
2,183167;60,996538
2,184167;60,996972
2,185167;60,997405
2,186167;60,997835
2,187167;60,998264
2,188167;60,998692
2,189167;60,999118
2,190167;60,999542
2,191167;60,999965
2,192167;61,000386
2,193167;61,000806
2,194167;61,001224
2,195167;61,001640
2,196167;61,002055
2,197167;61,002469
2,198167;61,002881
2,199167;61,003291
2,200167;61,003700
2,201167;61,004107
2,202167;61,004513
2,203167;61,004917
2,204167;61,005320
2,205167;61,005722
2,206167;61,006121
2,207167;61,006520
2,208167;61,006917
2,209167;61,007312
2,210167;61,007706
2,211167;61,008099
2,212167;61,008490
2,213167;61,008879
2,214167;61,009267
2,215167;61,009654
2,216167;61,010040
2,217167;61,010424
2,218167;61,010806
2,219167;61,011187
2,220167;61,011567
2,221167;61,011945
2,222167;61,012322
2,223167;61,012698
2,224167;61,013072
2,225167;61,013445
2,226167;61,013817
2,227167;61,014187
2,228167;61,014556
2,229167;61,014923
2,230167;61,015289
2,231167;61,015654
2,232167;61,016018
2,233167;61,016380
2,234167;61,016741
2,235167;61,017101
2,236167;61,017459
2,237167;61,017816
2,238167;61,018172
2,239167;61,018527
2,240167;61,018880
2,241167;61,019233
2,242167;61,019583
2,243167;61,019933
2,244167;61,020282
2,245167;61,020629
2,246167;61,020975
2,247167;61,021320
2,248167;61,021664
2,249167;61,022006
2,250167;61,022348
2,251167;61,022688
2,252167;61,023027
2,253167;61,023365
2,254167;61,023701
2,255167;61,024037
2,256167;61,024372
2,257167;61,024705
2,258167;61,025037
2,259167;61,025368
2,260167;61,025698
2,261167;61,026027
2,262167;61,026355
2,263167;61,026682
2,264167;61,027008
2,265167;61,027333
2,266167;61,027656
2,267167;61,027979
2,268167;61,028301
2,269167;61,028621
2,270167;61,028941
2,271167;61,029260
2,272167;61,029577
2,273167;61,029894
2,274167;61,030210
2,275167;61,030524
2,276167;61,030838
2,277167;61,031151
2,278167;61,031463
2,279167;61,031773
2,280167;61,032083
2,281167;61,032392
2,282167;61,032701
2,283167;61,033008
2,284167;61,033314
2,285167;61,033620
2,286167;61,033924
2,287167;61,034228
2,288167;61,034531
2,289167;61,034833
2,290167;61,035134
2,291167;61,035435
2,292167;61,035734
2,293167;61,036033
2,294167;61,036331
2,295167;61,036628
2,296167;61,036924
2,297167;61,037220
2,298167;61,037515
2,299167;61,037809
2,300167;61,038102
2,301167;61,038394
2,302167;61,038686
2,303167;61,038977
2,304167;61,039268
2,305167;61,039557
2,306167;61,039846
2,307167;61,040134
2,308167;61,040422
2,309167;61,040709
2,310167;61,040995
2,311167;61,041281
2,312167;61,041566
2,313167;61,041850
2,314167;61,042134
2,315167;61,042417
2,316167;61,042699
2,317167;61,042981
2,318167;61,043262
2,319167;61,043543
2,320167;61,043823
2,321167;61,044103
2,322167;61,044382
2,323167;61,044660
2,324167;61,044938
2,325167;61,045216
2,326167;61,045492
2,327167;61,045769
2,328167;61,046045
2,329167;61,046320
2,330167;61,046595
2,331167;61,046869
2,332167;61,047143
2,333167;61,047417
2,334167;61,047690
2,335167;61,047963
2,336167;61,048235
2,337167;61,048507
2,338167;61,048778
2,339167;61,049049
2,340167;61,049320
2,341167;61,049590
2,342167;61,049860
2,343167;61,050129
2,344167;61,050398
2,345167;61,050667
2,346167;61,050936
2,347167;61,051204
2,348167;61,051472
2,349167;61,051739
2,350167;61,052007
2,351167;61,052274
2,352167;61,052540
2,353167;61,052807
2,354167;61,053073
2,355167;61,053339
2,356167;61,053604
2,357167;61,053870
2,358167;61,054135
2,359167;61,054400
2,360167;61,054665
2,361167;61,054930
2,362167;61,055194
2,363167;61,055458
2,364167;61,055722
2,365167;61,055986
2,366167;61,056250
2,367167;61,056514
2,368167;61,056777
2,369167;61,057041
2,370167;61,057304
2,371167;61,057567
2,372167;61,057831
2,373167;61,058094
2,374167;61,058357
2,375167;61,058619
2,376167;61,058882
2,377167;61,059145
2,378167;61,059408
2,379167;61,059671
2,380167;61,059934
2,381167;61,060196
2,382167;61,060459
2,383167;61,060722
2,384167;61,060985
2,385167;61,061247
2,386167;61,061510
2,387167;61,061773
2,388167;61,062036
2,389167;61,062299
2,390167;61,062562
2,391167;61,062826
2,392167;61,063089
2,393167;61,063352
2,394167;61,063616
2,395167;61,063879
2,396167;61,064143
2,397167;61,064407
2,398167;61,064671
2,399167;61,064935
2,400167;61,065200
2,401167;61,065464
2,402167;61,065729
2,403167;61,065994
2,404167;61,066259
2,405167;61,066525
2,406167;61,066790
2,407167;61,067056
2,408167;61,067322
2,409167;61,067588
2,410167;61,067855
2,411167;61,068122
2,412167;61,068389
2,413167;61,068656
2,414167;61,068924
2,415167;61,069192
2,416167;61,069460
2,417167;61,069729
2,418167;61,069998
2,419167;61,070267
2,420167;61,070537
2,421167;61,070807
2,422167;61,071077
2,423167;61,071348
2,424167;61,071619
2,425167;61,071891
2,426167;61,072163
2,427167;61,072435
2,428167;61,072708
2,429167;61,072981
2,430167;61,073255
2,431167;61,073529
2,432167;61,073803
2,433167;61,074078
2,434167;61,074353
2,435167;61,074629
2,436167;61,074906
2,437167;61,075183
2,438167;61,075460
2,439167;61,075738
2,440167;61,076016
2,441167;61,076295
2,442167;61,076575
2,443167;61,076855
2,444167;61,077135
2,445167;61,077417
2,446167;61,077698
2,447167;61,077980
2,448167;61,078263
2,449167;61,078547
2,450167;61,078831
2,451167;61,079116
2,452167;61,079401
2,453167;61,079687
2,454167;61,079973
2,455167;61,080260
2,456167;61,080548
2,457167;61,080837
2,458167;61,081126
2,459167;61,081416
2,460167;61,081706
2,461167;61,081997
2,462167;61,082289
2,463167;61,082582
2,464167;61,082875
2,465167;61,083169
2,466167;61,083464
2,467167;61,083759
2,468167;61,084055
2,469167;61,084352
2,470167;61,084650
2,471167;61,084949
2,472167;61,085248
2,473167;61,085548
2,474167;61,085849
2,475167;61,086150
2,476167;61,086453
2,477167;61,086756
2,478167;61,087060
2,479167;61,087365
2,480167;61,087670
2,481167;61,087977
2,482167;61,088284
2,483167;61,088592
2,484167;61,088902
2,485167;61,089211
2,486167;61,089522
2,487167;61,089834
2,488167;61,090146
2,489167;61,090460
2,490167;61,090774
2,491167;61,091089
2,492167;61,091406
2,493167;61,091723
2,494167;61,092041
2,495167;61,092360
2,496167;61,092679
2,497167;61,093000
2,498167;61,093322
2,499167;61,093645
2,500167;61,093968
2,501167;61,094293
2,502167;61,094619
2,503167;61,094945
2,504167;61,095273
2,505167;61,095602
2,506167;61,095931
2,507167;61,096262
2,508167;61,096593
2,509167;61,096926
2,510167;61,097260
2,511167;61,097594
2,512167;61,097930
2,513167;61,098267
2,514167;61,098605
2,515167;61,098943
2,516167;61,099283
2,517167;61,099624
2,518167;61,099966
2,519167;61,100310
2,520167;61,100654
2,521167;61,100999
2,522167;61,101346
2,523167;61,101693
2,524167;61,102042
2,525167;61,102391
2,526167;61,102742
2,527167;61,103094
2,528167;61,103447
2,529167;61,103801
2,530167;61,104157
2,531167;61,104513
2,532167;61,104871
2,533167;61,105230
2,534167;61,105590
2,535167;61,105951
2,536167;61,106313
2,537167;61,106676
2,538167;61,107041
2,539167;61,107407
2,540167;61,107774
2,541167;61,108142
2,542167;61,108511
2,543167;61,108882
2,544167;61,109254
2,545167;61,109627
2,546167;61,110001
2,547167;61,110376
2,548167;61,110753
2,549167;61,111131
2,550167;61,111510
2,551167;61,111890
2,552167;61,112272
2,553167;61,112654
2,554167;61,113038
2,555167;61,113424
2,556167;61,113810
2,557167;61,114198
2,558167;61,114587
2,559167;61,114977
2,560167;61,115369
2,561167;61,115762
2,562167;61,116156
2,563167;61,116551
2,564167;61,116948
2,565167;61,117346
2,566167;61,117745
2,567167;61,118146
2,568167;61,118548
2,569167;61,118951
2,570167;61,119355
2,571167;61,119761
2,572167;61,120168
2,573167;61,120577
2,574167;61,120986
2,575167;61,121397
2,576167;61,121810
2,577167;61,122223
2,578167;61,122639
2,579167;61,123055
2,580167;61,123473
2,581167;61,123892
2,582167;61,124312
2,583167;61,124734
2,584167;61,125157
2,585167;61,125581
2,586167;61,126007
2,587167;61,126434
2,588167;61,126863
2,589167;61,127292
2,590167;61,127724
2,591167;61,128156
2,592167;61,128590
2,593167;61,129025
2,594167;61,129462
2,595167;61,129900
2,596167;61,130340
2,597167;61,130780
2,598167;61,131223
2,599167;61,131666
2,600167;61,132111
2,601167;61,132558
2,602167;61,133005
2,603167;61,133454
2,604167;61,133905
2,605167;61,134357
2,606167;61,134810
2,607167;61,135265
2,608167;61,135721
2,609167;61,136178
2,610167;61,136637
2,611167;61,137098
2,612167;61,137559
2,613167;61,138022
2,614167;61,138487
2,615167;61,138953
2,616167;61,139420
2,617167;61,139889
2,618167;61,140359
2,619167;61,140831
2,620167;61,141304
2,621167;61,141778
2,622167;61,142254
2,623167;61,142731
2,624167;61,143210
2,625167;61,143690
2,626167;61,144172
2,627167;61,144654
2,628167;61,145139
2,629167;61,145625
2,630167;61,146112
2,631167;61,146600
2,632167;61,147091
2,633167;61,147582
2,634167;61,148075
2,635167;61,148569
2,636167;61,149065
2,637167;61,149562
2,638167;61,150061
2,639167;61,150561
2,640167;61,151062
2,641167;61,151565
2,642167;61,152070
2,643167;61,152576
2,644167;61,153083
2,645167;61,153591
2,646167;61,154101
2,647167;61,154613
2,648167;61,155126
2,649167;61,155640
2,650167;61,156156
2,651167;61,156673
2,652167;61,157192
2,653167;61,157712
2,654167;61,158234
2,655167;61,158757
2,656167;61,159281
2,657167;61,159807
2,658167;61,160334
2,659167;61,160863
2,660167;61,161393
2,661167;61,161924
2,662167;61,162457
2,663167;61,162992
2,664167;61,163528
2,665167;61,164065
2,666167;61,164603
2,667167;61,165144
2,668167;61,165685
2,669167;61,166228
2,670167;61,166772
2,671167;61,167318
2,672167;61,167865
2,673167;61,168414
2,674167;61,168964
2,675167;61,169515
2,676167;61,170068
2,677167;61,170623
2,678167;61,171178
2,679167;61,171735
2,680167;61,172294
2,681167;61,172854
2,682167;61,173415
2,683167;61,173978
2,684167;61,174542
2,685167;61,175108
2,686167;61,175675
2,687167;61,176243
2,688167;61,176813
2,689167;61,177384
2,690167;61,177957
2,691167;61,178531
2,692167;61,179106
2,693167;61,179683
2,694167;61,180261
2,695167;61,180841
2,696167;61,181422
2,697167;61,182004
2,698167;61,182588
2,699167;61,183173
2,700167;61,183759
2,701167;61,184347
2,702167;61,184937
2,703167;61,185527
2,704167;61,186119
2,705167;61,186713
2,706167;61,187307
2,707167;61,187904
2,708167;61,188501
2,709167;61,189100
2,710167;61,189700
2,711167;61,190302
2,712167;61,190905
2,713167;61,191509
2,714167;61,192115
2,715167;61,192722
2,716167;61,193330
2,717167;61,193940
2,718167;61,194551
2,719167;61,195164
2,720167;61,195777
2,721167;61,196392
2,722167;61,197009
2,723167;61,197627
2,724167;61,198246
2,725167;61,198866
2,726167;61,199488
2,727167;61,200111
2,728167;61,200736
2,729167;61,201361
2,730167;61,201988
2,731167;61,202617
2,732167;61,203247
2,733167;61,203878
2,734167;61,204510
2,735167;61,205143
2,736167;61,205778
2,737167;61,206415
2,738167;61,207052
2,739167;61,207691
2,740167;61,208331
2,741167;61,208972
2,742167;61,209615
2,743167;61,210259
2,744167;61,210904
2,745167;61,211551
2,746167;61,212199
2,747167;61,212848
2,748167;61,213498
2,749167;61,214150
2,750167;61,214802
2,751167;61,215457
2,752167;61,216112
2,753167;61,216769
2,754167;61,217426
2,755167;61,218086
2,756167;61,218746
2,757167;61,219408
2,758167;61,220070
2,759167;61,220734
2,760167;61,221400
2,761167;61,222066
2,762167;61,222734
2,763167;61,223403
2,764167;61,224073
2,765167;61,224745
2,766167;61,225417
2,767167;61,226091
2,768167;61,226766
2,769167;61,227442
2,770167;61,228120
2,771167;61,228798
2,772167;61,229478
2,773167;61,230159
2,774167;61,230841
2,775167;61,231525
2,776167;61,232209
2,777167;61,232895
2,778167;61,233582
2,779167;61,234270
2,780167;61,234959
2,781167;61,235649
2,782167;61,236341
2,783167;61,237033
2,784167;61,237727
2,785167;61,238422
2,786167;61,239118
2,787167;61,239815
2,788167;61,240514
2,789167;61,241213
2,790167;61,241914
2,791167;61,242615
2,792167;61,243318
2,793167;61,244022
2,794167;61,244727
2,795167;61,245433
2,796167;61,246140
2,797167;61,246849
2,798167;61,247558
2,799167;61,248269
2,800167;61,248980
2,801167;61,249693
2,802167;61,250407
2,803167;61,251122
2,804167;61,251837
2,805167;61,252554
2,806167;61,253272
2,807167;61,253991
2,808167;61,254712
2,809167;61,255433
2,810167;61,256155
2,811167;61,256878
2,812167;61,257603
2,813167;61,258328
2,814167;61,259054
2,815167;61,259782
2,816167;61,260510
2,817167;61,261239
2,818167;61,261970
2,819167;61,262701
2,820167;61,263434
2,821167;61,264167
2,822167;61,264901
2,823167;61,265637
2,824167;61,266373
2,825167;61,267110
2,826167;61,267849
2,827167;61,268588
2,828167;61,269328
2,829167;61,270070
2,830167;61,270812
2,831167;61,271555
2,832167;61,272299
2,833167;61,273044
2,834167;61,273790
2,835167;61,274537
2,836167;61,275285
2,837167;61,276034
2,838167;61,276783
2,839167;61,277534
2,840167;61,278285
2,841167;61,279038
2,842167;61,279791
2,843167;61,280545
2,844167;61,281300
2,845167;61,282056
2,846167;61,282813
2,847167;61,283571
2,848167;61,284330
2,849167;61,285089
2,850167;61,285850
2,851167;61,286611
2,852167;61,287373
2,853167;61,288136
2,854167;61,288900
2,855167;61,289665
2,856167;61,290430
2,857167;61,291196
2,858167;61,291964
2,859167;61,292732
2,860167;61,293500
2,861167;61,294270
2,862167;61,295041
2,863167;61,295812
2,864167;61,296584
2,865167;61,297357
2,866167;61,298130
2,867167;61,298905
2,868167;61,299680
2,869167;61,300456
2,870167;61,301233
2,871167;61,302010
2,872167;61,302789
2,873167;61,303568
2,874167;61,304347
2,875167;61,305128
2,876167;61,305909
2,877167;61,306691
2,878167;61,307474
2,879167;61,308258
2,880167;61,309042
2,881167;61,309827
2,882167;61,310613
2,883167;61,311399
2,884167;61,312186
2,885167;61,312974
2,886167;61,313762
2,887167;61,314551
2,888167;61,315341
2,889167;61,316132
2,890167;61,316923
2,891167;61,317715
2,892167;61,318507
2,893167;61,319301
2,894167;61,320095
2,895167;61,320889
2,896167;61,321684
2,897167;61,322480
2,898167;61,323277
2,899167;61,324074
2,900167;61,324871
2,901167;61,325670
2,902167;61,326469
2,903167;61,327268
2,904167;61,328068
2,905167;61,328869
2,906167;61,329670
2,907167;61,330472
2,908167;61,331275
2,909167;61,332078
2,910167;61,332882
2,911167;61,333686
2,912167;61,334491
2,913167;61,335296
2,914167;61,336102
2,915167;61,336909
2,916167;61,337716
2,917167;61,338523
2,918167;61,339332
2,919167;61,340140
2,920167;61,340949
2,921167;61,341759
2,922167;61,342569
2,923167;61,343380
2,924167;61,344191
2,925167;61,345003
2,926167;61,345815
2,927167;61,346628
2,928167;61,347441
2,929167;61,348255
2,930167;61,349069
2,931167;61,349884
2,932167;61,350699
2,933167;61,351515
2,934167;61,352331
2,935167;61,353147
2,936167;61,353964
2,937167;61,354781
2,938167;61,355599
2,939167;61,356418
2,940167;61,357236
2,941167;61,358055
2,942167;61,358875
2,943167;61,359695
2,944167;61,360515
2,945167;61,361336
2,946167;61,362157
2,947167;61,362978
2,948167;61,363800
2,949167;61,364622
2,950167;61,365445
2,951167;61,366268
2,952167;61,367091
2,953167;61,367915
2,954167;61,368739
2,955167;61,369564
2,956167;61,370389
2,957167;61,371214
2,958167;61,372039
2,959167;61,372865
2,960167;61,373691
2,961167;61,374517
2,962167;61,375344
2,963167;61,376171
2,964167;61,376999
2,965167;61,377826
2,966167;61,378654
2,967167;61,379482
2,968167;61,380311
2,969167;61,381140
2,970167;61,381969
2,971167;61,382798
2,972167;61,383628
2,973167;61,384458
2,974167;61,385288
2,975167;61,386118
2,976167;61,386949
2,977167;61,387779
2,978167;61,388611
2,979167;61,389442
2,980167;61,390273
2,981167;61,391105
2,982167;61,391937
2,983167;61,392769
2,984167;61,393602
2,985167;61,394434
2,986167;61,395267
2,987167;61,396100
2,988167;61,396933
2,989167;61,397766
2,990167;61,398600
2,991167;61,399433
2,992167;61,400267
2,993167;61,401101
2,994167;61,401935
2,995167;61,402770
2,996167;61,403604
2,997167;61,404438
2,998167;61,405273
2,999167;61,406108
3,000167;61,406943
3,001167;61,407778
3,002167;61,408613
3,003167;61,409448
3,004167;61,410284
3,005167;61,411119
3,006167;61,411955
3,007167;61,412790
3,008167;61,413626
3,009167;61,414462
3,010167;61,415298
3,011167;61,416134
3,012167;61,416970
3,013167;61,417806
3,014167;61,418642
3,015167;61,419478
3,016167;61,420315
3,017167;61,421151
3,018167;61,421987
3,019167;61,422823
3,020167;61,423660
3,021167;61,424496
3,022167;61,425333
3,023167;61,426169
3,024167;61,427005
3,025167;61,427842
3,026167;61,428678
3,027167;61,429515
3,028167;61,430351
3,029167;61,431187
3,030167;61,432024
3,031167;61,432860
3,032167;61,433696
3,033167;61,434533
3,034167;61,435369
3,035167;61,436205
3,036167;61,437041
3,037167;61,437877
3,038167;61,438713
3,039167;61,439549
3,040167;61,440385
3,041167;61,441221
3,042167;61,442056
3,043167;61,442892
3,044167;61,443728
3,045167;61,444563
3,046167;61,445398
3,047167;61,446234
3,048167;61,447069
3,049167;61,447904
3,050167;61,448739
3,051167;61,449573
3,052167;61,450408
3,053167;61,451243
3,054167;61,452077
3,055167;61,452911
3,056167;61,453745
3,057167;61,454579
3,058167;61,455413
3,059167;61,456247
3,060167;61,457080
3,061167;61,457914
3,062167;61,458747
3,063167;61,459580
3,064167;61,460412
3,065167;61,461245
3,066167;61,462077
3,067167;61,462910
3,068167;61,463742
3,069167;61,464574
3,070167;61,465405
3,071167;61,466237
3,072167;61,467068
3,073167;61,467899
3,074167;61,468729
3,075167;61,469560
3,076167;61,470390
3,077167;61,471220
3,078167;61,472050
3,079167;61,472880
3,080167;61,473709
3,081167;61,474538
3,082167;61,475367
3,083167;61,476195
3,084167;61,477023
3,085167;61,477851
3,086167;61,478679
3,087167;61,479506
3,088167;61,480334
3,089167;61,481160
3,090167;61,481987
3,091167;61,482813
3,092167;61,483639
3,093167;61,484465
3,094167;61,485290
3,095167;61,486115
3,096167;61,486940
3,097167;61,487764
3,098167;61,488588
3,099167;61,489412
3,100167;61,490235
3,101167;61,491058
3,102167;61,491881
3,103167;61,492703
3,104167;61,493525
3,105167;61,494347
3,106167;61,495168
3,107167;61,495989
3,108167;61,496810
3,109167;61,497630
3,110167;61,498450
3,111167;61,499269
3,112167;61,500088
3,113167;61,500907
3,114167;61,501725
3,115167;61,502543
3,116167;61,503360
3,117167;61,504177
3,118167;61,504994
3,119167;61,505810
3,120167;61,506626
3,121167;61,507441
3,122167;61,508256
3,123167;61,509070
3,124167;61,509885
3,125167;61,510698
3,126167;61,511511
3,127167;61,512324
3,128167;61,513137
3,129167;61,513948
3,130167;61,514760
3,131167;61,515571
3,132167;61,516381
3,133167;61,517191
3,134167;61,518001
3,135167;61,518810
3,136167;61,519618
3,137167;61,520427
3,138167;61,521234
3,139167;61,522041
3,140167;61,522848
3,141167;61,523654
3,142167;61,524460
3,143167;61,525265
3,144167;61,526070
3,145167;61,526874
3,146167;61,527677
3,147167;61,528480
3,148167;61,529283
3,149167;61,530085
3,150167;61,530887
3,151167;61,531688
3,152167;61,532488
3,153167;61,533288
3,154167;61,534087
3,155167;61,534886
3,156167;61,535684
3,157167;61,536482
3,158167;61,537279
3,159167;61,538076
3,160167;61,538872
3,161167;61,539667
3,162167;61,540462
3,163167;61,541257
3,164167;61,542050
3,165167;61,542844
3,166167;61,543636
3,167167;61,544428
3,168167;61,545220
3,169167;61,546010
3,170167;61,546801
3,171167;61,547590
3,172167;61,548379
3,173167;61,549168
3,174167;61,549956
3,175167;61,550743
3,176167;61,551529
3,177167;61,552315
3,178167;61,553101
3,179167;61,553885
3,180167;61,554669
3,181167;61,555453
3,182167;61,556236
3,183167;61,557018
3,184167;61,557799
3,185167;61,558580
3,186167;61,559360
3,187167;61,560140
3,188167;61,560919
3,189167;61,561697
3,190167;61,562475
3,191167;61,563252
3,192167;61,564028
3,193167;61,564804
3,194167;61,565579
3,195167;61,566353
3,196167;61,567127
3,197167;61,567899
3,198167;61,568672
3,199167;61,569443
3,200167;61,570214
3,201167;61,570984
3,202167;61,571754
3,203167;61,572522
3,204167;61,573291
3,205167;61,574058
3,206167;61,574825
3,207167;61,575591
3,208167;61,576356
3,209167;61,577120
3,210167;61,577884
3,211167;61,578647
3,212167;61,579410
3,213167;61,580171
3,214167;61,580932
3,215167;61,581692
3,216167;61,582452
3,217167;61,583210
3,218167;61,583968
3,219167;61,584726
3,220167;61,585482
3,221167;61,586238
3,222167;61,586993
3,223167;61,587747
3,224167;61,588501
3,225167;61,589253
3,226167;61,590005
3,227167;61,590757
3,228167;61,591507
3,229167;61,592257
3,230167;61,593006
3,231167;61,593754
3,232167;61,594501
3,233167;61,595248
3,234167;61,595994
3,235167;61,596739
3,236167;61,597483
3,237167;61,598226
3,238167;61,598969
3,239167;61,599711
3,240167;61,600452
3,241167;61,601192
3,242167;61,601932
3,243167;61,602671
3,244167;61,603409
3,245167;61,604146
3,246167;61,604882
3,247167;61,605617
3,248167;61,606352
3,249167;61,607086
3,250167;61,607819
3,251167;61,608551
3,252167;61,609283
3,253167;61,610013
3,254167;61,610743
3,255167;61,611472
3,256167;61,612200
3,257167;61,612928
3,258167;61,613654
3,259167;61,614380
3,260167;61,615105
3,261167;61,615829
3,262167;61,616552
3,263167;61,617274
3,264167;61,617996
3,265167;61,618716
3,266167;61,619436
3,267167;61,620155
3,268167;61,620873
3,269167;61,621590
3,270167;61,622307
3,271167;61,623022
3,272167;61,623737
3,273167;61,624451
3,274167;61,625164
3,275167;61,625876
3,276167;61,626587
3,277167;61,627297
3,278167;61,628007
3,279167;61,628715
3,280167;61,629423
3,281167;61,630130
3,282167;61,630836
3,283167;61,631541
3,284167;61,632245
3,285167;61,632949
3,286167;61,633651
3,287167;61,634353
3,288167;61,635054
3,289167;61,635754
3,290167;61,636453
3,291167;61,637151
3,292167;61,637848
3,293167;61,638544
3,294167;61,639240
3,295167;61,639934
3,296167;61,640628
3,297167;61,641321
3,298167;61,642012
3,299167;61,642703
3,300167;61,643394
3,301167;61,644083
3,302167;61,644771
3,303167;61,645458
3,304167;61,646145
3,305167;61,646830
3,306167;61,647515
3,307167;61,648199
3,308167;61,648882
3,309167;61,649564
3,310167;61,650245
3,311167;61,650925
3,312167;61,651604
3,313167;61,652282
3,314167;61,652960
3,315167;61,653636
3,316167;61,654312
3,317167;61,654986
3,318167;61,655660
3,319167;61,656333
3,320167;61,657005
3,321167;61,657676
3,322167;61,658346
3,323167;61,659015
3,324167;61,659683
3,325167;61,660350
3,326167;61,661016
3,327167;61,661682
3,328167;61,662346
3,329167;61,663010
3,330167;61,663673
3,331167;61,664334
3,332167;61,664995
3,333167;61,665655
3,334167;61,666314
3,335167;61,666972
3,336167;61,667629
3,337167;61,668285
3,338167;61,668940
3,339167;61,669594
3,340167;61,670248
3,341167;61,670900
3,342167;61,671552
3,343167;61,672202
3,344167;61,672852
3,345167;61,673500
3,346167;61,674148
3,347167;61,674795
3,348167;61,675441
3,349167;61,676086
3,350167;61,676730
3,351167;61,677373
3,352167;61,678015
3,353167;61,678656
3,354167;61,679296
3,355167;61,679935
3,356167;61,680574
3,357167;61,681211
3,358167;61,681848
3,359167;61,682483
3,360167;61,683118
3,361167;61,683751
3,362167;61,684384
3,363167;61,685016
3,364167;61,685647
3,365167;61,686276
3,366167;61,686905
3,367167;61,687533
3,368167;61,688160
3,369167;61,688787
3,370167;61,689412
3,371167;61,690036
3,372167;61,690659
3,373167;61,691282
3,374167;61,691903
3,375167;61,692523
3,376167;61,693143
3,377167;61,693762
3,378167;61,694379
3,379167;61,694996
3,380167;61,695612
3,381167;61,696227
3,382167;61,696840
3,383167;61,697453
3,384167;61,698065
3,385167;61,698677
3,386167;61,699287
3,387167;61,699896
3,388167;61,700504
3,389167;61,701112
3,390167;61,701718
3,391167;61,702323
3,392167;61,702928
3,393167;61,703532
3,394167;61,704134
3,395167;61,704736
3,396167;61,705337
3,397167;61,705937
3,398167;61,706536
3,399167;61,707134
3,400167;61,707731
3,401167;61,708327
3,402167;61,708922
3,403167;61,709516
3,404167;61,710110
3,405167;61,710702
3,406167;61,711294
3,407167;61,711884
3,408167;61,712474
3,409167;61,713063
3,410167;61,713651
3,411167;61,714237
3,412167;61,714823
3,413167;61,715408
3,414167;61,715993
3,415167;61,716576
3,416167;61,717158
3,417167;61,717740
3,418167;61,718320
3,419167;61,718900
3,420167;61,719478
3,421167;61,720056
3,422167;61,720633
3,423167;61,721209
3,424167;61,721784
3,425167;61,722358
3,426167;61,722931
3,427167;61,723503
3,428167;61,724075
3,429167;61,724645
3,430167;61,725215
3,431167;61,725784
3,432167;61,726351
3,433167;61,726918
3,434167;61,727484
3,435167;61,728049
3,436167;61,728614
3,437167;61,729177
3,438167;61,729739
3,439167;61,730301
3,440167;61,730862
3,441167;61,731421
3,442167;61,731980
3,443167;61,732538
3,444167;61,733095
3,445167;61,733652
3,446167;61,734207
3,447167;61,734761
3,448167;61,735315
3,449167;61,735868
3,450167;61,736420
3,451167;61,736971
3,452167;61,737521
3,453167;61,738070
3,454167;61,738618
3,455167;61,739166
3,456167;61,739713
3,457167;61,740258
3,458167;61,740803
3,459167;61,741348
3,460167;61,741891
3,461167;61,742433
3,462167;61,742975
3,463167;61,743515
3,464167;61,744055
3,465167;61,744594
3,466167;61,745132
3,467167;61,745670
3,468167;61,746206
3,469167;61,746742
3,470167;61,747277
3,471167;61,747811
3,472167;61,748344
3,473167;61,748876
3,474167;61,749407
3,475167;61,749938
3,476167;61,750468
3,477167;61,750997
3,478167;61,751525
3,479167;61,752053
3,480167;61,752579
3,481167;61,753105
3,482167;61,753630
3,483167;61,754154
3,484167;61,754677
3,485167;61,755200
3,486167;61,755722
3,487167;61,756242
3,488167;61,756763
3,489167;61,757282
3,490167;61,757800
3,491167;61,758318
3,492167;61,758835
3,493167;61,759351
3,494167;61,759867
3,495167;61,760381
3,496167;61,760895
3,497167;61,761408
3,498167;61,761921
3,499167;61,762432
3,500167;61,762943
3,501167;61,763453
3,502167;61,763962
3,503167;61,764471
3,504167;61,764979
3,505167;61,765486
3,506167;61,765992
3,507167;61,766497
3,508167;61,767002
3,509167;61,767506
3,510167;61,768009
3,511167;61,768512
3,512167;61,769014
3,513167;61,769515
3,514167;61,770015
3,515167;61,770515
3,516167;61,771013
3,517167;61,771512
3,518167;61,772009
3,519167;61,772506
3,520167;61,773002
3,521167;61,773497
3,522167;61,773992
3,523167;61,774486
3,524167;61,774979
3,525167;61,775471
3,526167;61,775963
3,527167;61,776454
3,528167;61,776945
3,529167;61,777435
3,530167;61,777924
3,531167;61,778412
3,532167;61,778900
3,533167;61,779387
3,534167;61,779873
3,535167;61,780359
3,536167;61,780844
3,537167;61,781328
3,538167;61,781812
3,539167;61,782295
3,540167;61,782778
3,541167;61,783260
3,542167;61,783741
3,543167;61,784221
3,544167;61,784701
3,545167;61,785180
3,546167;61,785659
3,547167;61,786137
3,548167;61,786614
3,549167;61,787091
3,550167;61,787567
3,551167;61,788043
3,552167;61,788518
3,553167;61,788992
3,554167;61,789466
3,555167;61,789939
3,556167;61,790411
3,557167;61,790883
3,558167;61,791354
3,559167;61,791825
3,560167;61,792295
3,561167;61,792765
3,562167;61,793234
3,563167;61,793702
3,564167;61,794170
3,565167;61,794638
3,566167;61,795104
3,567167;61,795570
3,568167;61,796036
3,569167;61,796501
3,570167;61,796966
3,571167;61,797430
3,572167;61,797893
3,573167;61,798356
3,574167;61,798818
3,575167;61,799280
3,576167;61,799742
3,577167;61,800202
3,578167;61,800663
3,579167;61,801122
3,580167;61,801582
3,581167;61,802040
3,582167;61,802499
3,583167;61,802956
3,584167;61,803414
3,585167;61,803871
3,586167;61,804327
3,587167;61,804783
3,588167;61,805238
3,589167;61,805693
3,590167;61,806147
3,591167;61,806601
3,592167;61,807055
3,593167;61,807508
3,594167;61,807960
3,595167;61,808412
3,596167;61,808864
3,597167;61,809315
3,598167;61,809766
3,599167;61,810216
3,600167;61,810666
3,601167;61,811115
3,602167;61,811564
3,603167;61,812013
3,604167;61,812461
3,605167;61,812909
3,606167;61,813356
3,607167;61,813803
3,608167;61,814250
3,609167;61,814696
3,610167;61,815142
3,611167;61,815587
3,612167;61,816032
3,613167;61,816477
3,614167;61,816921
3,615167;61,817365
3,616167;61,817808
3,617167;61,818251
3,618167;61,818694
3,619167;61,819136
3,620167;61,819579
3,621167;61,820020
3,622167;61,820462
3,623167;61,820903
3,624167;61,821343
3,625167;61,821784
3,626167;61,822224
3,627167;61,822663
3,628167;61,823103
3,629167;61,823542
3,630167;61,823981
3,631167;61,824419
3,632167;61,824857
3,633167;61,825295
3,634167;61,825733
3,635167;61,826170
3,636167;61,826607
3,637167;61,827043
3,638167;61,827480
3,639167;61,827916
3,640167;61,828352
3,641167;61,828787
3,642167;61,829223
3,643167;61,829658
3,644167;61,830093
3,645167;61,830527
3,646167;61,830962
3,647167;61,831396
3,648167;61,831830
3,649167;61,832263
3,650167;61,832697
3,651167;61,833130
3,652167;61,833563
3,653167;61,833995
3,654167;61,834428
3,655167;61,834860
3,656167;61,835292
3,657167;61,835724
3,658167;61,836156
3,659167;61,836588
3,660167;61,837019
3,661167;61,837450
3,662167;61,837881
3,663167;61,838312
3,664167;61,838743
3,665167;61,839173
3,666167;61,839603
3,667167;61,840034
3,668167;61,840464
3,669167;61,840893
3,670167;61,841323
3,671167;61,841753
3,672167;61,842182
3,673167;61,842612
3,674167;61,843041
3,675167;61,843470
3,676167;61,843899
3,677167;61,844328
3,678167;61,844756
3,679167;61,845185
3,680167;61,845613
3,681167;61,846042
3,682167;61,846470
3,683167;61,846898
3,684167;61,847327
3,685167;61,847755
3,686167;61,848183
3,687167;61,848611
3,688167;61,849038
3,689167;61,849466
3,690167;61,849894
3,691167;61,850322
3,692167;61,850749
3,693167;61,851177
3,694167;61,851604
3,695167;61,852032
3,696167;61,852459
3,697167;61,852887
3,698167;61,853314
3,699167;61,853742
3,700167;61,854169
3,701167;61,854596
3,702167;61,855024
3,703167;61,855451
3,704167;61,855878
3,705167;61,856306
3,706167;61,856733
3,707167;61,857161
3,708167;61,857588
3,709167;61,858015
3,710167;61,858443
3,711167;61,858870
3,712167;61,859298
3,713167;61,859725
3,714167;61,860153
3,715167;61,860580
3,716167;61,861008
3,717167;61,861436
3,718167;61,861864
3,719167;61,862291
3,720167;61,862719
3,721167;61,863147
3,722167;61,863575
3,723167;61,864003
3,724167;61,864432
3,725167;61,864860
3,726167;61,865288
3,727167;61,865717
3,728167;61,866145
3,729167;61,866574
3,730167;61,867003
3,731167;61,867432
3,732167;61,867861
3,733167;61,868290
3,734167;61,868719
3,735167;61,869148
3,736167;61,869578
3,737167;61,870007
3,738167;61,870437
3,739167;61,870867
3,740167;61,871297
3,741167;61,871727
3,742167;61,872157
3,743167;61,872588
3,744167;61,873019
3,745167;61,873449
3,746167;61,873880
3,747167;61,874312
3,748167;61,874743
3,749167;61,875174
3,750167;61,875606
3,751167;61,876038
3,752167;61,876470
3,753167;61,876902
3,754167;61,877335
3,755167;61,877767
3,756167;61,878200
3,757167;61,878633
3,758167;61,879067
3,759167;61,879500
3,760167;61,879934
3,761167;61,880368
3,762167;61,880802
3,763167;61,881236
3,764167;61,881671
3,765167;61,882106
3,766167;61,882541
3,767167;61,882976
3,768167;61,883412
3,769167;61,883848
3,770167;61,884284
3,771167;61,884720
3,772167;61,885157
3,773167;61,885594
3,774167;61,886031
3,775167;61,886469
3,776167;61,886906
3,777167;61,887344
3,778167;61,887783
3,779167;61,888221
3,780167;61,888660
3,781167;61,889099
3,782167;61,889539
3,783167;61,889978
3,784167;61,890419
3,785167;61,890859
3,786167;61,891300
3,787167;61,891741
3,788167;61,892182
3,789167;61,892624
3,790167;61,893066
3,791167;61,893508
3,792167;61,893951
3,793167;61,894394
3,794167;61,894837
3,795167;61,895281
3,796167;61,895725
3,797167;61,896169
3,798167;61,896614
3,799167;61,897059
3,800167;61,897504
3,801167;61,897950
3,802167;61,898396
3,803167;61,898843
3,804167;61,899290
3,805167;61,899737
3,806167;61,900184
3,807167;61,900632
3,808167;61,901081
3,809167;61,901530
3,810167;61,901979
3,811167;61,902428
3,812167;61,902878
3,813167;61,903329
3,814167;61,903779
3,815167;61,904231
3,816167;61,904682
3,817167;61,905134
3,818167;61,905587
3,819167;61,906039
3,820167;61,906493
3,821167;61,906946
3,822167;61,907400
3,823167;61,907855
3,824167;61,908310
3,825167;61,908765
3,826167;61,909221
3,827167;61,909677
3,828167;61,910134
3,829167;61,910591
3,830167;61,911049
3,831167;61,911507
3,832167;61,911965
3,833167;61,912424
3,834167;61,912883
3,835167;61,913343
3,836167;61,913804
3,837167;61,914264
3,838167;61,914726
3,839167;61,915187
3,840167;61,915649
3,841167;61,916112
3,842167;61,916575
3,843167;61,917039
3,844167;61,917503
3,845167;61,917968
3,846167;61,918433
3,847167;61,918898
3,848167;61,919364
3,849167;61,919831
3,850167;61,920298
3,851167;61,920765
3,852167;61,921234
3,853167;61,921702
3,854167;61,922171
3,855167;61,922641
3,856167;61,923111
3,857167;61,923581
3,858167;61,924053
3,859167;61,924524
3,860167;61,924996
3,861167;61,925469
3,862167;61,925942
3,863167;61,926416
3,864167;61,926890
3,865167;61,927365
3,866167;61,927840
3,867167;61,928316
3,868167;61,928793
3,869167;61,929269
3,870167;61,929747
3,871167;61,930225
3,872167;61,930704
3,873167;61,931183
3,874167;61,931662
3,875167;61,932143
3,876167;61,932623
3,877167;61,933105
3,878167;61,933587
3,879167;61,934069
3,880167;61,934552
3,881167;61,935036
3,882167;61,935520
3,883167;61,936004
3,884167;61,936490
3,885167;61,936975
3,886167;61,937462
3,887167;61,937949
3,888167;61,938436
3,889167;61,938925
3,890167;61,939413
3,891167;61,939903
3,892167;61,940392
3,893167;61,940883
3,894167;61,941374
3,895167;61,941866
3,896167;61,942358
3,897167;61,942851
3,898167;61,943344
3,899167;61,943838
3,900167;61,944333
3,901167;61,944828
3,902167;61,945324
3,903167;61,945820
3,904167;61,946317
3,905167;61,946815
3,906167;61,947313
3,907167;61,947812
3,908167;61,948311
3,909167;61,948811
3,910167;61,949312
3,911167;61,949813
3,912167;61,950315
3,913167;61,950817
3,914167;61,951320
3,915167;61,951824
3,916167;61,952328
3,917167;61,952833
3,918167;61,953339
3,919167;61,953845
3,920167;61,954352
3,921167;61,954859
3,922167;61,955367
3,923167;61,955876
3,924167;61,956385
3,925167;61,956895
3,926167;61,957405
3,927167;61,957917
3,928167;61,958428
3,929167;61,958941
3,930167;61,959454
3,931167;61,959968
3,932167;61,960482
3,933167;61,960997
3,934167;61,961512
3,935167;61,962029
3,936167;61,962546
3,937167;61,963063
3,938167;61,963581
3,939167;61,964100
3,940167;61,964619
3,941167;61,965139
3,942167;61,965660
3,943167;61,966182
3,944167;61,966704
3,945167;61,967226
3,946167;61,967749
3,947167;61,968273
3,948167;61,968798
3,949167;61,969323
3,950167;61,969849
3,951167;61,970376
3,952167;61,970903
3,953167;61,971431
3,954167;61,971959
3,955167;61,972488
3,956167;61,973018
3,957167;61,973548
3,958167;61,974080
3,959167;61,974611
3,960167;61,975144
3,961167;61,975677
3,962167;61,976210
3,963167;61,976745
3,964167;61,977280
3,965167;61,977815
3,966167;61,978352
3,967167;61,978889
3,968167;61,979426
3,969167;61,979965
3,970167;61,980504
3,971167;61,981043
3,972167;61,981583
3,973167;61,982124
3,974167;61,982666
3,975167;61,983208
3,976167;61,983751
3,977167;61,984295
3,978167;61,984839
3,979167;61,985384
3,980167;61,985929
3,981167;61,986475
3,982167;61,987022
3,983167;61,987570
3,984167;61,988118
3,985167;61,988667
3,986167;61,989216
3,987167;61,989767
3,988167;61,990317
3,989167;61,990869
3,990167;61,991421
3,991167;61,991974
3,992167;61,992527
3,993167;61,993081
3,994167;61,993636
3,995167;61,994192
3,996167;61,994748
3,997167;61,995304
3,998167;61,995862
3,999167;61,996420
4,000167;61,996979
4,001167;61,997538
4,002167;61,998098
4,003167;61,998659
4,004167;61,999220
4,005167;61,999782
4,006167;62,000345
4,007167;62,000908
4,008167;62,001472
4,009167;62,002037
4,010167;62,002602
4,011167;62,003168
4,012167;62,003735
4,013167;62,004302
4,014167;62,004870
4,015167;62,005439
4,016167;62,006008
4,017167;62,006578
4,018167;62,007148
4,019167;62,007720
4,020167;62,008291
4,021167;62,008864
4,022167;62,009437
4,023167;62,010011
4,024167;62,010585
4,025167;62,011161
4,026167;62,011736
4,027167;62,012313
4,028167;62,012890
4,029167;62,013468
4,030167;62,014046
4,031167;62,014625
4,032167;62,015205
4,033167;62,015785
4,034167;62,016366
4,035167;62,016947
4,036167;62,017530
4,037167;62,018113
4,038167;62,018696
4,039167;62,019280
4,040167;62,019865
4,041167;62,020451
4,042167;62,021037
4,043167;62,021623
4,044167;62,022211
4,045167;62,022799
4,046167;62,023387
4,047167;62,023977
4,048167;62,024567
4,049167;62,025157
4,050167;62,025748
4,051167;62,026340
4,052167;62,026933
4,053167;62,027526
4,054167;62,028119
4,055167;62,028714
4,056167;62,029309
4,057167;62,029904
4,058167;62,030500
4,059167;62,031097
4,060167;62,031695
4,061167;62,032293
4,062167;62,032891
4,063167;62,033491
4,064167;62,034091
4,065167;62,034691
4,066167;62,035292
4,067167;62,035894
4,068167;62,036497
4,069167;62,037100
4,070167;62,037703
4,071167;62,038308
4,072167;62,038912
4,073167;62,039518
4,074167;62,040124
4,075167;62,040731
4,076167;62,041338
4,077167;62,041946
4,078167;62,042554
4,079167;62,043163
4,080167;62,043773
4,081167;62,044384
4,082167;62,044994
4,083167;62,045606
4,084167;62,046218
4,085167;62,046831
4,086167;62,047444
4,087167;62,048058
4,088167;62,048672
4,089167;62,049287
4,090167;62,049903
4,091167;62,050519
4,092167;62,051136
4,093167;62,051754
4,094167;62,052372
4,095167;62,052990
4,096167;62,053609
4,097167;62,054229
4,098167;62,054850
4,099167;62,055470
4,100167;62,056092
4,101167;62,056714
4,102167;62,057337
4,103167;62,057960
4,104167;62,058584
4,105167;62,059208
4,106167;62,059833
4,107167;62,060458
4,108167;62,061084
4,109167;62,061711
4,110167;62,062338
4,111167;62,062966
4,112167;62,063594
4,113167;62,064223
4,114167;62,064852
4,115167;62,065482
4,116167;62,066113
4,117167;62,066744
4,118167;62,067375
4,119167;62,068007
4,120167;62,068640
4,121167;62,069273
4,122167;62,069907
4,123167;62,070541
4,124167;62,071176
4,125167;62,071812
4,126167;62,072448
4,127167;62,073084
4,128167;62,073721
4,129167;62,074359
4,130167;62,074997
4,131167;62,075635
4,132167;62,076274
4,133167;62,076914
4,134167;62,077554
4,135167;62,078195
4,136167;62,078836
4,137167;62,079478
4,138167;62,080120
4,139167;62,080763
4,140167;62,081406
4,141167;62,082050
4,142167;62,082694
4,143167;62,083339
4,144167;62,083984
4,145167;62,084630
4,146167;62,085276
4,147167;62,085923
4,148167;62,086570
4,149167;62,087218
4,150167;62,087866
4,151167;62,088515
4,152167;62,089164
4,153167;62,089814
4,154167;62,090464
4,155167;62,091115
4,156167;62,091766
4,157167;62,092418
4,158167;62,093070
4,159167;62,093722
4,160167;62,094376
4,161167;62,095029
4,162167;62,095683
4,163167;62,096338
4,164167;62,096993
4,165167;62,097648
4,166167;62,098304
4,167167;62,098960
4,168167;62,099617
4,169167;62,100275
4,170167;62,100932
4,171167;62,101591
4,172167;62,102249
4,173167;62,102908
4,174167;62,103568
4,175167;62,104228
4,176167;62,104888
4,177167;62,105549
4,178167;62,106211
4,179167;62,106872
4,180167;62,107535
4,181167;62,108197
4,182167;62,108860
4,183167;62,109524
4,184167;62,110188
4,185167;62,110852
4,186167;62,111517
4,187167;62,112182
4,188167;62,112848
4,189167;62,113514
4,190167;62,114180
4,191167;62,114847
4,192167;62,115514
4,193167;62,116182
4,194167;62,116850
4,195167;62,117519
4,196167;62,118188
4,197167;62,118857
4,198167;62,119527
4,199167;62,120197
4,200167;62,120867
4,201167;62,121538
4,202167;62,122209
4,203167;62,122881
4,204167;62,123553
4,205167;62,124226
4,206167;62,124898
4,207167;62,125572
4,208167;62,126245
4,209167;62,126919
4,210167;62,127594
4,211167;62,128268
4,212167;62,128943
4,213167;62,129619
4,214167;62,130295
4,215167;62,130971
4,216167;62,131647
4,217167;62,132324
4,218167;62,133001
4,219167;62,133679
4,220167;62,134357
4,221167;62,135035
4,222167;62,135714
4,223167;62,136393
4,224167;62,137072
4,225167;62,137752
4,226167;62,138432
4,227167;62,139112
4,228167;62,139793
4,229167;62,140474
4,230167;62,141156
4,231167;62,141837
4,232167;62,142519
4,233167;62,143202
4,234167;62,143884
4,235167;62,144567
4,236167;62,145251
4,237167;62,145934
4,238167;62,146618
4,239167;62,147302
4,240167;62,147987
4,241167;62,148672
4,242167;62,149357
4,243167;62,150042
4,244167;62,150728
4,245167;62,151414
4,246167;62,152101
4,247167;62,152787
4,248167;62,153474
4,249167;62,154161
4,250167;62,154849
4,251167;62,155537
4,252167;62,156225
4,253167;62,156913
4,254167;62,157602
4,255167;62,158291
4,256167;62,158980
4,257167;62,159669
4,258167;62,160359
4,259167;62,161049
4,260167;62,161739
4,261167;62,162430
4,262167;62,163121
4,263167;62,163812
4,264167;62,164503
4,265167;62,165194
4,266167;62,165886
4,267167;62,166578
4,268167;62,167271
4,269167;62,167963
4,270167;62,168656
4,271167;62,169349
4,272167;62,170042
4,273167;62,170736
4,274167;62,171429
4,275167;62,172123
4,276167;62,172817
4,277167;62,173512
4,278167;62,174206
4,279167;62,174901
4,280167;62,175596
4,281167;62,176291
4,282167;62,176987
4,283167;62,177683
4,284167;62,178379
4,285167;62,179075
4,286167;62,179771
4,287167;62,180467
4,288167;62,181164
4,289167;62,181861
4,290167;62,182558
4,291167;62,183255
4,292167;62,183953
4,293167;62,184651
4,294167;62,185349
4,295167;62,186047
4,296167;62,186745
4,297167;62,187443
4,298167;62,188142
4,299167;62,188841
4,300167;62,189539
4,301167;62,190239
4,302167;62,190938
4,303167;62,191637
4,304167;62,192337
4,305167;62,193037
4,306167;62,193737
4,307167;62,194437
4,308167;62,195137
4,309167;62,195837
4,310167;62,196538
4,311167;62,197238
4,312167;62,197939
4,313167;62,198640
4,314167;62,199341
4,315167;62,200043
4,316167;62,200744
4,317167;62,201445
4,318167;62,202147
4,319167;62,202849
4,320167;62,203551
4,321167;62,204253
4,322167;62,204955
4,323167;62,205657
4,324167;62,206360
4,325167;62,207062
4,326167;62,207765
4,327167;62,208468
4,328167;62,209170
4,329167;62,209873
4,330167;62,210576
4,331167;62,211280
4,332167;62,211983
4,333167;62,212686
4,334167;62,213390
4,335167;62,214093
4,336167;62,214797
4,337167;62,215500
4,338167;62,216204
4,339167;62,216908
4,340167;62,217612
4,341167;62,218316
4,342167;62,219020
4,343167;62,219725
4,344167;62,220429
4,345167;62,221133
4,346167;62,221838
4,347167;62,222542
4,348167;62,223247
4,349167;62,223951
4,350167;62,224656
4,351167;62,225361
4,352167;62,226065
4,353167;62,226770
4,354167;62,227475
4,355167;62,228180
4,356167;62,228885
4,357167;62,229590
4,358167;62,230295
4,359167;62,231000
4,360167;62,231706
4,361167;62,232411
4,362167;62,233116
4,363167;62,233821
4,364167;62,234526
4,365167;62,235232
4,366167;62,235937
4,367167;62,236642
4,368167;62,237348
4,369167;62,238053
4,370167;62,238759
4,371167;62,239464
4,372167;62,240170
4,373167;62,240875
4,374167;62,241580
4,375167;62,242286
4,376167;62,242991
4,377167;62,243697
4,378167;62,244402
4,379167;62,245108
4,380167;62,245813
4,381167;62,246519
4,382167;62,247224
4,383167;62,247930
4,384167;62,248635
4,385167;62,249340
4,386167;62,250046
4,387167;62,250751
4,388167;62,251457
4,389167;62,252162
4,390167;62,252867
4,391167;62,253572
4,392167;62,254278
4,393167;62,254983
4,394167;62,255688
4,395167;62,256393
4,396167;62,257098
4,397167;62,257803
4,398167;62,258508
4,399167;62,259213
4,400167;62,259918
4,401167;62,260623
4,402167;62,261328
4,403167;62,262033
4,404167;62,262737
4,405167;62,263442
4,406167;62,264147
4,407167;62,264851
4,408167;62,265555
4,409167;62,266260
4,410167;62,266964
4,411167;62,267668
4,412167;62,268373
4,413167;62,269077
4,414167;62,269781
4,415167;62,270485
4,416167;62,271189
4,417167;62,271892
4,418167;62,272596
4,419167;62,273300
4,420167;62,274003
4,421167;62,274707
4,422167;62,275410
4,423167;62,276113
4,424167;62,276817
4,425167;62,277520
4,426167;62,278223
4,427167;62,278926
4,428167;62,279628
4,429167;62,280331
4,430167;62,281034
4,431167;62,281736
4,432167;62,282438
4,433167;62,283141
4,434167;62,283843
4,435167;62,284545
4,436167;62,285247
4,437167;62,285948
4,438167;62,286650
4,439167;62,287351
4,440167;62,288053
4,441167;62,288754
4,442167;62,289455
4,443167;62,290156
4,444167;62,290857
4,445167;62,291558
4,446167;62,292258
4,447167;62,292959
4,448167;62,293659
4,449167;62,294359
4,450167;62,295059
4,451167;62,295759
4,452167;62,296459
4,453167;62,297158
4,454167;62,297858
4,455167;62,298557
4,456167;62,299256
4,457167;62,299955
4,458167;62,300654
4,459167;62,301353
4,460167;62,302051
4,461167;62,302749
4,462167;62,303447
4,463167;62,304145
4,464167;62,304843
4,465167;62,305541
4,466167;62,306238
4,467167;62,306936
4,468167;62,307633
4,469167;62,308330
4,470167;62,309026
4,471167;62,309723
4,472167;62,310419
4,473167;62,311115
4,474167;62,311811
4,475167;62,312507
4,476167;62,313203
4,477167;62,313898
4,478167;62,314593
4,479167;62,315289
4,480167;62,315983
4,481167;62,316678
4,482167;62,317372
4,483167;62,318067
4,484167;62,318761
4,485167;62,319454
4,486167;62,320148
4,487167;62,320841
4,488167;62,321535
4,489167;62,322228
4,490167;62,322920
4,491167;62,323613
4,492167;62,324305
4,493167;62,324997
4,494167;62,325689
4,495167;62,326381
4,496167;62,327072
4,497167;62,327764
4,498167;62,328455
4,499167;62,329145
4,500167;62,329836
4,501167;62,330526
4,502167;62,331216
4,503167;62,331906
4,504167;62,332596
4,505167;62,333285
4,506167;62,333974
4,507167;62,334663
4,508167;62,335352
4,509167;62,336040
4,510167;62,336728
4,511167;62,337416
4,512167;62,338104
4,513167;62,338791
4,514167;62,339478
4,515167;62,340165
4,516167;62,340852
4,517167;62,341538
4,518167;62,342224
4,519167;62,342910
4,520167;62,343596
4,521167;62,344281
4,522167;62,344966
4,523167;62,345651
4,524167;62,346336
4,525167;62,347020
4,526167;62,347704
4,527167;62,348388
4,528167;62,349071
4,529167;62,349754
4,530167;62,350437
4,531167;62,351120
4,532167;62,351802
4,533167;62,352484
4,534167;62,353166
4,535167;62,353848
4,536167;62,354529
4,537167;62,355210
4,538167;62,355890
4,539167;62,356571
4,540167;62,357251
4,541167;62,357931
4,542167;62,358610
4,543167;62,359290
4,544167;62,359968
4,545167;62,360647
4,546167;62,361326
4,547167;62,362004
4,548167;62,362681
4,549167;62,363359
4,550167;62,364036
4,551167;62,364713
4,552167;62,365389
4,553167;62,366066
4,554167;62,366742
4,555167;62,367417
4,556167;62,368093
4,557167;62,368768
4,558167;62,369442
4,559167;62,370117
4,560167;62,370791
4,561167;62,371465
4,562167;62,372138
4,563167;62,372811
4,564167;62,373484
4,565167;62,374157
4,566167;62,374829
4,567167;62,375501
4,568167;62,376172
4,569167;62,376843
4,570167;62,377514
4,571167;62,378185
4,572167;62,378855
4,573167;62,379525
4,574167;62,380195
4,575167;62,380864
4,576167;62,381533
4,577167;62,382202
4,578167;62,382870
4,579167;62,383538
4,580167;62,384205
4,581167;62,384873
4,582167;62,385540
4,583167;62,386206
4,584167;62,386873
4,585167;62,387538
4,586167;62,388204
4,587167;62,388869
4,588167;62,389534
4,589167;62,390199
4,590167;62,390863
4,591167;62,391527
4,592167;62,392191
4,593167;62,392854
4,594167;62,393517
4,595167;62,394179
4,596167;62,394841
4,597167;62,395503
4,598167;62,396165
4,599167;62,396826
4,600167;62,397486
4,601167;62,398147
4,602167;62,398807
4,603167;62,399467
4,604167;62,400126
4,605167;62,400785
4,606167;62,401443
4,607167;62,402102
4,608167;62,402760
4,609167;62,403417
4,610167;62,404074
4,611167;62,404731
4,612167;62,405388
4,613167;62,406044
4,614167;62,406700
4,615167;62,407355
4,616167;62,408010
4,617167;62,408665
4,618167;62,409319
4,619167;62,409973
4,620167;62,410626
4,621167;62,411280
4,622167;62,411932
4,623167;62,412585
4,624167;62,413237
4,625167;62,413889
4,626167;62,414540
4,627167;62,415191
4,628167;62,415842
4,629167;62,416492
4,630167;62,417142
4,631167;62,417791
4,632167;62,418440
4,633167;62,419089
4,634167;62,419737
4,635167;62,420385
4,636167;62,421033
4,637167;62,421680
4,638167;62,422327
4,639167;62,422973
4,640167;62,423620
4,641167;62,424265
4,642167;62,424911
4,643167;62,425556
4,644167;62,426200
4,645167;62,426844
4,646167;62,427488
4,647167;62,428131
4,648167;62,428775
4,649167;62,429417
4,650167;62,430059
4,651167;62,430701
4,652167;62,431343
4,653167;62,431984
4,654167;62,432625
4,655167;62,433265
4,656167;62,433905
4,657167;62,434545
4,658167;62,435184
4,659167;62,435823
4,660167;62,436461
4,661167;62,437099
4,662167;62,437737
4,663167;62,438374
4,664167;62,439011
4,665167;62,439647
4,666167;62,440283
4,667167;62,440919
4,668167;62,441554
4,669167;62,442189
4,670167;62,442824
4,671167;62,443458
4,672167;62,444092
4,673167;62,444725
4,674167;62,445358
4,675167;62,445991
4,676167;62,446623
4,677167;62,447255
4,678167;62,447886
4,679167;62,448517
4,680167;62,449148
4,681167;62,449778
4,682167;62,450408
4,683167;62,451037
4,684167;62,451666
4,685167;62,452295
4,686167;62,452923
4,687167;62,453551
4,688167;62,454179
4,689167;62,454806
4,690167;62,455432
4,691167;62,456059
4,692167;62,456685
4,693167;62,457310
4,694167;62,457935
4,695167;62,458560
4,696167;62,459184
4,697167;62,459808
4,698167;62,460432
4,699167;62,461055
4,700167;62,461678
4,701167;62,462300
4,702167;62,462922
4,703167;62,463544
4,704167;62,464165
4,705167;62,464786
4,706167;62,465406
4,707167;62,466026
4,708167;62,466646
4,709167;62,467265
4,710167;62,467884
4,711167;62,468502
4,712167;62,469120
4,713167;62,469738
4,714167;62,470355
4,715167;62,470972
4,716167;62,471589
4,717167;62,472205
4,718167;62,472820
4,719167;62,473436
4,720167;62,474051
4,721167;62,474665
4,722167;62,475279
4,723167;62,475893
4,724167;62,476506
4,725167;62,477119
4,726167;62,477732
4,727167;62,478344
4,728167;62,478956
4,729167;62,479567
4,730167;62,480178
4,731167;62,480789
4,732167;62,481399
4,733167;62,482009
4,734167;62,482618
4,735167;62,483227
4,736167;62,483836
4,737167;62,484444
4,738167;62,485052
4,739167;62,485660
4,740167;62,486267
4,741167;62,486874
4,742167;62,487480
4,743167;62,488086
4,744167;62,488692
4,745167;62,489297
4,746167;62,489902
4,747167;62,490506
4,748167;62,491110
4,749167;62,491714
4,750167;62,492317
4,751167;62,492920
4,752167;62,493523
4,753167;62,494125
4,754167;62,494727
4,755167;62,495328
4,756167;62,495929
4,757167;62,496530
4,758167;62,497130
4,759167;62,497730
4,760167;62,498329
4,761167;62,498929
4,762167;62,499527
4,763167;62,500126
4,764167;62,500724
4,765167;62,501321
4,766167;62,501919
4,767167;62,502516
4,768167;62,503112
4,769167;62,503708
4,770167;62,504304
4,771167;62,504899
4,772167;62,505494
4,773167;62,506089
4,774167;62,506683
4,775167;62,507277
4,776167;62,507871
4,777167;62,508464
4,778167;62,509057
4,779167;62,509649
4,780167;62,510241
4,781167;62,510833
4,782167;62,511425
4,783167;62,512016
4,784167;62,512606
4,785167;62,513196
4,786167;62,513786
4,787167;62,514376
4,788167;62,514965
4,789167;62,515554
4,790167;62,516143
4,791167;62,516731
4,792167;62,517318
4,793167;62,517906
4,794167;62,518493
4,795167;62,519080
4,796167;62,519666
4,797167;62,520252
4,798167;62,520838
4,799167;62,521423
4,800167;62,522008
4,801167;62,522593
4,802167;62,523177
4,803167;62,523761
4,804167;62,524344
4,805167;62,524927
4,806167;62,525510
4,807167;62,526093
4,808167;62,526675
4,809167;62,527257
4,810167;62,527838
4,811167;62,528420
4,812167;62,529000
4,813167;62,529581
4,814167;62,530161
4,815167;62,530741
4,816167;62,531320
4,817167;62,531900
4,818167;62,532478
4,819167;62,533057
4,820167;62,533635
4,821167;62,534213
4,822167;62,534790
4,823167;62,535367
4,824167;62,535944
4,825167;62,536521
4,826167;62,537097
4,827167;62,537673
4,828167;62,538248
4,829167;62,538824
4,830167;62,539398
4,831167;62,539973
4,832167;62,540547
4,833167;62,541121
4,834167;62,541695
4,835167;62,542268
4,836167;62,542841
4,837167;62,543414
4,838167;62,543986
4,839167;62,544558
4,840167;62,545130
4,841167;62,545701
4,842167;62,546273
4,843167;62,546843
4,844167;62,547414
4,845167;62,547984
4,846167;62,548554
4,847167;62,549124
4,848167;62,549693
4,849167;62,550262
4,850167;62,550830
4,851167;62,551399
4,852167;62,551967
4,853167;62,552535
4,854167;62,553102
4,855167;62,553670
4,856167;62,554236
4,857167;62,554803
4,858167;62,555369
4,859167;62,555935
4,860167;62,556501
4,861167;62,557067
4,862167;62,557632
4,863167;62,558197
4,864167;62,558761
4,865167;62,559326
4,866167;62,559890
4,867167;62,560454
4,868167;62,561017
4,869167;62,561580
4,870167;62,562143
4,871167;62,562706
4,872167;62,563268
4,873167;62,563831
4,874167;62,564392
4,875167;62,564954
4,876167;62,565515
4,877167;62,566076
4,878167;62,566637
4,879167;62,567198
4,880167;62,567758
4,881167;62,568318
4,882167;62,568878
4,883167;62,569437
4,884167;62,569997
4,885167;62,570556
4,886167;62,571114
4,887167;62,571673
4,888167;62,572231
4,889167;62,572789
4,890167;62,573347
4,891167;62,573904
4,892167;62,574462
4,893167;62,575019
4,894167;62,575575
4,895167;62,576132
4,896167;62,576688
4,897167;62,577244
4,898167;62,577800
4,899167;62,578356
4,900167;62,578911
4,901167;62,579466
4,902167;62,580021
4,903167;62,580576
4,904167;62,581130
4,905167;62,581684
4,906167;62,582238
4,907167;62,582792
4,908167;62,583345
4,909167;62,583899
4,910167;62,584452
4,911167;62,585004
4,912167;62,585557
4,913167;62,586110
4,914167;62,586662
4,915167;62,587214
4,916167;62,587765
4,917167;62,588317
4,918167;62,588868
4,919167;62,589420
4,920167;62,589971
4,921167;62,590521
4,922167;62,591072
4,923167;62,591622
4,924167;62,592172
4,925167;62,592722
4,926167;62,593272
4,927167;62,593821
4,928167;62,594371
4,929167;62,594920
4,930167;62,595469
4,931167;62,596018
4,932167;62,596566
4,933167;62,597115
4,934167;62,597663
4,935167;62,598211
4,936167;62,598759
4,937167;62,599307
4,938167;62,599854
4,939167;62,600401
4,940167;62,600949
4,941167;62,601496
4,942167;62,602042
4,943167;62,602589
4,944167;62,603135
4,945167;62,603682
4,946167;62,604228
4,947167;62,604774
4,948167;62,605320
4,949167;62,605865
4,950167;62,606411
4,951167;62,606956
4,952167;62,607501
4,953167;62,608046
4,954167;62,608591
4,955167;62,609136
4,956167;62,609680
4,957167;62,610225
4,958167;62,610769
4,959167;62,611313
4,960167;62,611857
4,961167;62,612401
4,962167;62,612945
4,963167;62,613488
4,964167;62,614032
4,965167;62,614575
4,966167;62,615118
4,967167;62,615661
4,968167;62,616204
4,969167;62,616747
4,970167;62,617289
4,971167;62,617832
4,972167;62,618374
4,973167;62,618916
4,974167;62,619459
4,975167;62,620001
4,976167;62,620542
4,977167;62,621084
4,978167;62,621626
4,979167;62,622167
4,980167;62,622709
4,981167;62,623250
4,982167;62,623791
4,983167;62,624332
4,984167;62,624873
4,985167;62,625414
4,986167;62,625955
4,987167;62,626496
4,988167;62,627036
4,989167;62,627577
4,990167;62,628117
4,991167;62,628658
4,992167;62,629198
4,993167;62,629738
4,994167;62,630278
4,995167;62,630818
4,996167;62,631358
4,997167;62,631897
4,998167;62,632437
4,999167;62,632977
5,000000;62,633426
