Standard Model;G2
"Zeitpunkt in s";"Mitsystem-Spannung, Betrag in p.u."
0,000000;1,025000
0,001000;1,025000
0,002000;1,025000
0,003000;1,025000
0,004000;1,025000
0,005000;1,025000
0,006000;1,025000
0,007000;1,025000
0,008000;1,025000
0,009000;1,025000
0,010000;1,025000
0,011000;1,025000
0,012000;1,025000
0,013000;1,025000
0,014000;1,025000
0,015000;1,025000
0,016000;1,025000
0,017000;1,025000
0,018000;1,025000
0,019000;1,025000
0,020000;1,025000
0,021000;1,025000
0,022000;1,025000
0,023000;1,025000
0,024000;1,025000
0,025000;1,025000
0,026000;1,025000
0,027000;1,025000
0,028000;1,025000
0,029000;1,025000
0,030000;1,025000
0,031000;1,025000
0,032000;1,025000
0,033000;1,025000
0,034000;1,025000
0,035000;1,025000
0,036000;1,025000
0,037000;1,025000
0,038000;1,025000
0,039000;1,025000
0,040000;1,025000
0,041000;1,025000
0,042000;1,025000
0,043000;1,025000
0,044000;1,025000
0,045000;1,025000
0,046000;1,025000
0,047000;1,025000
0,048000;1,025000
0,049000;1,025000
0,050000;1,025000
0,051000;1,025000
0,052000;1,025000
0,053000;1,025000
0,054000;1,025000
0,055000;1,025000
0,056000;1,025000
0,057000;1,025000
0,058000;1,025000
0,059000;1,025000
0,060000;1,025000
0,061000;1,025000
0,062000;1,025000
0,063000;1,025000
0,064000;1,025000
0,065000;1,025000
0,066000;1,025000
0,067000;1,025000
0,068000;1,025000
0,069000;1,025000
0,070000;1,025000
0,071000;1,025000
0,072000;1,025000
0,073000;1,025000
0,074000;1,025000
0,075000;1,025000
0,076000;1,025000
0,077000;1,025000
0,078000;1,025000
0,079000;1,025000
0,080000;1,025000
0,081000;1,025000
0,082000;1,025000
0,083000;1,025000
0,084000;1,025000
0,085000;1,025000
0,086000;1,025000
0,087000;1,025000
0,088000;1,025000
0,089000;1,025000
0,090000;1,025000
0,091000;1,025000
0,092000;1,025000
0,093000;1,025000
0,094000;1,025000
0,095000;1,025000
0,096000;1,025000
0,097000;1,025000
0,098000;1,025000
0,099000;1,025000
0,100000;1,025000
0,101000;1,025000
0,102000;1,025000
0,103000;1,025000
0,104000;1,025000
0,105000;1,025000
0,106000;1,025000
0,107000;1,025000
0,108000;1,025000
0,109000;1,025000
0,110000;1,025000
0,111000;1,025000
0,112000;1,025000
0,113000;1,025000
0,114000;1,025000
0,115000;1,025000
0,116000;1,025000
0,117000;1,025000
0,118000;1,025000
0,119000;1,025000
0,120000;1,025000
0,121000;1,025000
0,122000;1,025000
0,123000;1,025000
0,124000;1,025000
0,125000;1,025000
0,126000;1,025000
0,127000;1,025000
0,128000;1,025000
0,129000;1,025000
0,130000;1,025000
0,131000;1,025000
0,132000;1,025000
0,133000;1,025000
0,134000;1,025000
0,135000;1,025000
0,136000;1,025000
0,137000;1,025000
0,138000;1,025000
0,139000;1,025000
0,140000;1,025000
0,141000;1,025000
0,142000;1,025000
0,143000;1,025000
0,144000;1,025000
0,145000;1,025000
0,146000;1,025000
0,147000;1,025000
0,148000;1,025000
0,149000;1,025000
0,150000;1,025000
0,151000;1,025000
0,152000;1,025000
0,153000;1,025000
0,154000;1,025000
0,155000;1,025000
0,156000;1,025000
0,157000;1,025000
0,158000;1,025000
0,159000;1,025000
0,160000;1,025000
0,161000;1,025000
0,162000;1,025000
0,163000;1,025000
0,164000;1,025000
0,165000;1,025000
0,166000;1,025000
0,167000;1,025000
0,168000;1,025000
0,169000;1,025000
0,170000;1,025000
0,171000;1,025000
0,172000;1,025000
0,173000;1,025000
0,174000;1,025000
0,175000;1,025000
0,176000;1,025000
0,177000;1,025000
0,178000;1,025000
0,179000;1,025000
0,180000;1,025000
0,181000;1,025000
0,182000;1,025000
0,183000;1,025000
0,184000;1,025000
0,185000;1,025000
0,186000;1,025000
0,187000;1,025000
0,188000;1,025000
0,189000;1,025000
0,190000;1,025000
0,191000;1,025000
0,192000;1,025000
0,193000;1,025000
0,194000;1,025000
0,195000;1,025000
0,196000;1,025000
0,197000;1,025000
0,198000;1,025000
0,199000;1,025000
0,200000;1,025000
0,201000;1,025000
0,202000;1,025000
0,203000;1,025000
0,204000;1,025000
0,205000;1,025000
0,206000;1,025000
0,207000;1,025000
0,208000;1,025000
0,209000;1,025000
0,210000;1,025000
0,211000;1,025000
0,212000;1,025000
0,213000;1,025000
0,214000;1,025000
0,215000;1,025000
0,216000;1,025000
0,217000;1,025000
0,218000;1,025000
0,219000;1,025000
0,220000;1,025000
0,221000;1,025000
0,222000;1,025000
0,223000;1,025000
0,224000;1,025000
0,225000;1,025000
0,226000;1,025000
0,227000;1,025000
0,228000;1,025000
0,229000;1,025000
0,230000;1,025000
0,231000;1,025000
0,232000;1,025000
0,233000;1,025000
0,234000;1,025000
0,235000;1,025000
0,236000;1,025000
0,237000;1,025000
0,238000;1,025000
0,239000;1,025000
0,240000;1,025000
0,241000;1,025000
0,242000;1,025000
0,243000;1,025000
0,244000;1,025000
0,245000;1,025000
0,246000;1,025000
0,247000;1,025000
0,248000;1,025000
0,249000;1,025000
0,250000;1,025000
0,251000;1,025000
0,252000;1,025000
0,253000;1,025000
0,254000;1,025000
0,255000;1,025000
0,256000;1,025000
0,257000;1,025000
0,258000;1,025000
0,259000;1,025000
0,260000;1,025000
0,261000;1,025000
0,262000;1,025000
0,263000;1,025000
0,264000;1,025000
0,265000;1,025000
0,266000;1,025000
0,267000;1,025000
0,268000;1,025000
0,269000;1,025000
0,270000;1,025000
0,271000;1,025000
0,272000;1,025000
0,273000;1,025000
0,274000;1,025000
0,275000;1,025000
0,276000;1,025000
0,277000;1,025000
0,278000;1,025000
0,279000;1,025000
0,280000;1,025000
0,281000;1,025000
0,282000;1,025000
0,283000;1,025000
0,284000;1,025000
0,285000;1,025000
0,286000;1,025000
0,287000;1,025000
0,288000;1,025000
0,289000;1,025000
0,290000;1,025000
0,291000;1,025000
0,292000;1,025000
0,293000;1,025000
0,294000;1,025000
0,295000;1,025000
0,296000;1,025000
0,297000;1,025000
0,298000;1,025000
0,299000;1,025000
0,300000;1,025000
0,301000;1,025000
0,302000;1,025000
0,303000;1,025000
0,304000;1,025000
0,305000;1,025000
0,306000;1,025000
0,307000;1,025000
0,308000;1,025000
0,309000;1,025000
0,310000;1,025000
0,311000;1,025000
0,312000;1,025000
0,313000;1,025000
0,314000;1,025000
0,315000;1,025000
0,316000;1,025000
0,317000;1,025000
0,318000;1,025000
0,319000;1,025000
0,320000;1,025000
0,321000;1,025000
0,322000;1,025000
0,323000;1,025000
0,324000;1,025000
0,325000;1,025000
0,326000;1,025000
0,327000;1,025000
0,328000;1,025000
0,329000;1,025000
0,330000;1,025000
0,331000;1,025000
0,332000;1,025000
0,333000;1,025000
0,334000;1,025000
0,335000;1,025000
0,336000;1,025000
0,337000;1,025000
0,338000;1,025000
0,339000;1,025000
0,340000;1,025000
0,341000;1,025000
0,342000;1,025000
0,343000;1,025000
0,344000;1,025000
0,345000;1,025000
0,346000;1,025000
0,347000;1,025000
0,348000;1,025000
0,349000;1,025000
0,350000;1,025000
0,351000;1,025000
0,352000;1,025000
0,353000;1,025000
0,354000;1,025000
0,355000;1,025000
0,356000;1,025000
0,357000;1,025000
0,358000;1,025000
0,359000;1,025000
0,360000;1,025000
0,361000;1,025000
0,362000;1,025000
0,363000;1,025000
0,364000;1,025000
0,365000;1,025000
0,366000;1,025000
0,367000;1,025000
0,368000;1,025000
0,369000;1,025000
0,370000;1,025000
0,371000;1,025000
0,372000;1,025000
0,373000;1,025000
0,374000;1,025000
0,375000;1,025000
0,376000;1,025000
0,377000;1,025000
0,378000;1,025000
0,379000;1,025000
0,380000;1,025000
0,381000;1,025000
0,382000;1,025000
0,383000;1,025000
0,384000;1,025000
0,385000;1,025000
0,386000;1,025000
0,387000;1,025000
0,388000;1,025000
0,389000;1,025000
0,390000;1,025000
0,391000;1,025000
0,392000;1,025000
0,393000;1,025000
0,394000;1,025000
0,395000;1,025000
0,396000;1,025000
0,397000;1,025000
0,398000;1,025000
0,399000;1,025000
0,400000;1,025000
0,401000;1,025000
0,402000;1,025000
0,403000;1,025000
0,404000;1,025000
0,405000;1,025000
0,406000;1,025000
0,407000;1,025000
0,408000;1,025000
0,409000;1,025000
0,410000;1,025000
0,411000;1,025000
0,412000;1,025000
0,413000;1,025000
0,414000;1,025000
0,415000;1,025000
0,416000;1,025000
0,417000;1,025000
0,418000;1,025000
0,419000;1,025000
0,420000;1,025000
0,421000;1,025000
0,422000;1,025000
0,423000;1,025000
0,424000;1,025000
0,425000;1,025000
0,426000;1,025000
0,427000;1,025000
0,428000;1,025000
0,429000;1,025000
0,430000;1,025000
0,431000;1,025000
0,432000;1,025000
0,433000;1,025000
0,434000;1,025000
0,435000;1,025000
0,436000;1,025000
0,437000;1,025000
0,438000;1,025000
0,439000;1,025000
0,440000;1,025000
0,441000;1,025000
0,442000;1,025000
0,443000;1,025000
0,444000;1,025000
0,445000;1,025000
0,446000;1,025000
0,447000;1,025000
0,448000;1,025000
0,449000;1,025000
0,450000;1,025000
0,451000;1,025000
0,452000;1,025000
0,453000;1,025000
0,454000;1,025000
0,455000;1,025000
0,456000;1,025000
0,457000;1,025000
0,458000;1,025000
0,459000;1,025000
0,460000;1,025000
0,461000;1,025000
0,462000;1,025000
0,463000;1,025000
0,464000;1,025000
0,465000;1,025000
0,466000;1,025000
0,467000;1,025000
0,468000;1,025000
0,469000;1,025000
0,470000;1,025000
0,471000;1,025000
0,472000;1,025000
0,473000;1,025000
0,474000;1,025000
0,475000;1,025000
0,476000;1,025000
0,477000;1,025000
0,478000;1,025000
0,479000;1,025000
0,480000;1,025000
0,481000;1,025000
0,482000;1,025000
0,483000;1,025000
0,484000;1,025000
0,485000;1,025000
0,486000;1,025000
0,487000;1,025000
0,488000;1,025000
0,489000;1,025000
0,490000;1,025000
0,491000;1,025000
0,492000;1,025000
0,493000;1,025000
0,494000;1,025000
0,495000;1,025000
0,496000;1,025000
0,497000;1,025000
0,498000;1,025000
0,499000;1,025000
0,500000;1,025000
0,501000;1,025000
0,502000;1,025000
0,503000;1,025000
0,504000;1,025000
0,505000;1,025000
0,506000;1,025000
0,507000;1,025000
0,508000;1,025000
0,509000;1,025000
0,510000;1,025000
0,511000;1,025000
0,512000;1,025000
0,513000;1,025000
0,514000;1,025000
0,515000;1,025000
0,516000;1,025000
0,517000;1,025000
0,518000;1,025000
0,519000;1,025000
0,520000;1,025000
0,521000;1,025000
0,522000;1,025000
0,523000;1,025000
0,524000;1,025000
0,525000;1,025000
0,526000;1,025000
0,527000;1,025000
0,528000;1,025000
0,529000;1,025000
0,530000;1,025000
0,531000;1,025000
0,532000;1,025000
0,533000;1,025000
0,534000;1,025000
0,535000;1,025000
0,536000;1,025000
0,537000;1,025000
0,538000;1,025000
0,539000;1,025000
0,540000;1,025000
0,541000;1,025000
0,542000;1,025000
0,543000;1,025000
0,544000;1,025000
0,545000;1,025000
0,546000;1,025000
0,547000;1,025000
0,548000;1,025000
0,549000;1,025000
0,550000;1,025000
0,551000;1,025000
0,552000;1,025000
0,553000;1,025000
0,554000;1,025000
0,555000;1,025000
0,556000;1,025000
0,557000;1,025000
0,558000;1,025000
0,559000;1,025000
0,560000;1,025000
0,561000;1,025000
0,562000;1,025000
0,563000;1,025000
0,564000;1,025000
0,565000;1,025000
0,566000;1,025000
0,567000;1,025000
0,568000;1,025000
0,569000;1,025000
0,570000;1,025000
0,571000;1,025000
0,572000;1,025000
0,573000;1,025000
0,574000;1,025000
0,575000;1,025000
0,576000;1,025000
0,577000;1,025000
0,578000;1,025000
0,579000;1,025000
0,580000;1,025000
0,581000;1,025000
0,582000;1,025000
0,583000;1,025000
0,584000;1,025000
0,585000;1,025000
0,586000;1,025000
0,587000;1,025000
0,588000;1,025000
0,589000;1,025000
0,590000;1,025000
0,591000;1,025000
0,592000;1,025000
0,593000;1,025000
0,594000;1,025000
0,595000;1,025000
0,596000;1,025000
0,597000;1,025000
0,598000;1,025000
0,599000;1,025000
0,600000;1,025000
0,601000;1,025000
0,602000;1,025000
0,603000;1,025000
0,604000;1,025000
0,605000;1,025000
0,606000;1,025000
0,607000;1,025000
0,608000;1,025000
0,609000;1,025000
0,610000;1,025000
0,611000;1,025000
0,612000;1,025000
0,613000;1,025000
0,614000;1,025000
0,615000;1,025000
0,616000;1,025000
0,617000;1,025000
0,618000;1,025000
0,619000;1,025000
0,620000;1,025000
0,621000;1,025000
0,622000;1,025000
0,623000;1,025000
0,624000;1,025000
0,625000;1,025000
0,626000;1,025000
0,627000;1,025000
0,628000;1,025000
0,629000;1,025000
0,630000;1,025000
0,631000;1,025000
0,632000;1,025000
0,633000;1,025000
0,634000;1,025000
0,635000;1,025000
0,636000;1,025000
0,637000;1,025000
0,638000;1,025000
0,639000;1,025000
0,640000;1,025000
0,641000;1,025000
0,642000;1,025000
0,643000;1,025000
0,644000;1,025000
0,645000;1,025000
0,646000;1,025000
0,647000;1,025000
0,648000;1,025000
0,649000;1,025000
0,650000;1,025000
0,651000;1,025000
0,652000;1,025000
0,653000;1,025000
0,654000;1,025000
0,655000;1,025000
0,656000;1,025000
0,657000;1,025000
0,658000;1,025000
0,659000;1,025000
0,660000;1,025000
0,661000;1,025000
0,662000;1,025000
0,663000;1,025000
0,664000;1,025000
0,665000;1,025000
0,666000;1,025000
0,667000;1,025000
0,668000;1,025000
0,669000;1,025000
0,670000;1,025000
0,671000;1,025000
0,672000;1,025000
0,673000;1,025000
0,674000;1,025000
0,675000;1,025000
0,676000;1,025000
0,677000;1,025000
0,678000;1,025000
0,679000;1,025000
0,680000;1,025000
0,681000;1,025000
0,682000;1,025000
0,683000;1,025000
0,684000;1,025000
0,685000;1,025000
0,686000;1,025000
0,687000;1,025000
0,688000;1,025000
0,689000;1,025000
0,690000;1,025000
0,691000;1,025000
0,692000;1,025000
0,693000;1,025000
0,694000;1,025000
0,695000;1,025000
0,696000;1,025000
0,697000;1,025000
0,698000;1,025000
0,699000;1,025000
0,700000;1,025000
0,701000;1,025000
0,702000;1,025000
0,703000;1,025000
0,704000;1,025000
0,705000;1,025000
0,706000;1,025000
0,707000;1,025000
0,708000;1,025000
0,709000;1,025000
0,710000;1,025000
0,711000;1,025000
0,712000;1,025000
0,713000;1,025000
0,714000;1,025000
0,715000;1,025000
0,716000;1,025000
0,717000;1,025000
0,718000;1,025000
0,719000;1,025000
0,720000;1,025000
0,721000;1,025000
0,722000;1,025000
0,723000;1,025000
0,724000;1,025000
0,725000;1,025000
0,726000;1,025000
0,727000;1,025000
0,728000;1,025000
0,729000;1,025000
0,730000;1,025000
0,731000;1,025000
0,732000;1,025000
0,733000;1,025000
0,734000;1,025000
0,735000;1,025000
0,736000;1,025000
0,737000;1,025000
0,738000;1,025000
0,739000;1,025000
0,740000;1,025000
0,741000;1,025000
0,742000;1,025000
0,743000;1,025000
0,744000;1,025000
0,745000;1,025000
0,746000;1,025000
0,747000;1,025000
0,748000;1,025000
0,749000;1,025000
0,750000;1,025000
0,751000;1,025000
0,752000;1,025000
0,753000;1,025000
0,754000;1,025000
0,755000;1,025000
0,756000;1,025000
0,757000;1,025000
0,758000;1,025000
0,759000;1,025000
0,760000;1,025000
0,761000;1,025000
0,762000;1,025000
0,763000;1,025000
0,764000;1,025000
0,765000;1,025000
0,766000;1,025000
0,767000;1,025000
0,768000;1,025000
0,769000;1,025000
0,770000;1,025000
0,771000;1,025000
0,772000;1,025000
0,773000;1,025000
0,774000;1,025000
0,775000;1,025000
0,776000;1,025000
0,777000;1,025000
0,778000;1,025000
0,779000;1,025000
0,780000;1,025000
0,781000;1,025000
0,782000;1,025000
0,783000;1,025000
0,784000;1,025000
0,785000;1,025000
0,786000;1,025000
0,787000;1,025000
0,788000;1,025000
0,789000;1,025000
0,790000;1,025000
0,791000;1,025000
0,792000;1,025000
0,793000;1,025000
0,794000;1,025000
0,795000;1,025000
0,796000;1,025000
0,797000;1,025000
0,798000;1,025000
0,799000;1,025000
0,800000;1,025000
0,801000;1,025000
0,802000;1,025000
0,803000;1,025000
0,804000;1,025000
0,805000;1,025000
0,806000;1,025000
0,807000;1,025000
0,808000;1,025000
0,809000;1,025000
0,810000;1,025000
0,811000;1,025000
0,812000;1,025000
0,813000;1,025000
0,814000;1,025000
0,815000;1,025000
0,816000;1,025000
0,817000;1,025000
0,818000;1,025000
0,819000;1,025000
0,820000;1,025000
0,821000;1,025000
0,822000;1,025000
0,823000;1,025000
0,824000;1,025000
0,825000;1,025000
0,826000;1,025000
0,827000;1,025000
0,828000;1,025000
0,829000;1,025000
0,830000;1,025000
0,831000;1,025000
0,832000;1,025000
0,833000;1,025000
0,834000;1,025000
0,835000;1,025000
0,836000;1,025000
0,837000;1,025000
0,838000;1,025000
0,839000;1,025000
0,840000;1,025000
0,841000;1,025000
0,842000;1,025000
0,843000;1,025000
0,844000;1,025000
0,845000;1,025000
0,846000;1,025000
0,847000;1,025000
0,848000;1,025000
0,849000;1,025000
0,850000;1,025000
0,851000;1,025000
0,852000;1,025000
0,853000;1,025000
0,854000;1,025000
0,855000;1,025000
0,856000;1,025000
0,857000;1,025000
0,858000;1,025000
0,859000;1,025000
0,860000;1,025000
0,861000;1,025000
0,862000;1,025000
0,863000;1,025000
0,864000;1,025000
0,865000;1,025000
0,866000;1,025000
0,867000;1,025000
0,868000;1,025000
0,869000;1,025000
0,870000;1,025000
0,871000;1,025000
0,872000;1,025000
0,873000;1,025000
0,874000;1,025000
0,875000;1,025000
0,876000;1,025000
0,877000;1,025000
0,878000;1,025000
0,879000;1,025000
0,880000;1,025000
0,881000;1,025000
0,882000;1,025000
0,883000;1,025000
0,884000;1,025000
0,885000;1,025000
0,886000;1,025000
0,887000;1,025000
0,888000;1,025000
0,889000;1,025000
0,890000;1,025000
0,891000;1,025000
0,892000;1,025000
0,893000;1,025000
0,894000;1,025000
0,895000;1,025000
0,896000;1,025000
0,897000;1,025000
0,898000;1,025000
0,899000;1,025000
0,900000;1,025000
0,901000;1,025000
0,902000;1,025000
0,903000;1,025000
0,904000;1,025000
0,905000;1,025000
0,906000;1,025000
0,907000;1,025000
0,908000;1,025000
0,909000;1,025000
0,910000;1,025000
0,911000;1,025000
0,912000;1,025000
0,913000;1,025000
0,914000;1,025000
0,915000;1,025000
0,916000;1,025000
0,917000;1,025000
0,918000;1,025000
0,919000;1,025000
0,920000;1,025000
0,921000;1,025000
0,922000;1,025000
0,923000;1,025000
0,924000;1,025000
0,925000;1,025000
0,926000;1,025000
0,927000;1,025000
0,928000;1,025000
0,929000;1,025000
0,930000;1,025000
0,931000;1,025000
0,932000;1,025000
0,933000;1,025000
0,934000;1,025000
0,935000;1,025000
0,936000;1,025000
0,937000;1,025000
0,938000;1,025000
0,939000;1,025000
0,940000;1,025000
0,941000;1,025000
0,942000;1,025000
0,943000;1,025000
0,944000;1,025000
0,945000;1,025000
0,946000;1,025000
0,947000;1,025000
0,948000;1,025000
0,949000;1,025000
0,950000;1,025000
0,951000;1,025000
0,952000;1,025000
0,953000;1,025000
0,954000;1,025000
0,955000;1,025000
0,956000;1,025000
0,957000;1,025000
0,958000;1,025000
0,959000;1,025000
0,960000;1,025000
0,961000;1,025000
0,962000;1,025000
0,963000;1,025000
0,964000;1,025000
0,965000;1,025000
0,966000;1,025000
0,967000;1,025000
0,968000;1,025000
0,969000;1,025000
0,970000;1,025000
0,971000;1,025000
0,972000;1,025000
0,973000;1,025000
0,974000;1,025000
0,975000;1,025000
0,976000;1,025000
0,977000;1,025000
0,978000;1,025000
0,979000;1,025000
0,980000;1,025000
0,981000;1,025000
0,982000;1,025000
0,983000;1,025000
0,984000;1,025000
0,985000;1,025000
0,986000;1,025000
0,987000;1,025000
0,988000;1,025000
0,989000;1,025000
0,990000;1,025000
0,991000;1,025000
0,992000;1,025000
0,993000;1,025000
0,994000;1,025000
0,995000;1,025000
0,996000;1,025000
0,997000;1,025000
0,998000;1,025000
0,999000;1,025000
1,000000;1,025000
1,000500;0,401313
1,001167;0,399966
1,002167;0,397969
1,003167;0,396007
1,004167;0,394075
1,005167;0,392171
1,006167;0,390296
1,007167;0,388450
1,008167;0,386631
1,009167;0,384840
1,010167;0,383075
1,011167;0,381337
1,012167;0,379625
1,013167;0,377939
1,014167;0,376278
1,015167;0,374641
1,016167;0,373029
1,017167;0,371442
1,018167;0,369878
1,019167;0,368337
1,020167;0,366819
1,021167;0,365324
1,022167;0,363851
1,023167;0,362399
1,024167;0,360970
1,025167;0,359561
1,026167;0,358173
1,027167;0,356806
1,028167;0,355459
1,029167;0,354132
1,030167;0,352824
1,031167;0,351536
1,032167;0,350266
1,033167;0,349015
1,034167;0,347782
1,035167;0,346568
1,036167;0,345371
1,037167;0,344191
1,038167;0,343029
1,039167;0,341883
1,040167;0,340754
1,041167;0,339642
1,042167;0,338545
1,043167;0,337464
1,044167;0,336399
1,045167;0,335349
1,046167;0,334314
1,047167;0,333294
1,048167;0,332288
1,049167;0,331297
1,050000;0,330482
1,050500;0,856283
1,051167;0,856849
1,052167;0,857686
1,053167;0,858508
1,054167;0,859317
1,055167;0,860113
1,056167;0,860896
1,057167;0,861667
1,058167;0,862425
1,059167;0,863171
1,060167;0,863905
1,061167;0,864627
1,062167;0,865338
1,063167;0,866037
1,064167;0,866724
1,065167;0,867401
1,066167;0,868066
1,067167;0,868720
1,068167;0,869364
1,069167;0,869997
1,070167;0,870620
1,071167;0,871232
1,072167;0,871834
1,073167;0,872426
1,074167;0,873008
1,075167;0,873581
1,076167;0,874144
1,077167;0,874697
1,078167;0,875241
1,079167;0,875775
1,080167;0,876301
1,081167;0,876817
1,082167;0,877325
1,083167;0,877823
1,084167;0,878313
1,085167;0,878795
1,086167;0,879268
1,087167;0,879732
1,088167;0,880189
1,089167;0,880637
1,090167;0,881077
1,091167;0,881509
1,092167;0,881934
1,093167;0,882351
1,094167;0,882760
1,095167;0,883161
1,096167;0,883555
1,097167;0,883942
1,098167;0,884321
1,099167;0,884694
1,100167;0,885059
1,101167;0,885417
1,102167;0,885768
1,103167;0,886112
1,104167;0,886450
1,105167;0,886781
1,106167;0,887105
1,107167;0,887423
1,108167;0,887734
1,109167;0,888039
1,110167;0,888338
1,111167;0,888630
1,112167;0,888916
1,113167;0,889197
1,114167;0,889471
1,115167;0,889739
1,116167;0,890001
1,117167;0,890258
1,118167;0,890508
1,119167;0,890753
1,120167;0,890993
1,121167;0,891226
1,122167;0,891455
1,123167;0,891677
1,124167;0,891895
1,125167;0,892107
1,126167;0,892314
1,127167;0,892515
1,128167;0,892712
1,129167;0,892903
1,130167;0,893089
1,131167;0,893271
1,132167;0,893447
1,133167;0,893618
1,134167;0,893785
1,135167;0,893946
1,136167;0,894103
1,137167;0,894256
1,138167;0,894403
1,139167;0,894546
1,140167;0,894684
1,141167;0,894818
1,142167;0,894948
1,143167;0,895073
1,144167;0,895193
1,145167;0,895309
1,146167;0,895421
1,147167;0,895529
1,148167;0,895632
1,149167;0,895731
1,150167;0,895826
1,151167;0,895917
1,152167;0,896004
1,153167;0,896087
1,154167;0,896166
1,155167;0,896241
1,156167;0,896311
1,157167;0,896378
1,158167;0,896442
1,159167;0,896501
1,160167;0,896556
1,161167;0,896608
1,162167;0,896656
1,163167;0,896701
1,164167;0,896741
1,165167;0,896779
1,166167;0,896812
1,167167;0,896842
1,168167;0,896869
1,169167;0,896891
1,170167;0,896911
1,171167;0,896927
1,172167;0,896940
1,173167;0,896949
1,174167;0,896955
1,175167;0,896957
1,176167;0,896957
1,177167;0,896953
1,178167;0,896945
1,179167;0,896935
1,180167;0,896921
1,181167;0,896904
1,182167;0,896884
1,183167;0,896861
1,184167;0,896835
1,185167;0,896806
1,186167;0,896774
1,187167;0,896739
1,188167;0,896700
1,189167;0,896659
1,190167;0,896615
1,191167;0,896568
1,192167;0,896518
1,193167;0,896465
1,194167;0,896410
1,195167;0,896351
1,196167;0,896290
1,197167;0,896226
1,198167;0,896159
1,199167;0,896090
1,200167;0,896017
1,201167;0,895943
1,202167;0,895865
1,203167;0,895785
1,204167;0,895702
1,205167;0,895616
1,206167;0,895528
1,207167;0,895438
1,208167;0,895345
1,209167;0,895249
1,210167;0,895151
1,211167;0,895050
1,212167;0,894947
1,213167;0,894842
1,214167;0,894734
1,215167;0,894623
1,216167;0,894510
1,217167;0,894395
1,218167;0,894278
1,219167;0,894158
1,220167;0,894036
1,221167;0,893912
1,222167;0,893785
1,223167;0,893656
1,224167;0,893525
1,225167;0,893391
1,226167;0,893256
1,227167;0,893118
1,228167;0,892978
1,229167;0,892836
1,230167;0,892692
1,231167;0,892546
1,232167;0,892397
1,233167;0,892247
1,234167;0,892094
1,235167;0,891939
1,236167;0,891783
1,237167;0,891624
1,238167;0,891464
1,239167;0,891301
1,240167;0,891136
1,241167;0,890970
1,242167;0,890802
1,243167;0,890631
1,244167;0,890459
1,245167;0,890285
1,246167;0,890109
1,247167;0,889931
1,248167;0,889752
1,249167;0,889570
1,250167;0,889387
1,251167;0,889202
1,252167;0,889015
1,253167;0,888827
1,254167;0,888636
1,255167;0,888444
1,256167;0,888251
1,257167;0,888055
1,258167;0,887858
1,259167;0,887660
1,260167;0,887459
1,261167;0,887257
1,262167;0,887054
1,263167;0,886849
1,264167;0,886642
1,265167;0,886434
1,266167;0,886224
1,267167;0,886013
1,268167;0,885800
1,269167;0,885585
1,270167;0,885370
1,271167;0,885152
1,272167;0,884933
1,273167;0,884713
1,274167;0,884492
1,275167;0,884269
1,276167;0,884044
1,277167;0,883818
1,278167;0,883591
1,279167;0,883363
1,280167;0,883133
1,281167;0,882902
1,282167;0,882669
1,283167;0,882435
1,284167;0,882200
1,285167;0,881964
1,286167;0,881726
1,287167;0,881487
1,288167;0,881247
1,289167;0,881006
1,290167;0,880764
1,291167;0,880520
1,292167;0,880275
1,293167;0,880029
1,294167;0,879782
1,295167;0,879534
1,296167;0,879285
1,297167;0,879034
1,298167;0,878783
1,299167;0,878530
1,300167;0,878277
1,301167;0,878022
1,302167;0,877767
1,303167;0,877510
1,304167;0,877252
1,305167;0,876994
1,306167;0,876734
1,307167;0,876473
1,308167;0,876212
1,309167;0,875950
1,310167;0,875686
1,311167;0,875422
1,312167;0,875157
1,313167;0,874891
1,314167;0,874624
1,315167;0,874356
1,316167;0,874088
1,317167;0,873818
1,318167;0,873548
1,319167;0,873277
1,320167;0,873006
1,321167;0,872733
1,322167;0,872460
1,323167;0,872186
1,324167;0,871911
1,325167;0,871636
1,326167;0,871360
1,327167;0,871083
1,328167;0,870805
1,329167;0,870527
1,330167;0,870248
1,331167;0,869969
1,332167;0,869689
1,333167;0,869408
1,334167;0,869127
1,335167;0,868845
1,336167;0,868563
1,337167;0,868280
1,338167;0,867996
1,339167;0,867712
1,340167;0,867428
1,341167;0,867142
1,342167;0,866857
1,343167;0,866571
1,344167;0,866284
1,345167;0,865997
1,346167;0,865710
1,347167;0,865422
1,348167;0,865134
1,349167;0,864845
1,350167;0,864556
1,351167;0,864266
1,352167;0,863976
1,353167;0,863686
1,354167;0,863396
1,355167;0,863105
1,356167;0,862813
1,357167;0,862522
1,358167;0,862230
1,359167;0,861938
1,360167;0,861645
1,361167;0,861353
1,362167;0,861060
1,363167;0,860766
1,364167;0,860473
1,365167;0,860179
1,366167;0,859885
1,367167;0,859591
1,368167;0,859297
1,369167;0,859002
1,370167;0,858708
1,371167;0,858413
1,372167;0,858118
1,373167;0,857823
1,374167;0,857528
1,375167;0,857232
1,376167;0,856937
1,377167;0,856642
1,378167;0,856346
1,379167;0,856050
1,380167;0,855755
1,381167;0,855459
1,382167;0,855163
1,383167;0,854867
1,384167;0,854571
1,385167;0,854276
1,386167;0,853980
1,387167;0,853684
1,388167;0,853388
1,389167;0,853092
1,390167;0,852797
1,391167;0,852501
1,392167;0,852205
1,393167;0,851910
1,394167;0,851614
1,395167;0,851319
1,396167;0,851024
1,397167;0,850729
1,398167;0,850434
1,399167;0,850139
1,400167;0,849844
1,401167;0,849549
1,402167;0,849255
1,403167;0,848961
1,404167;0,848667
1,405167;0,848373
1,406167;0,848079
1,407167;0,847785
1,408167;0,847492
1,409167;0,847199
1,410167;0,846906
1,411167;0,846614
1,412167;0,846321
1,413167;0,846029
1,414167;0,845738
1,415167;0,845446
1,416167;0,845155
1,417167;0,844864
1,418167;0,844573
1,419167;0,844283
1,420167;0,843993
1,421167;0,843703
1,422167;0,843414
1,423167;0,843125
1,424167;0,842836
1,425167;0,842548
1,426167;0,842260
1,427167;0,841972
1,428167;0,841685
1,429167;0,841399
1,430167;0,841112
1,431167;0,840826
1,432167;0,840541
1,433167;0,840256
1,434167;0,839971
1,435167;0,839687
1,436167;0,839403
1,437167;0,839119
1,438167;0,838837
1,439167;0,838554
1,440167;0,838272
1,441167;0,837991
1,442167;0,837710
1,443167;0,837429
1,444167;0,837149
1,445167;0,836870
1,446167;0,836591
1,447167;0,836312
1,448167;0,836034
1,449167;0,835757
1,450167;0,835480
1,451167;0,835204
1,452167;0,834928
1,453167;0,834653
1,454167;0,834379
1,455167;0,834105
1,456167;0,833831
1,457167;0,833558
1,458167;0,833286
1,459167;0,833014
1,460167;0,832743
1,461167;0,832473
1,462167;0,832203
1,463167;0,831934
1,464167;0,831665
1,465167;0,831397
1,466167;0,831130
1,467167;0,830863
1,468167;0,830597
1,469167;0,830332
1,470167;0,830067
1,471167;0,829803
1,472167;0,829540
1,473167;0,829277
1,474167;0,829015
1,475167;0,828754
1,476167;0,828494
1,477167;0,828234
1,478167;0,827974
1,479167;0,827716
1,480167;0,827458
1,481167;0,827201
1,482167;0,826945
1,483167;0,826689
1,484167;0,826434
1,485167;0,826180
1,486167;0,825927
1,487167;0,825674
1,488167;0,825422
1,489167;0,825171
1,490167;0,824921
1,491167;0,824671
1,492167;0,824423
1,493167;0,824174
1,494167;0,823927
1,495167;0,823681
1,496167;0,823435
1,497167;0,823190
1,498167;0,822946
1,499167;0,822703
1,500167;0,822460
1,501167;0,822218
1,502167;0,821977
1,503167;0,821737
1,504167;0,821498
1,505167;0,821260
1,506167;0,821022
1,507167;0,820785
1,508167;0,820549
1,509167;0,820314
1,510167;0,820080
1,511167;0,819846
1,512167;0,819614
1,513167;0,819382
1,514167;0,819151
1,515167;0,818921
1,516167;0,818692
1,517167;0,818463
1,518167;0,818236
1,519167;0,818009
1,520167;0,817784
1,521167;0,817559
1,522167;0,817335
1,523167;0,817112
1,524167;0,816889
1,525167;0,816668
1,526167;0,816448
1,527167;0,816228
1,528167;0,816009
1,529167;0,815792
1,530167;0,815575
1,531167;0,815359
1,532167;0,815144
1,533167;0,814930
1,534167;0,814716
1,535167;0,814504
1,536167;0,814292
1,537167;0,814082
1,538167;0,813872
1,539167;0,813664
1,540167;0,813456
1,541167;0,813249
1,542167;0,813043
1,543167;0,812838
1,544167;0,812634
1,545167;0,812431
1,546167;0,812229
1,547167;0,812028
1,548167;0,811827
1,549167;0,811628
1,550167;0,811429
1,551167;0,811232
1,552167;0,811035
1,553167;0,810840
1,554167;0,810645
1,555167;0,810451
1,556167;0,810259
1,557167;0,810067
1,558167;0,809876
1,559167;0,809686
1,560167;0,809497
1,561167;0,809309
1,562167;0,809122
1,563167;0,808936
1,564167;0,808751
1,565167;0,808567
1,566167;0,808384
1,567167;0,808202
1,568167;0,808021
1,569167;0,807840
1,570167;0,807661
1,571167;0,807483
1,572167;0,807306
1,573167;0,807129
1,574167;0,806954
1,575167;0,806780
1,576167;0,806606
1,577167;0,806434
1,578167;0,806262
1,579167;0,806092
1,580167;0,805922
1,581167;0,805754
1,582167;0,805586
1,583167;0,805420
1,584167;0,805254
1,585167;0,805090
1,586167;0,804926
1,587167;0,804764
1,588167;0,804602
1,589167;0,804442
1,590167;0,804282
1,591167;0,804124
1,592167;0,803966
1,593167;0,803809
1,594167;0,803654
1,595167;0,803499
1,596167;0,803346
1,597167;0,803193
1,598167;0,803041
1,599167;0,802891
1,600167;0,802741
1,601167;0,802593
1,602167;0,802445
1,603167;0,802298
1,604167;0,802153
1,605167;0,802008
1,606167;0,801865
1,607167;0,801722
1,608167;0,801580
1,609167;0,801440
1,610167;0,801300
1,611167;0,801162
1,612167;0,801024
1,613167;0,800888
1,614167;0,800752
1,615167;0,800617
1,616167;0,800484
1,617167;0,800351
1,618167;0,800220
1,619167;0,800089
1,620167;0,799960
1,621167;0,799831
1,622167;0,799704
1,623167;0,799577
1,624167;0,799452
1,625167;0,799327
1,626167;0,799204
1,627167;0,799081
1,628167;0,798960
1,629167;0,798840
1,630167;0,798720
1,631167;0,798602
1,632167;0,798484
1,633167;0,798368
1,634167;0,798252
1,635167;0,798138
1,636167;0,798025
1,637167;0,797912
1,638167;0,797801
1,639167;0,797691
1,640167;0,797581
1,641167;0,797473
1,642167;0,797366
1,643167;0,797259
1,644167;0,797154
1,645167;0,797050
1,646167;0,796947
1,647167;0,796844
1,648167;0,796743
1,649167;0,796643
1,650167;0,796544
1,651167;0,796445
1,652167;0,796348
1,653167;0,796252
1,654167;0,796157
1,655167;0,796063
1,656167;0,795969
1,657167;0,795877
1,658167;0,795786
1,659167;0,795696
1,660167;0,795607
1,661167;0,795519
1,662167;0,795432
1,663167;0,795346
1,664167;0,795260
1,665167;0,795176
1,666167;0,795093
1,667167;0,795011
1,668167;0,794930
1,669167;0,794850
1,670167;0,794771
1,671167;0,794693
1,672167;0,794616
1,673167;0,794540
1,674167;0,794465
1,675167;0,794391
1,676167;0,794318
1,677167;0,794246
1,678167;0,794175
1,679167;0,794105
1,680167;0,794036
1,681167;0,793968
1,682167;0,793901
1,683167;0,793835
1,684167;0,793770
1,685167;0,793706
1,686167;0,793643
1,687167;0,793581
1,688167;0,793520
1,689167;0,793460
1,690167;0,793401
1,691167;0,793343
1,692167;0,793286
1,693167;0,793231
1,694167;0,793176
1,695167;0,793122
1,696167;0,793069
1,697167;0,793017
1,698167;0,792966
1,699167;0,792916
1,700167;0,792867
1,701167;0,792819
1,702167;0,792772
1,703167;0,792726
1,704167;0,792681
1,705167;0,792637
1,706167;0,792595
1,707167;0,792553
1,708167;0,792512
1,709167;0,792472
1,710167;0,792433
1,711167;0,792395
1,712167;0,792358
1,713167;0,792322
1,714167;0,792287
1,715167;0,792253
1,716167;0,792220
1,717167;0,792188
1,718167;0,792157
1,719167;0,792127
1,720167;0,792098
1,721167;0,792070
1,722167;0,792043
1,723167;0,792017
1,724167;0,791992
1,725167;0,791968
1,726167;0,791945
1,727167;0,791923
1,728167;0,791902
1,729167;0,791882
1,730167;0,791863
1,731167;0,791845
1,732167;0,791828
1,733167;0,791812
1,734167;0,791797
1,735167;0,791783
1,736167;0,791770
1,737167;0,791758
1,738167;0,791746
1,739167;0,791736
1,740167;0,791727
1,741167;0,791719
1,742167;0,791712
1,743167;0,791706
1,744167;0,791700
1,745167;0,791696
1,746167;0,791693
1,747167;0,791691
1,748167;0,791689
1,749167;0,791689
1,750167;0,791690
1,751167;0,791692
1,752167;0,791694
1,753167;0,791698
1,754167;0,791703
1,755167;0,791708
1,756167;0,791715
1,757167;0,791722
1,758167;0,791731
1,759167;0,791741
1,760167;0,791751
1,761167;0,791763
1,762167;0,791775
1,763167;0,791789
1,764167;0,791803
1,765167;0,791819
1,766167;0,791835
1,767167;0,791852
1,768167;0,791871
1,769167;0,791890
1,770167;0,791911
1,771167;0,791932
1,772167;0,791954
1,773167;0,791977
1,774167;0,792002
1,775167;0,792027
1,776167;0,792053
1,777167;0,792080
1,778167;0,792108
1,779167;0,792137
1,780167;0,792168
1,781167;0,792199
1,782167;0,792231
1,783167;0,792264
1,784167;0,792298
1,785167;0,792333
1,786167;0,792369
1,787167;0,792405
1,788167;0,792443
1,789167;0,792482
1,790167;0,792522
1,791167;0,792563
1,792167;0,792604
1,793167;0,792647
1,794167;0,792691
1,795167;0,792735
1,796167;0,792781
1,797167;0,792828
1,798167;0,792875
1,799167;0,792924
1,800167;0,792973
1,801167;0,793024
1,802167;0,793075
1,803167;0,793127
1,804167;0,793181
1,805167;0,793235
1,806167;0,793290
1,807167;0,793346
1,808167;0,793404
1,809167;0,793462
1,810167;0,793521
1,811167;0,793581
1,812167;0,793642
1,813167;0,793704
1,814167;0,793767
1,815167;0,793831
1,816167;0,793896
1,817167;0,793961
1,818167;0,794028
1,819167;0,794096
1,820167;0,794164
1,821167;0,794234
1,822167;0,794305
1,823167;0,794376
1,824167;0,794449
1,825167;0,794522
1,826167;0,794596
1,827167;0,794672
1,828167;0,794748
1,829167;0,794825
1,830167;0,794903
1,831167;0,794982
1,832167;0,795062
1,833167;0,795143
1,834167;0,795225
1,835167;0,795308
1,836167;0,795392
1,837167;0,795477
1,838167;0,795562
1,839167;0,795649
1,840167;0,795737
1,841167;0,795825
1,842167;0,795915
1,843167;0,796005
1,844167;0,796096
1,845167;0,796189
1,846167;0,796282
1,847167;0,796376
1,848167;0,796471
1,849167;0,796567
1,850167;0,796664
1,851167;0,796762
1,852167;0,796861
1,853167;0,796960
1,854167;0,797061
1,855167;0,797163
1,856167;0,797265
1,857167;0,797368
1,858167;0,797473
1,859167;0,797578
1,860167;0,797684
1,861167;0,797791
1,862167;0,797899
1,863167;0,798008
1,864167;0,798118
1,865167;0,798229
1,866167;0,798341
1,867167;0,798453
1,868167;0,798567
1,869167;0,798681
1,870167;0,798797
1,871167;0,798913
1,872167;0,799030
1,873167;0,799148
1,874167;0,799267
1,875167;0,799387
1,876167;0,799508
1,877167;0,799629
1,878167;0,799752
1,879167;0,799875
1,880167;0,800000
1,881167;0,800125
1,882167;0,800251
1,883167;0,800378
1,884167;0,800506
1,885167;0,800635
1,886167;0,800765
1,887167;0,800895
1,888167;0,801027
1,889167;0,801159
1,890167;0,801293
1,891167;0,801427
1,892167;0,801562
1,893167;0,801698
1,894167;0,801835
1,895167;0,801972
1,896167;0,802111
1,897167;0,802250
1,898167;0,802391
1,899167;0,802532
1,900167;0,802674
1,901167;0,802817
1,902167;0,802960
1,903167;0,803105
1,904167;0,803251
1,905167;0,803397
1,906167;0,803544
1,907167;0,803692
1,908167;0,803841
1,909167;0,803991
1,910167;0,804142
1,911167;0,804293
1,912167;0,804445
1,913167;0,804599
1,914167;0,804753
1,915167;0,804907
1,916167;0,805063
1,917167;0,805220
1,918167;0,805377
1,919167;0,805535
1,920167;0,805694
1,921167;0,805854
1,922167;0,806015
1,923167;0,806176
1,924167;0,806339
1,925167;0,806502
1,926167;0,806666
1,927167;0,806831
1,928167;0,806996
1,929167;0,807163
1,930167;0,807330
1,931167;0,807498
1,932167;0,807667
1,933167;0,807836
1,934167;0,808007
1,935167;0,808178
1,936167;0,808350
1,937167;0,808523
1,938167;0,808696
1,939167;0,808871
1,940167;0,809046
1,941167;0,809222
1,942167;0,809399
1,943167;0,809576
1,944167;0,809754
1,945167;0,809934
1,946167;0,810113
1,947167;0,810294
1,948167;0,810475
1,949167;0,810657
1,950167;0,810840
1,951167;0,811024
1,952167;0,811208
1,953167;0,811394
1,954167;0,811579
1,955167;0,811766
1,956167;0,811953
1,957167;0,812142
1,958167;0,812330
1,959167;0,812520
1,960167;0,812710
1,961167;0,812901
1,962167;0,813093
1,963167;0,813286
1,964167;0,813479
1,965167;0,813673
1,966167;0,813867
1,967167;0,814063
1,968167;0,814259
1,969167;0,814455
1,970167;0,814653
1,971167;0,814851
1,972167;0,815050
1,973167;0,815249
1,974167;0,815449
1,975167;0,815650
1,976167;0,815852
1,977167;0,816054
1,978167;0,816257
1,979167;0,816461
1,980167;0,816665
1,981167;0,816870
1,982167;0,817075
1,983167;0,817281
1,984167;0,817488
1,985167;0,817696
1,986167;0,817904
1,987167;0,818112
1,988167;0,818322
1,989167;0,818532
1,990167;0,818742
1,991167;0,818954
1,992167;0,819166
1,993167;0,819378
1,994167;0,819591
1,995167;0,819805
1,996167;0,820019
1,997167;0,820234
1,998167;0,820450
1,999167;0,820666
2,000167;0,820882
2,001167;0,821100
2,002167;0,821318
2,003167;0,821536
2,004167;0,821755
2,005167;0,821974
2,006167;0,822195
2,007167;0,822415
2,008167;0,822636
2,009167;0,822858
2,010167;0,823080
2,011167;0,823303
2,012167;0,823527
2,013167;0,823751
2,014167;0,823975
2,015167;0,824200
2,016167;0,824425
2,017167;0,824651
2,018167;0,824878
2,019167;0,825105
2,020167;0,825332
2,021167;0,825560
2,022167;0,825789
2,023167;0,826018
2,024167;0,826247
2,025167;0,826477
2,026167;0,826707
2,027167;0,826938
2,028167;0,827169
2,029167;0,827401
2,030167;0,827633
2,031167;0,827866
2,032167;0,828099
2,033167;0,828333
2,034167;0,828567
2,035167;0,828801
2,036167;0,829036
2,037167;0,829271
2,038167;0,829506
2,039167;0,829743
2,040167;0,829979
2,041167;0,830216
2,042167;0,830453
2,043167;0,830690
2,044167;0,830928
2,045167;0,831167
2,046167;0,831405
2,047167;0,831645
2,048167;0,831884
2,049167;0,832124
2,050167;0,832364
2,051167;0,832604
2,052167;0,832845
2,053167;0,833086
2,054167;0,833328
2,055167;0,833569
2,056167;0,833811
2,057167;0,834054
2,058167;0,834297
2,059167;0,834540
2,060167;0,834783
2,061167;0,835026
2,062167;0,835270
2,063167;0,835514
2,064167;0,835759
2,065167;0,836003
2,066167;0,836248
2,067167;0,836493
2,068167;0,836739
2,069167;0,836984
2,070167;0,837230
2,071167;0,837476
2,072167;0,837723
2,073167;0,837969
2,074167;0,838216
2,075167;0,838463
2,076167;0,838710
2,077167;0,838958
2,078167;0,839205
2,079167;0,839453
2,080167;0,839701
2,081167;0,839949
2,082167;0,840197
2,083167;0,840446
2,084167;0,840694
2,085167;0,840943
2,086167;0,841192
2,087167;0,841441
2,088167;0,841690
2,089167;0,841939
2,090167;0,842188
2,091167;0,842438
2,092167;0,842687
2,093167;0,842937
2,094167;0,843187
2,095167;0,843437
2,096167;0,843687
2,097167;0,843937
2,098167;0,844187
2,099167;0,844437
2,100167;0,844687
2,101167;0,844937
2,102167;0,845188
2,103167;0,845438
2,104167;0,845688
2,105167;0,845939
2,106167;0,846189
2,107167;0,846439
2,108167;0,846690
2,109167;0,846940
2,110167;0,847191
2,111167;0,847441
2,112167;0,847692
2,113167;0,847942
2,114167;0,848192
2,115167;0,848443
2,116167;0,848693
2,117167;0,848943
2,118167;0,849193
2,119167;0,849443
2,120167;0,849694
2,121167;0,849944
2,122167;0,850193
2,123167;0,850443
2,124167;0,850693
2,125167;0,850943
2,126167;0,851192
2,127167;0,851442
2,128167;0,851691
2,129167;0,851940
2,130167;0,852189
2,131167;0,852438
2,132167;0,852687
2,133167;0,852936
2,134167;0,853184
2,135167;0,853433
2,136167;0,853681
2,137167;0,853929
2,138167;0,854177
2,139167;0,854424
2,140167;0,854672
2,141167;0,854919
2,142167;0,855166
2,143167;0,855413
2,144167;0,855660
2,145167;0,855906
2,146167;0,856153
2,147167;0,856399
2,148167;0,856644
2,149167;0,856890
2,150167;0,857135
2,151167;0,857380
2,152167;0,857625
2,153167;0,857870
2,154167;0,858114
2,155167;0,858358
2,156167;0,858602
2,157167;0,858845
2,158167;0,859088
2,159167;0,859331
2,160167;0,859574
2,161167;0,859816
2,162167;0,860058
2,163167;0,860300
2,164167;0,860541
2,165167;0,860782
2,166167;0,861022
2,167167;0,861263
2,168167;0,861503
2,169167;0,861742
2,170167;0,861982
2,171167;0,862220
2,172167;0,862459
2,173167;0,862697
2,174167;0,862935
2,175167;0,863172
2,176167;0,863409
2,177167;0,863646
2,178167;0,863882
2,179167;0,864118
2,180167;0,864353
2,181167;0,864588
2,182167;0,864823
2,183167;0,865057
2,184167;0,865291
2,185167;0,865524
2,186167;0,865757
2,187167;0,865989
2,188167;0,866221
2,189167;0,866453
2,190167;0,866684
2,191167;0,866914
2,192167;0,867144
2,193167;0,867374
2,194167;0,867603
2,195167;0,867832
2,196167;0,868060
2,197167;0,868288
2,198167;0,868515
2,199167;0,868742
2,200167;0,868968
2,201167;0,869193
2,202167;0,869419
2,203167;0,869643
2,204167;0,869867
2,205167;0,870091
2,206167;0,870314
2,207167;0,870537
2,208167;0,870759
2,209167;0,870980
2,210167;0,871201
2,211167;0,871421
2,212167;0,871641
2,213167;0,871860
2,214167;0,872079
2,215167;0,872297
2,216167;0,872514
2,217167;0,872731
2,218167;0,872948
2,219167;0,873163
2,220167;0,873379
2,221167;0,873593
2,222167;0,873807
2,223167;0,874021
2,224167;0,874233
2,225167;0,874446
2,226167;0,874657
2,227167;0,874868
2,228167;0,875078
2,229167;0,875288
2,230167;0,875497
2,231167;0,875706
2,232167;0,875913
2,233167;0,876121
2,234167;0,876327
2,235167;0,876533
2,236167;0,876738
2,237167;0,876943
2,238167;0,877147
2,239167;0,877350
2,240167;0,877553
2,241167;0,877755
2,242167;0,877956
2,243167;0,878157
2,244167;0,878357
2,245167;0,878556
2,246167;0,878755
2,247167;0,878953
2,248167;0,879150
2,249167;0,879346
2,250167;0,879542
2,251167;0,879738
2,252167;0,879932
2,253167;0,880126
2,254167;0,880319
2,255167;0,880511
2,256167;0,880703
2,257167;0,880894
2,258167;0,881084
2,259167;0,881274
2,260167;0,881463
2,261167;0,881651
2,262167;0,881839
2,263167;0,882025
2,264167;0,882211
2,265167;0,882397
2,266167;0,882581
2,267167;0,882765
2,268167;0,882948
2,269167;0,883130
2,270167;0,883312
2,271167;0,883493
2,272167;0,883673
2,273167;0,883852
2,274167;0,884031
2,275167;0,884209
2,276167;0,884386
2,277167;0,884563
2,278167;0,884738
2,279167;0,884913
2,280167;0,885088
2,281167;0,885261
2,282167;0,885434
2,283167;0,885606
2,284167;0,885777
2,285167;0,885947
2,286167;0,886117
2,287167;0,886286
2,288167;0,886454
2,289167;0,886621
2,290167;0,886788
2,291167;0,886954
2,292167;0,887119
2,293167;0,887283
2,294167;0,887446
2,295167;0,887609
2,296167;0,887771
2,297167;0,887932
2,298167;0,888093
2,299167;0,888252
2,300167;0,888411
2,301167;0,888569
2,302167;0,888726
2,303167;0,888883
2,304167;0,889039
2,305167;0,889194
2,306167;0,889348
2,307167;0,889501
2,308167;0,889654
2,309167;0,889806
2,310167;0,889957
2,311167;0,890107
2,312167;0,890256
2,313167;0,890405
2,314167;0,890553
2,315167;0,890700
2,316167;0,890846
2,317167;0,890992
2,318167;0,891136
2,319167;0,891280
2,320167;0,891423
2,321167;0,891566
2,322167;0,891707
2,323167;0,891848
2,324167;0,891988
2,325167;0,892127
2,326167;0,892265
2,327167;0,892403
2,328167;0,892539
2,329167;0,892675
2,330167;0,892811
2,331167;0,892945
2,332167;0,893078
2,333167;0,893211
2,334167;0,893343
2,335167;0,893474
2,336167;0,893605
2,337167;0,893734
2,338167;0,893863
2,339167;0,893991
2,340167;0,894118
2,341167;0,894244
2,342167;0,894370
2,343167;0,894495
2,344167;0,894618
2,345167;0,894742
2,346167;0,894864
2,347167;0,894985
2,348167;0,895106
2,349167;0,895226
2,350167;0,895345
2,351167;0,895464
2,352167;0,895581
2,353167;0,895698
2,354167;0,895814
2,355167;0,895929
2,356167;0,896043
2,357167;0,896157
2,358167;0,896269
2,359167;0,896381
2,360167;0,896493
2,361167;0,896603
2,362167;0,896712
2,363167;0,896821
2,364167;0,896929
2,365167;0,897036
2,366167;0,897142
2,367167;0,897248
2,368167;0,897353
2,369167;0,897457
2,370167;0,897560
2,371167;0,897662
2,372167;0,897764
2,373167;0,897864
2,374167;0,897964
2,375167;0,898063
2,376167;0,898162
2,377167;0,898259
2,378167;0,898356
2,379167;0,898452
2,380167;0,898547
2,381167;0,898641
2,382167;0,898735
2,383167;0,898828
2,384167;0,898920
2,385167;0,899011
2,386167;0,899101
2,387167;0,899191
2,388167;0,899280
2,389167;0,899368
2,390167;0,899455
2,391167;0,899541
2,392167;0,899627
2,393167;0,899712
2,394167;0,899796
2,395167;0,899879
2,396167;0,899961
2,397167;0,900043
2,398167;0,900124
2,399167;0,900204
2,400167;0,900283
2,401167;0,900362
2,402167;0,900439
2,403167;0,900516
2,404167;0,900592
2,405167;0,900668
2,406167;0,900742
2,407167;0,900816
2,408167;0,900889
2,409167;0,900961
2,410167;0,901033
2,411167;0,901103
2,412167;0,901173
2,413167;0,901242
2,414167;0,901310
2,415167;0,901378
2,416167;0,901445
2,417167;0,901510
2,418167;0,901576
2,419167;0,901640
2,420167;0,901704
2,421167;0,901766
2,422167;0,901828
2,423167;0,901889
2,424167;0,901950
2,425167;0,902010
2,426167;0,902068
2,427167;0,902127
2,428167;0,902184
2,429167;0,902240
2,430167;0,902296
2,431167;0,902351
2,432167;0,902405
2,433167;0,902459
2,434167;0,902511
2,435167;0,902563
2,436167;0,902614
2,437167;0,902665
2,438167;0,902714
2,439167;0,902763
2,440167;0,902811
2,441167;0,902858
2,442167;0,902905
2,443167;0,902950
2,444167;0,902995
2,445167;0,903039
2,446167;0,903083
2,447167;0,903125
2,448167;0,903167
2,449167;0,903208
2,450167;0,903249
2,451167;0,903288
2,452167;0,903327
2,453167;0,903365
2,454167;0,903402
2,455167;0,903438
2,456167;0,903474
2,457167;0,903509
2,458167;0,903543
2,459167;0,903577
2,460167;0,903609
2,461167;0,903641
2,462167;0,903672
2,463167;0,903702
2,464167;0,903732
2,465167;0,903761
2,466167;0,903789
2,467167;0,903816
2,468167;0,903843
2,469167;0,903868
2,470167;0,903893
2,471167;0,903918
2,472167;0,903941
2,473167;0,903964
2,474167;0,903986
2,475167;0,904007
2,476167;0,904028
2,477167;0,904047
2,478167;0,904066
2,479167;0,904084
2,480167;0,904102
2,481167;0,904119
2,482167;0,904135
2,483167;0,904150
2,484167;0,904164
2,485167;0,904178
2,486167;0,904191
2,487167;0,904203
2,488167;0,904214
2,489167;0,904225
2,490167;0,904235
2,491167;0,904244
2,492167;0,904253
2,493167;0,904260
2,494167;0,904267
2,495167;0,904274
2,496167;0,904279
2,497167;0,904284
2,498167;0,904288
2,499167;0,904291
2,500167;0,904294
2,501167;0,904295
2,502167;0,904296
2,503167;0,904297
2,504167;0,904296
2,505167;0,904295
2,506167;0,904293
2,507167;0,904291
2,508167;0,904287
2,509167;0,904283
2,510167;0,904278
2,511167;0,904273
2,512167;0,904266
2,513167;0,904259
2,514167;0,904252
2,515167;0,904243
2,516167;0,904234
2,517167;0,904224
2,518167;0,904213
2,519167;0,904202
2,520167;0,904190
2,521167;0,904177
2,522167;0,904163
2,523167;0,904149
2,524167;0,904134
2,525167;0,904118
2,526167;0,904102
2,527167;0,904085
2,528167;0,904067
2,529167;0,904048
2,530167;0,904029
2,531167;0,904009
2,532167;0,903989
2,533167;0,903967
2,534167;0,903945
2,535167;0,903922
2,536167;0,903899
2,537167;0,903874
2,538167;0,903849
2,539167;0,903824
2,540167;0,903797
2,541167;0,903770
2,542167;0,903743
2,543167;0,903714
2,544167;0,903685
2,545167;0,903655
2,546167;0,903625
2,547167;0,903594
2,548167;0,903562
2,549167;0,903529
2,550167;0,903496
2,551167;0,903462
2,552167;0,903427
2,553167;0,903392
2,554167;0,903356
2,555167;0,903319
2,556167;0,903282
2,557167;0,903244
2,558167;0,903205
2,559167;0,903165
2,560167;0,903125
2,561167;0,903085
2,562167;0,903043
2,563167;0,903001
2,564167;0,902958
2,565167;0,902915
2,566167;0,902871
2,567167;0,902826
2,568167;0,902781
2,569167;0,902734
2,570167;0,902688
2,571167;0,902640
2,572167;0,902592
2,573167;0,902544
2,574167;0,902494
2,575167;0,902444
2,576167;0,902394
2,577167;0,902342
2,578167;0,902290
2,579167;0,902238
2,580167;0,902184
2,581167;0,902131
2,582167;0,902076
2,583167;0,902021
2,584167;0,901965
2,585167;0,901909
2,586167;0,901852
2,587167;0,901794
2,588167;0,901736
2,589167;0,901677
2,590167;0,901617
2,591167;0,901557
2,592167;0,901496
2,593167;0,901435
2,594167;0,901373
2,595167;0,901310
2,596167;0,901247
2,597167;0,901183
2,598167;0,901118
2,599167;0,901053
2,600167;0,900988
2,601167;0,900921
2,602167;0,900855
2,603167;0,900787
2,604167;0,900719
2,605167;0,900650
2,606167;0,900581
2,607167;0,900511
2,608167;0,900441
2,609167;0,900370
2,610167;0,900298
2,611167;0,900226
2,612167;0,900153
2,613167;0,900080
2,614167;0,900006
2,615167;0,899932
2,616167;0,899857
2,617167;0,899781
2,618167;0,899705
2,619167;0,899628
2,620167;0,899551
2,621167;0,899473
2,622167;0,899394
2,623167;0,899316
2,624167;0,899236
2,625167;0,899156
2,626167;0,899075
2,627167;0,898994
2,628167;0,898913
2,629167;0,898830
2,630167;0,898748
2,631167;0,898664
2,632167;0,898580
2,633167;0,898496
2,634167;0,898411
2,635167;0,898326
2,636167;0,898240
2,637167;0,898154
2,638167;0,898067
2,639167;0,897979
2,640167;0,897891
2,641167;0,897803
2,642167;0,897714
2,643167;0,897624
2,644167;0,897534
2,645167;0,897444
2,646167;0,897353
2,647167;0,897261
2,648167;0,897169
2,649167;0,897077
2,650167;0,896984
2,651167;0,896891
2,652167;0,896797
2,653167;0,896702
2,654167;0,896608
2,655167;0,896512
2,656167;0,896417
2,657167;0,896320
2,658167;0,896224
2,659167;0,896126
2,660167;0,896029
2,661167;0,895931
2,662167;0,895832
2,663167;0,895733
2,664167;0,895634
2,665167;0,895534
2,666167;0,895434
2,667167;0,895333
2,668167;0,895232
2,669167;0,895130
2,670167;0,895028
2,671167;0,894926
2,672167;0,894823
2,673167;0,894720
2,674167;0,894616
2,675167;0,894512
2,676167;0,894407
2,677167;0,894302
2,678167;0,894197
2,679167;0,894091
2,680167;0,893985
2,681167;0,893878
2,682167;0,893771
2,683167;0,893664
2,684167;0,893556
2,685167;0,893448
2,686167;0,893340
2,687167;0,893231
2,688167;0,893122
2,689167;0,893012
2,690167;0,892902
2,691167;0,892791
2,692167;0,892681
2,693167;0,892570
2,694167;0,892458
2,695167;0,892346
2,696167;0,892234
2,697167;0,892122
2,698167;0,892009
2,699167;0,891896
2,700167;0,891782
2,701167;0,891668
2,702167;0,891554
2,703167;0,891439
2,704167;0,891324
2,705167;0,891209
2,706167;0,891094
2,707167;0,890978
2,708167;0,890862
2,709167;0,890745
2,710167;0,890628
2,711167;0,890511
2,712167;0,890394
2,713167;0,890276
2,714167;0,890158
2,715167;0,890040
2,716167;0,889921
2,717167;0,889802
2,718167;0,889683
2,719167;0,889564
2,720167;0,889444
2,721167;0,889324
2,722167;0,889204
2,723167;0,889083
2,724167;0,888962
2,725167;0,888841
2,726167;0,888720
2,727167;0,888598
2,728167;0,888476
2,729167;0,888354
2,730167;0,888232
2,731167;0,888109
2,732167;0,887986
2,733167;0,887863
2,734167;0,887739
2,735167;0,887616
2,736167;0,887492
2,737167;0,887368
2,738167;0,887244
2,739167;0,887119
2,740167;0,886994
2,741167;0,886869
2,742167;0,886744
2,743167;0,886619
2,744167;0,886493
2,745167;0,886367
2,746167;0,886241
2,747167;0,886115
2,748167;0,885989
2,749167;0,885862
2,750167;0,885736
2,751167;0,885609
2,752167;0,885481
2,753167;0,885354
2,754167;0,885227
2,755167;0,885099
2,756167;0,884971
2,757167;0,884843
2,758167;0,884715
2,759167;0,884586
2,760167;0,884458
2,761167;0,884329
2,762167;0,884200
2,763167;0,884071
2,764167;0,883942
2,765167;0,883813
2,766167;0,883684
2,767167;0,883554
2,768167;0,883424
2,769167;0,883295
2,770167;0,883165
2,771167;0,883035
2,772167;0,882904
2,773167;0,882774
2,774167;0,882644
2,775167;0,882513
2,776167;0,882382
2,777167;0,882252
2,778167;0,882121
2,779167;0,881990
2,780167;0,881859
2,781167;0,881728
2,782167;0,881596
2,783167;0,881465
2,784167;0,881334
2,785167;0,881202
2,786167;0,881070
2,787167;0,880939
2,788167;0,880807
2,789167;0,880675
2,790167;0,880543
2,791167;0,880411
2,792167;0,880279
2,793167;0,880147
2,794167;0,880015
2,795167;0,879883
2,796167;0,879750
2,797167;0,879618
2,798167;0,879486
2,799167;0,879353
2,800167;0,879221
2,801167;0,879088
2,802167;0,878956
2,803167;0,878823
2,804167;0,878690
2,805167;0,878558
2,806167;0,878425
2,807167;0,878293
2,808167;0,878160
2,809167;0,878027
2,810167;0,877894
2,811167;0,877762
2,812167;0,877629
2,813167;0,877496
2,814167;0,877363
2,815167;0,877231
2,816167;0,877098
2,817167;0,876965
2,818167;0,876833
2,819167;0,876700
2,820167;0,876567
2,821167;0,876435
2,822167;0,876302
2,823167;0,876169
2,824167;0,876037
2,825167;0,875904
2,826167;0,875772
2,827167;0,875639
2,828167;0,875507
2,829167;0,875374
2,830167;0,875242
2,831167;0,875109
2,832167;0,874977
2,833167;0,874845
2,834167;0,874713
2,835167;0,874581
2,836167;0,874449
2,837167;0,874317
2,838167;0,874185
2,839167;0,874053
2,840167;0,873921
2,841167;0,873789
2,842167;0,873658
2,843167;0,873526
2,844167;0,873395
2,845167;0,873263
2,846167;0,873132
2,847167;0,873001
2,848167;0,872870
2,849167;0,872738
2,850167;0,872608
2,851167;0,872477
2,852167;0,872346
2,853167;0,872215
2,854167;0,872085
2,855167;0,871954
2,856167;0,871824
2,857167;0,871694
2,858167;0,871564
2,859167;0,871434
2,860167;0,871304
2,861167;0,871174
2,862167;0,871045
2,863167;0,870916
2,864167;0,870786
2,865167;0,870657
2,866167;0,870528
2,867167;0,870399
2,868167;0,870270
2,869167;0,870142
2,870167;0,870013
2,871167;0,869885
2,872167;0,869757
2,873167;0,869629
2,874167;0,869501
2,875167;0,869374
2,876167;0,869246
2,877167;0,869119
2,878167;0,868992
2,879167;0,868865
2,880167;0,868738
2,881167;0,868611
2,882167;0,868485
2,883167;0,868359
2,884167;0,868233
2,885167;0,868107
2,886167;0,867981
2,887167;0,867856
2,888167;0,867730
2,889167;0,867605
2,890167;0,867480
2,891167;0,867356
2,892167;0,867231
2,893167;0,867107
2,894167;0,866983
2,895167;0,866859
2,896167;0,866736
2,897167;0,866612
2,898167;0,866489
2,899167;0,866366
2,900167;0,866243
2,901167;0,866121
2,902167;0,865998
2,903167;0,865876
2,904167;0,865755
2,905167;0,865633
2,906167;0,865512
2,907167;0,865390
2,908167;0,865270
2,909167;0,865149
2,910167;0,865029
2,911167;0,864909
2,912167;0,864789
2,913167;0,864669
2,914167;0,864550
2,915167;0,864431
2,916167;0,864312
2,917167;0,864193
2,918167;0,864075
2,919167;0,863957
2,920167;0,863839
2,921167;0,863722
2,922167;0,863604
2,923167;0,863488
2,924167;0,863371
2,925167;0,863255
2,926167;0,863138
2,927167;0,863023
2,928167;0,862907
2,929167;0,862792
2,930167;0,862677
2,931167;0,862562
2,932167;0,862448
2,933167;0,862334
2,934167;0,862220
2,935167;0,862107
2,936167;0,861994
2,937167;0,861881
2,938167;0,861769
2,939167;0,861657
2,940167;0,861545
2,941167;0,861433
2,942167;0,861322
2,943167;0,861211
2,944167;0,861101
2,945167;0,860990
2,946167;0,860880
2,947167;0,860771
2,948167;0,860662
2,949167;0,860553
2,950167;0,860444
2,951167;0,860336
2,952167;0,860228
2,953167;0,860121
2,954167;0,860013
2,955167;0,859907
2,956167;0,859800
2,957167;0,859694
2,958167;0,859588
2,959167;0,859483
2,960167;0,859378
2,961167;0,859273
2,962167;0,859169
2,963167;0,859065
2,964167;0,858961
2,965167;0,858858
2,966167;0,858755
2,967167;0,858653
2,968167;0,858550
2,969167;0,858449
2,970167;0,858347
2,971167;0,858246
2,972167;0,858146
2,973167;0,858045
2,974167;0,857946
2,975167;0,857846
2,976167;0,857747
2,977167;0,857649
2,978167;0,857550
2,979167;0,857452
2,980167;0,857355
2,981167;0,857258
2,982167;0,857161
2,983167;0,857065
2,984167;0,856969
2,985167;0,856874
2,986167;0,856779
2,987167;0,856684
2,988167;0,856590
2,989167;0,856496
2,990167;0,856403
2,991167;0,856310
2,992167;0,856217
2,993167;0,856125
2,994167;0,856033
2,995167;0,855942
2,996167;0,855851
2,997167;0,855761
2,998167;0,855671
2,999167;0,855581
3,000167;0,855492
3,001167;0,855403
3,002167;0,855315
3,003167;0,855227
3,004167;0,855140
3,005167;0,855053
3,006167;0,854967
3,007167;0,854881
3,008167;0,854795
3,009167;0,854710
3,010167;0,854625
3,011167;0,854541
3,012167;0,854457
3,013167;0,854374
3,014167;0,854291
3,015167;0,854209
3,016167;0,854127
3,017167;0,854045
3,018167;0,853964
3,019167;0,853884
3,020167;0,853804
3,021167;0,853724
3,022167;0,853645
3,023167;0,853567
3,024167;0,853488
3,025167;0,853411
3,026167;0,853333
3,027167;0,853257
3,028167;0,853180
3,029167;0,853105
3,030167;0,853029
3,031167;0,852955
3,032167;0,852880
3,033167;0,852806
3,034167;0,852733
3,035167;0,852660
3,036167;0,852588
3,037167;0,852516
3,038167;0,852445
3,039167;0,852374
3,040167;0,852303
3,041167;0,852234
3,042167;0,852164
3,043167;0,852095
3,044167;0,852027
3,045167;0,851959
3,046167;0,851892
3,047167;0,851825
3,048167;0,851759
3,049167;0,851693
3,050167;0,851627
3,051167;0,851563
3,052167;0,851498
3,053167;0,851435
3,054167;0,851371
3,055167;0,851309
3,056167;0,851246
3,057167;0,851185
3,058167;0,851124
3,059167;0,851063
3,060167;0,851003
3,061167;0,850943
3,062167;0,850884
3,063167;0,850826
3,064167;0,850768
3,065167;0,850710
3,066167;0,850653
3,067167;0,850597
3,068167;0,850541
3,069167;0,850485
3,070167;0,850431
3,071167;0,850376
3,072167;0,850323
3,073167;0,850269
3,074167;0,850217
3,075167;0,850165
3,076167;0,850113
3,077167;0,850062
3,078167;0,850011
3,079167;0,849961
3,080167;0,849912
3,081167;0,849863
3,082167;0,849815
3,083167;0,849767
3,084167;0,849720
3,085167;0,849673
3,086167;0,849627
3,087167;0,849582
3,088167;0,849537
3,089167;0,849492
3,090167;0,849448
3,091167;0,849405
3,092167;0,849362
3,093167;0,849320
3,094167;0,849278
3,095167;0,849237
3,096167;0,849196
3,097167;0,849156
3,098167;0,849117
3,099167;0,849078
3,100167;0,849040
3,101167;0,849002
3,102167;0,848965
3,103167;0,848928
3,104167;0,848892
3,105167;0,848857
3,106167;0,848822
3,107167;0,848787
3,108167;0,848754
3,109167;0,848720
3,110167;0,848688
3,111167;0,848656
3,112167;0,848624
3,113167;0,848593
3,114167;0,848563
3,115167;0,848533
3,116167;0,848504
3,117167;0,848475
3,118167;0,848447
3,119167;0,848420
3,120167;0,848393
3,121167;0,848366
3,122167;0,848341
3,123167;0,848316
3,124167;0,848291
3,125167;0,848267
3,126167;0,848243
3,127167;0,848220
3,128167;0,848198
3,129167;0,848176
3,130167;0,848155
3,131167;0,848135
3,132167;0,848115
3,133167;0,848095
3,134167;0,848076
3,135167;0,848058
3,136167;0,848041
3,137167;0,848023
3,138167;0,848007
3,139167;0,847991
3,140167;0,847976
3,141167;0,847961
3,142167;0,847947
3,143167;0,847933
3,144167;0,847920
3,145167;0,847907
3,146167;0,847896
3,147167;0,847884
3,148167;0,847874
3,149167;0,847863
3,150167;0,847854
3,151167;0,847845
3,152167;0,847837
3,153167;0,847829
3,154167;0,847822
3,155167;0,847815
3,156167;0,847809
3,157167;0,847803
3,158167;0,847798
3,159167;0,847794
3,160167;0,847790
3,161167;0,847787
3,162167;0,847785
3,163167;0,847783
3,164167;0,847781
3,165167;0,847780
3,166167;0,847780
3,167167;0,847780
3,168167;0,847781
3,169167;0,847783
3,170167;0,847785
3,171167;0,847788
3,172167;0,847791
3,173167;0,847795
3,174167;0,847799
3,175167;0,847804
3,176167;0,847809
3,177167;0,847816
3,178167;0,847822
3,179167;0,847829
3,180167;0,847837
3,181167;0,847846
3,182167;0,847855
3,183167;0,847864
3,184167;0,847874
3,185167;0,847885
3,186167;0,847896
3,187167;0,847908
3,188167;0,847920
3,189167;0,847933
3,190167;0,847947
3,191167;0,847961
3,192167;0,847976
3,193167;0,847991
3,194167;0,848007
3,195167;0,848023
3,196167;0,848040
3,197167;0,848058
3,198167;0,848076
3,199167;0,848094
3,200167;0,848114
3,201167;0,848133
3,202167;0,848154
3,203167;0,848174
3,204167;0,848196
3,205167;0,848218
3,206167;0,848240
3,207167;0,848264
3,208167;0,848287
3,209167;0,848311
3,210167;0,848336
3,211167;0,848361
3,212167;0,848387
3,213167;0,848414
3,214167;0,848441
3,215167;0,848468
3,216167;0,848496
3,217167;0,848525
3,218167;0,848554
3,219167;0,848584
3,220167;0,848614
3,221167;0,848645
3,222167;0,848676
3,223167;0,848708
3,224167;0,848740
3,225167;0,848773
3,226167;0,848807
3,227167;0,848841
3,228167;0,848875
3,229167;0,848910
3,230167;0,848946
3,231167;0,848982
3,232167;0,849019
3,233167;0,849056
3,234167;0,849094
3,235167;0,849132
3,236167;0,849171
3,237167;0,849210
3,238167;0,849250
3,239167;0,849290
3,240167;0,849331
3,241167;0,849372
3,242167;0,849414
3,243167;0,849456
3,244167;0,849499
3,245167;0,849543
3,246167;0,849587
3,247167;0,849631
3,248167;0,849676
3,249167;0,849721
3,250167;0,849767
3,251167;0,849814
3,252167;0,849861
3,253167;0,849908
3,254167;0,849956
3,255167;0,850004
3,256167;0,850053
3,257167;0,850103
3,258167;0,850153
3,259167;0,850203
3,260167;0,850254
3,261167;0,850305
3,262167;0,850357
3,263167;0,850409
3,264167;0,850462
3,265167;0,850515
3,266167;0,850569
3,267167;0,850623
3,268167;0,850678
3,269167;0,850733
3,270167;0,850788
3,271167;0,850845
3,272167;0,850901
3,273167;0,850958
3,274167;0,851015
3,275167;0,851073
3,276167;0,851132
3,277167;0,851190
3,278167;0,851250
3,279167;0,851309
3,280167;0,851370
3,281167;0,851430
3,282167;0,851491
3,283167;0,851553
3,284167;0,851615
3,285167;0,851677
3,286167;0,851740
3,287167;0,851803
3,288167;0,851867
3,289167;0,851931
3,290167;0,851995
3,291167;0,852060
3,292167;0,852125
3,293167;0,852191
3,294167;0,852257
3,295167;0,852324
3,296167;0,852391
3,297167;0,852458
3,298167;0,852526
3,299167;0,852594
3,300167;0,852663
3,301167;0,852732
3,302167;0,852801
3,303167;0,852871
3,304167;0,852942
3,305167;0,853012
3,306167;0,853083
3,307167;0,853154
3,308167;0,853226
3,309167;0,853298
3,310167;0,853371
3,311167;0,853444
3,312167;0,853517
3,313167;0,853591
3,314167;0,853665
3,315167;0,853739
3,316167;0,853814
3,317167;0,853889
3,318167;0,853965
3,319167;0,854040
3,320167;0,854117
3,321167;0,854193
3,322167;0,854270
3,323167;0,854347
3,324167;0,854425
3,325167;0,854503
3,326167;0,854581
3,327167;0,854660
3,328167;0,854738
3,329167;0,854818
3,330167;0,854897
3,331167;0,854977
3,332167;0,855058
3,333167;0,855138
3,334167;0,855219
3,335167;0,855300
3,336167;0,855382
3,337167;0,855463
3,338167;0,855546
3,339167;0,855628
3,340167;0,855711
3,341167;0,855794
3,342167;0,855877
3,343167;0,855961
3,344167;0,856045
3,345167;0,856129
3,346167;0,856213
3,347167;0,856298
3,348167;0,856383
3,349167;0,856469
3,350167;0,856554
3,351167;0,856640
3,352167;0,856726
3,353167;0,856813
3,354167;0,856899
3,355167;0,856986
3,356167;0,857073
3,357167;0,857161
3,358167;0,857249
3,359167;0,857337
3,360167;0,857425
3,361167;0,857513
3,362167;0,857602
3,363167;0,857691
3,364167;0,857780
3,365167;0,857869
3,366167;0,857959
3,367167;0,858049
3,368167;0,858139
3,369167;0,858229
3,370167;0,858320
3,371167;0,858411
3,372167;0,858502
3,373167;0,858593
3,374167;0,858684
3,375167;0,858776
3,376167;0,858867
3,377167;0,858959
3,378167;0,859052
3,379167;0,859144
3,380167;0,859237
3,381167;0,859329
3,382167;0,859422
3,383167;0,859515
3,384167;0,859609
3,385167;0,859702
3,386167;0,859796
3,387167;0,859890
3,388167;0,859984
3,389167;0,860078
3,390167;0,860172
3,391167;0,860266
3,392167;0,860361
3,393167;0,860456
3,394167;0,860551
3,395167;0,860646
3,396167;0,860741
3,397167;0,860836
3,398167;0,860932
3,399167;0,861028
3,400167;0,861123
3,401167;0,861219
3,402167;0,861315
3,403167;0,861411
3,404167;0,861508
3,405167;0,861604
3,406167;0,861701
3,407167;0,861797
3,408167;0,861894
3,409167;0,861991
3,410167;0,862088
3,411167;0,862185
3,412167;0,862282
3,413167;0,862379
3,414167;0,862476
3,415167;0,862574
3,416167;0,862671
3,417167;0,862769
3,418167;0,862866
3,419167;0,862964
3,420167;0,863062
3,421167;0,863160
3,422167;0,863258
3,423167;0,863356
3,424167;0,863454
3,425167;0,863552
3,426167;0,863650
3,427167;0,863749
3,428167;0,863847
3,429167;0,863945
3,430167;0,864044
3,431167;0,864142
3,432167;0,864241
3,433167;0,864339
3,434167;0,864438
3,435167;0,864536
3,436167;0,864635
3,437167;0,864734
3,438167;0,864832
3,439167;0,864931
3,440167;0,865030
3,441167;0,865129
3,442167;0,865227
3,443167;0,865326
3,444167;0,865425
3,445167;0,865524
3,446167;0,865622
3,447167;0,865721
3,448167;0,865820
3,449167;0,865919
3,450167;0,866018
3,451167;0,866116
3,452167;0,866215
3,453167;0,866314
3,454167;0,866412
3,455167;0,866511
3,456167;0,866610
3,457167;0,866708
3,458167;0,866807
3,459167;0,866906
3,460167;0,867004
3,461167;0,867103
3,462167;0,867201
3,463167;0,867300
3,464167;0,867398
3,465167;0,867496
3,466167;0,867595
3,467167;0,867693
3,468167;0,867791
3,469167;0,867889
3,470167;0,867987
3,471167;0,868085
3,472167;0,868183
3,473167;0,868281
3,474167;0,868379
3,475167;0,868477
3,476167;0,868574
3,477167;0,868672
3,478167;0,868769
3,479167;0,868867
3,480167;0,868964
3,481167;0,869061
3,482167;0,869158
3,483167;0,869255
3,484167;0,869352
3,485167;0,869449
3,486167;0,869546
3,487167;0,869643
3,488167;0,869739
3,489167;0,869836
3,490167;0,869932
3,491167;0,870028
3,492167;0,870124
3,493167;0,870220
3,494167;0,870316
3,495167;0,870412
3,496167;0,870508
3,497167;0,870603
3,498167;0,870698
3,499167;0,870794
3,500167;0,870889
3,501167;0,870984
3,502167;0,871079
3,503167;0,871173
3,504167;0,871268
3,505167;0,871362
3,506167;0,871457
3,507167;0,871551
3,508167;0,871645
3,509167;0,871739
3,510167;0,871832
3,511167;0,871926
3,512167;0,872019
3,513167;0,872112
3,514167;0,872205
3,515167;0,872298
3,516167;0,872391
3,517167;0,872484
3,518167;0,872576
3,519167;0,872668
3,520167;0,872760
3,521167;0,872852
3,522167;0,872944
3,523167;0,873035
3,524167;0,873126
3,525167;0,873218
3,526167;0,873308
3,527167;0,873399
3,528167;0,873490
3,529167;0,873580
3,530167;0,873670
3,531167;0,873760
3,532167;0,873850
3,533167;0,873940
3,534167;0,874029
3,535167;0,874118
3,536167;0,874207
3,537167;0,874296
3,538167;0,874384
3,539167;0,874473
3,540167;0,874561
3,541167;0,874649
3,542167;0,874736
3,543167;0,874824
3,544167;0,874911
3,545167;0,874998
3,546167;0,875085
3,547167;0,875172
3,548167;0,875258
3,549167;0,875344
3,550167;0,875430
3,551167;0,875516
3,552167;0,875601
3,553167;0,875686
3,554167;0,875771
3,555167;0,875856
3,556167;0,875940
3,557167;0,876025
3,558167;0,876109
3,559167;0,876192
3,560167;0,876276
3,561167;0,876359
3,562167;0,876442
3,563167;0,876525
3,564167;0,876607
3,565167;0,876689
3,566167;0,876771
3,567167;0,876853
3,568167;0,876935
3,569167;0,877016
3,570167;0,877097
3,571167;0,877177
3,572167;0,877258
3,573167;0,877338
3,574167;0,877418
3,575167;0,877498
3,576167;0,877577
3,577167;0,877656
3,578167;0,877735
3,579167;0,877813
3,580167;0,877892
3,581167;0,877969
3,582167;0,878047
3,583167;0,878125
3,584167;0,878202
3,585167;0,878279
3,586167;0,878355
3,587167;0,878431
3,588167;0,878507
3,589167;0,878583
3,590167;0,878659
3,591167;0,878734
3,592167;0,878808
3,593167;0,878883
3,594167;0,878957
3,595167;0,879031
3,596167;0,879105
3,597167;0,879178
3,598167;0,879251
3,599167;0,879324
3,600167;0,879397
3,601167;0,879469
3,602167;0,879541
3,603167;0,879612
3,604167;0,879683
3,605167;0,879754
3,606167;0,879825
3,607167;0,879895
3,608167;0,879965
3,609167;0,880035
3,610167;0,880104
3,611167;0,880173
3,612167;0,880242
3,613167;0,880311
3,614167;0,880379
3,615167;0,880447
3,616167;0,880514
3,617167;0,880581
3,618167;0,880648
3,619167;0,880715
3,620167;0,880781
3,621167;0,880847
3,622167;0,880913
3,623167;0,880978
3,624167;0,881043
3,625167;0,881107
3,626167;0,881172
3,627167;0,881236
3,628167;0,881299
3,629167;0,881363
3,630167;0,881425
3,631167;0,881488
3,632167;0,881550
3,633167;0,881612
3,634167;0,881674
3,635167;0,881735
3,636167;0,881796
3,637167;0,881857
3,638167;0,881917
3,639167;0,881977
3,640167;0,882037
3,641167;0,882096
3,642167;0,882155
3,643167;0,882214
3,644167;0,882272
3,645167;0,882330
3,646167;0,882388
3,647167;0,882445
3,648167;0,882502
3,649167;0,882558
3,650167;0,882615
3,651167;0,882670
3,652167;0,882726
3,653167;0,882781
3,654167;0,882836
3,655167;0,882891
3,656167;0,882945
3,657167;0,882998
3,658167;0,883052
3,659167;0,883105
3,660167;0,883158
3,661167;0,883210
3,662167;0,883262
3,663167;0,883314
3,664167;0,883365
3,665167;0,883416
3,666167;0,883467
3,667167;0,883517
3,668167;0,883567
3,669167;0,883617
3,670167;0,883666
3,671167;0,883715
3,672167;0,883763
3,673167;0,883811
3,674167;0,883859
3,675167;0,883907
3,676167;0,883954
3,677167;0,884001
3,678167;0,884047
3,679167;0,884093
3,680167;0,884139
3,681167;0,884184
3,682167;0,884229
3,683167;0,884273
3,684167;0,884318
3,685167;0,884361
3,686167;0,884405
3,687167;0,884448
3,688167;0,884491
3,689167;0,884533
3,690167;0,884575
3,691167;0,884617
3,692167;0,884658
3,693167;0,884699
3,694167;0,884740
3,695167;0,884780
3,696167;0,884820
3,697167;0,884859
3,698167;0,884898
3,699167;0,884937
3,700167;0,884976
3,701167;0,885014
3,702167;0,885051
3,703167;0,885088
3,704167;0,885125
3,705167;0,885162
3,706167;0,885198
3,707167;0,885234
3,708167;0,885269
3,709167;0,885305
3,710167;0,885339
3,711167;0,885374
3,712167;0,885408
3,713167;0,885441
3,714167;0,885474
3,715167;0,885507
3,716167;0,885540
3,717167;0,885572
3,718167;0,885604
3,719167;0,885635
3,720167;0,885666
3,721167;0,885697
3,722167;0,885727
3,723167;0,885757
3,724167;0,885787
3,725167;0,885816
3,726167;0,885845
3,727167;0,885873
3,728167;0,885901
3,729167;0,885929
3,730167;0,885956
3,731167;0,885983
3,732167;0,886010
3,733167;0,886036
3,734167;0,886062
3,735167;0,886087
3,736167;0,886112
3,737167;0,886137
3,738167;0,886162
3,739167;0,886186
3,740167;0,886209
3,741167;0,886232
3,742167;0,886255
3,743167;0,886278
3,744167;0,886300
3,745167;0,886322
3,746167;0,886343
3,747167;0,886364
3,748167;0,886385
3,749167;0,886405
3,750167;0,886425
3,751167;0,886445
3,752167;0,886464
3,753167;0,886483
3,754167;0,886501
3,755167;0,886519
3,756167;0,886537
3,757167;0,886554
3,758167;0,886571
3,759167;0,886588
3,760167;0,886604
3,761167;0,886620
3,762167;0,886635
3,763167;0,886651
3,764167;0,886665
3,765167;0,886680
3,766167;0,886694
3,767167;0,886707
3,768167;0,886721
3,769167;0,886734
3,770167;0,886746
3,771167;0,886758
3,772167;0,886770
3,773167;0,886781
3,774167;0,886793
3,775167;0,886803
3,776167;0,886814
3,777167;0,886824
3,778167;0,886833
3,779167;0,886842
3,780167;0,886851
3,781167;0,886860
3,782167;0,886868
3,783167;0,886876
3,784167;0,886883
3,785167;0,886890
3,786167;0,886897
3,787167;0,886903
3,788167;0,886909
3,789167;0,886915
3,790167;0,886920
3,791167;0,886925
3,792167;0,886929
3,793167;0,886933
3,794167;0,886937
3,795167;0,886940
3,796167;0,886944
3,797167;0,886946
3,798167;0,886949
3,799167;0,886950
3,800167;0,886952
3,801167;0,886953
3,802167;0,886954
3,803167;0,886955
3,804167;0,886955
3,805167;0,886955
3,806167;0,886954
3,807167;0,886953
3,808167;0,886952
3,809167;0,886950
3,810167;0,886948
3,811167;0,886946
3,812167;0,886943
3,813167;0,886940
3,814167;0,886937
3,815167;0,886933
3,816167;0,886929
3,817167;0,886924
3,818167;0,886919
3,819167;0,886914
3,820167;0,886908
3,821167;0,886903
3,822167;0,886896
3,823167;0,886890
3,824167;0,886883
3,825167;0,886875
3,826167;0,886868
3,827167;0,886860
3,828167;0,886851
3,829167;0,886842
3,830167;0,886833
3,831167;0,886824
3,832167;0,886814
3,833167;0,886804
3,834167;0,886793
3,835167;0,886783
3,836167;0,886771
3,837167;0,886760
3,838167;0,886748
3,839167;0,886736
3,840167;0,886723
3,841167;0,886710
3,842167;0,886697
3,843167;0,886683
3,844167;0,886669
3,845167;0,886655
3,846167;0,886641
3,847167;0,886626
3,848167;0,886610
3,849167;0,886595
3,850167;0,886579
3,851167;0,886562
3,852167;0,886545
3,853167;0,886528
3,854167;0,886511
3,855167;0,886493
3,856167;0,886475
3,857167;0,886457
3,858167;0,886438
3,859167;0,886419
3,860167;0,886400
3,861167;0,886380
3,862167;0,886360
3,863167;0,886340
3,864167;0,886319
3,865167;0,886298
3,866167;0,886276
3,867167;0,886255
3,868167;0,886233
3,869167;0,886210
3,870167;0,886187
3,871167;0,886164
3,872167;0,886141
3,873167;0,886117
3,874167;0,886093
3,875167;0,886069
3,876167;0,886044
3,877167;0,886019
3,878167;0,885994
3,879167;0,885968
3,880167;0,885942
3,881167;0,885916
3,882167;0,885889
3,883167;0,885862
3,884167;0,885835
3,885167;0,885807
3,886167;0,885779
3,887167;0,885751
3,888167;0,885723
3,889167;0,885694
3,890167;0,885665
3,891167;0,885635
3,892167;0,885605
3,893167;0,885575
3,894167;0,885545
3,895167;0,885514
3,896167;0,885483
3,897167;0,885451
3,898167;0,885420
3,899167;0,885388
3,900167;0,885355
3,901167;0,885323
3,902167;0,885290
3,903167;0,885256
3,904167;0,885223
3,905167;0,885189
3,906167;0,885155
3,907167;0,885120
3,908167;0,885085
3,909167;0,885050
3,910167;0,885015
3,911167;0,884979
3,912167;0,884943
3,913167;0,884907
3,914167;0,884870
3,915167;0,884833
3,916167;0,884796
3,917167;0,884759
3,918167;0,884721
3,919167;0,884683
3,920167;0,884644
3,921167;0,884606
3,922167;0,884567
3,923167;0,884527
3,924167;0,884488
3,925167;0,884448
3,926167;0,884408
3,927167;0,884367
3,928167;0,884327
3,929167;0,884286
3,930167;0,884244
3,931167;0,884203
3,932167;0,884161
3,933167;0,884119
3,934167;0,884076
3,935167;0,884034
3,936167;0,883991
3,937167;0,883947
3,938167;0,883904
3,939167;0,883860
3,940167;0,883816
3,941167;0,883771
3,942167;0,883727
3,943167;0,883682
3,944167;0,883636
3,945167;0,883591
3,946167;0,883545
3,947167;0,883499
3,948167;0,883453
3,949167;0,883406
3,950167;0,883359
3,951167;0,883312
3,952167;0,883265
3,953167;0,883217
3,954167;0,883169
3,955167;0,883121
3,956167;0,883073
3,957167;0,883024
3,958167;0,882975
3,959167;0,882926
3,960167;0,882876
3,961167;0,882826
3,962167;0,882776
3,963167;0,882726
3,964167;0,882676
3,965167;0,882625
3,966167;0,882574
3,967167;0,882522
3,968167;0,882471
3,969167;0,882419
3,970167;0,882367
3,971167;0,882315
3,972167;0,882262
3,973167;0,882209
3,974167;0,882156
3,975167;0,882103
3,976167;0,882050
3,977167;0,881996
3,978167;0,881942
3,979167;0,881888
3,980167;0,881833
3,981167;0,881778
3,982167;0,881723
3,983167;0,881668
3,984167;0,881613
3,985167;0,881557
3,986167;0,881501
3,987167;0,881445
3,988167;0,881389
3,989167;0,881332
3,990167;0,881275
3,991167;0,881218
3,992167;0,881161
3,993167;0,881103
3,994167;0,881046
3,995167;0,880988
3,996167;0,880929
3,997167;0,880871
3,998167;0,880812
3,999167;0,880754
4,000167;0,880695
4,001167;0,880635
4,002167;0,880576
4,003167;0,880516
4,004167;0,880456
4,005167;0,880396
4,006167;0,880336
4,007167;0,880275
4,008167;0,880214
4,009167;0,880153
4,010167;0,880092
4,011167;0,880031
4,012167;0,879969
4,013167;0,879908
4,014167;0,879846
4,015167;0,879783
4,016167;0,879721
4,017167;0,879658
4,018167;0,879596
4,019167;0,879533
4,020167;0,879470
4,021167;0,879406
4,022167;0,879343
4,023167;0,879279
4,024167;0,879215
4,025167;0,879151
4,026167;0,879087
4,027167;0,879022
4,028167;0,878957
4,029167;0,878893
4,030167;0,878828
4,031167;0,878762
4,032167;0,878697
4,033167;0,878631
4,034167;0,878566
4,035167;0,878500
4,036167;0,878434
4,037167;0,878367
4,038167;0,878301
4,039167;0,878234
4,040167;0,878168
4,041167;0,878101
4,042167;0,878033
4,043167;0,877966
4,044167;0,877899
4,045167;0,877831
4,046167;0,877763
4,047167;0,877695
4,048167;0,877627
4,049167;0,877559
4,050167;0,877491
4,051167;0,877422
4,052167;0,877353
4,053167;0,877285
4,054167;0,877216
4,055167;0,877146
4,056167;0,877077
4,057167;0,877008
4,058167;0,876938
4,059167;0,876868
4,060167;0,876798
4,061167;0,876728
4,062167;0,876658
4,063167;0,876588
4,064167;0,876518
4,065167;0,876447
4,066167;0,876376
4,067167;0,876305
4,068167;0,876234
4,069167;0,876163
4,070167;0,876092
4,071167;0,876021
4,072167;0,875949
4,073167;0,875878
4,074167;0,875806
4,075167;0,875734
4,076167;0,875662
4,077167;0,875590
4,078167;0,875518
4,079167;0,875445
4,080167;0,875373
4,081167;0,875300
4,082167;0,875228
4,083167;0,875155
4,084167;0,875082
4,085167;0,875009
4,086167;0,874936
4,087167;0,874863
4,088167;0,874789
4,089167;0,874716
4,090167;0,874642
4,091167;0,874569
4,092167;0,874495
4,093167;0,874421
4,094167;0,874347
4,095167;0,874273
4,096167;0,874199
4,097167;0,874125
4,098167;0,874051
4,099167;0,873977
4,100167;0,873902
4,101167;0,873828
4,102167;0,873753
4,103167;0,873678
4,104167;0,873603
4,105167;0,873529
4,106167;0,873454
4,107167;0,873379
4,108167;0,873304
4,109167;0,873228
4,110167;0,873153
4,111167;0,873078
4,112167;0,873003
4,113167;0,872927
4,114167;0,872852
4,115167;0,872776
4,116167;0,872700
4,117167;0,872625
4,118167;0,872549
4,119167;0,872473
4,120167;0,872397
4,121167;0,872321
4,122167;0,872245
4,123167;0,872169
4,124167;0,872093
4,125167;0,872017
4,126167;0,871941
4,127167;0,871865
4,128167;0,871789
4,129167;0,871712
4,130167;0,871636
4,131167;0,871559
4,132167;0,871483
4,133167;0,871407
4,134167;0,871330
4,135167;0,871254
4,136167;0,871177
4,137167;0,871100
4,138167;0,871024
4,139167;0,870947
4,140167;0,870870
4,141167;0,870794
4,142167;0,870717
4,143167;0,870640
4,144167;0,870563
4,145167;0,870487
4,146167;0,870410
4,147167;0,870333
4,148167;0,870256
4,149167;0,870179
4,150167;0,870102
4,151167;0,870025
4,152167;0,869949
4,153167;0,869872
4,154167;0,869795
4,155167;0,869718
4,156167;0,869641
4,157167;0,869564
4,158167;0,869487
4,159167;0,869410
4,160167;0,869333
4,161167;0,869256
4,162167;0,869179
4,163167;0,869103
4,164167;0,869026
4,165167;0,868949
4,166167;0,868872
4,167167;0,868795
4,168167;0,868718
4,169167;0,868641
4,170167;0,868565
4,171167;0,868488
4,172167;0,868411
4,173167;0,868334
4,174167;0,868258
4,175167;0,868181
4,176167;0,868104
4,177167;0,868028
4,178167;0,867951
4,179167;0,867875
4,180167;0,867798
4,181167;0,867722
4,182167;0,867645
4,183167;0,867569
4,184167;0,867492
4,185167;0,867416
4,186167;0,867340
4,187167;0,867263
4,188167;0,867187
4,189167;0,867111
4,190167;0,867035
4,191167;0,866959
4,192167;0,866883
4,193167;0,866807
4,194167;0,866731
4,195167;0,866655
4,196167;0,866579
4,197167;0,866503
4,198167;0,866428
4,199167;0,866352
4,200167;0,866277
4,201167;0,866201
4,202167;0,866126
4,203167;0,866050
4,204167;0,865975
4,205167;0,865900
4,206167;0,865825
4,207167;0,865749
4,208167;0,865674
4,209167;0,865600
4,210167;0,865525
4,211167;0,865450
4,212167;0,865375
4,213167;0,865301
4,214167;0,865226
4,215167;0,865152
4,216167;0,865077
4,217167;0,865003
4,218167;0,864929
4,219167;0,864855
4,220167;0,864781
4,221167;0,864707
4,222167;0,864633
4,223167;0,864559
4,224167;0,864486
4,225167;0,864412
4,226167;0,864339
4,227167;0,864265
4,228167;0,864192
4,229167;0,864119
4,230167;0,864046
4,231167;0,863973
4,232167;0,863900
4,233167;0,863828
4,234167;0,863755
4,235167;0,863682
4,236167;0,863610
4,237167;0,863538
4,238167;0,863466
4,239167;0,863394
4,240167;0,863322
4,241167;0,863250
4,242167;0,863178
4,243167;0,863107
4,244167;0,863036
4,245167;0,862964
4,246167;0,862893
4,247167;0,862822
4,248167;0,862751
4,249167;0,862680
4,250167;0,862610
4,251167;0,862539
4,252167;0,862469
4,253167;0,862399
4,254167;0,862329
4,255167;0,862259
4,256167;0,862189
4,257167;0,862119
4,258167;0,862050
4,259167;0,861980
4,260167;0,861911
4,261167;0,861842
4,262167;0,861773
4,263167;0,861704
4,264167;0,861636
4,265167;0,861567
4,266167;0,861499
4,267167;0,861431
4,268167;0,861363
4,269167;0,861295
4,270167;0,861227
4,271167;0,861160
4,272167;0,861092
4,273167;0,861025
4,274167;0,860958
4,275167;0,860891
4,276167;0,860824
4,277167;0,860758
4,278167;0,860691
4,279167;0,860625
4,280167;0,860559
4,281167;0,860493
4,282167;0,860427
4,283167;0,860362
4,284167;0,860296
4,285167;0,860231
4,286167;0,860166
4,287167;0,860101
4,288167;0,860037
4,289167;0,859972
4,290167;0,859908
4,291167;0,859844
4,292167;0,859780
4,293167;0,859716
4,294167;0,859653
4,295167;0,859589
4,296167;0,859526
4,297167;0,859463
4,298167;0,859400
4,299167;0,859338
4,300167;0,859275
4,301167;0,859213
4,302167;0,859151
4,303167;0,859089
4,304167;0,859027
4,305167;0,858966
4,306167;0,858905
4,307167;0,858844
4,308167;0,858783
4,309167;0,858722
4,310167;0,858662
4,311167;0,858601
4,312167;0,858541
4,313167;0,858481
4,314167;0,858422
4,315167;0,858362
4,316167;0,858303
4,317167;0,858244
4,318167;0,858185
4,319167;0,858127
4,320167;0,858068
4,321167;0,858010
4,322167;0,857952
4,323167;0,857895
4,324167;0,857837
4,325167;0,857780
4,326167;0,857723
4,327167;0,857666
4,328167;0,857609
4,329167;0,857553
4,330167;0,857497
4,331167;0,857441
4,332167;0,857385
4,333167;0,857329
4,334167;0,857274
4,335167;0,857219
4,336167;0,857164
4,337167;0,857110
4,338167;0,857055
4,339167;0,857001
4,340167;0,856947
4,341167;0,856893
4,342167;0,856840
4,343167;0,856787
4,344167;0,856734
4,345167;0,856681
4,346167;0,856628
4,347167;0,856576
4,348167;0,856524
4,349167;0,856472
4,350167;0,856421
4,351167;0,856369
4,352167;0,856318
4,353167;0,856267
4,354167;0,856217
4,355167;0,856166
4,356167;0,856116
4,357167;0,856066
4,358167;0,856017
4,359167;0,855967
4,360167;0,855918
4,361167;0,855869
4,362167;0,855820
4,363167;0,855772
4,364167;0,855724
4,365167;0,855676
4,366167;0,855628
4,367167;0,855581
4,368167;0,855534
4,369167;0,855487
4,370167;0,855440
4,371167;0,855393
4,372167;0,855347
4,373167;0,855301
4,374167;0,855256
4,375167;0,855210
4,376167;0,855165
4,377167;0,855120
4,378167;0,855076
4,379167;0,855031
4,380167;0,854987
4,381167;0,854943
4,382167;0,854900
4,383167;0,854856
4,384167;0,854813
4,385167;0,854770
4,386167;0,854728
4,387167;0,854685
4,388167;0,854643
4,389167;0,854602
4,390167;0,854560
4,391167;0,854519
4,392167;0,854478
4,393167;0,854437
4,394167;0,854396
4,395167;0,854356
4,396167;0,854316
4,397167;0,854277
4,398167;0,854237
4,399167;0,854198
4,400167;0,854159
4,401167;0,854121
4,402167;0,854082
4,403167;0,854044
4,404167;0,854006
4,405167;0,853969
4,406167;0,853931
4,407167;0,853894
4,408167;0,853858
4,409167;0,853821
4,410167;0,853785
4,411167;0,853749
4,412167;0,853713
4,413167;0,853678
4,414167;0,853643
4,415167;0,853608
4,416167;0,853573
4,417167;0,853539
4,418167;0,853505
4,419167;0,853471
4,420167;0,853438
4,421167;0,853405
4,422167;0,853372
4,423167;0,853339
4,424167;0,853307
4,425167;0,853274
4,426167;0,853243
4,427167;0,853211
4,428167;0,853180
4,429167;0,853149
4,430167;0,853118
4,431167;0,853087
4,432167;0,853057
4,433167;0,853027
4,434167;0,852998
4,435167;0,852968
4,436167;0,852939
4,437167;0,852910
4,438167;0,852882
4,439167;0,852853
4,440167;0,852825
4,441167;0,852798
4,442167;0,852770
4,443167;0,852743
4,444167;0,852716
4,445167;0,852690
4,446167;0,852663
4,447167;0,852637
4,448167;0,852611
4,449167;0,852586
4,450167;0,852561
4,451167;0,852536
4,452167;0,852511
4,453167;0,852486
4,454167;0,852462
4,455167;0,852438
4,456167;0,852415
4,457167;0,852392
4,458167;0,852368
4,459167;0,852346
4,460167;0,852323
4,461167;0,852301
4,462167;0,852279
4,463167;0,852257
4,464167;0,852236
4,465167;0,852215
4,466167;0,852194
4,467167;0,852174
4,468167;0,852153
4,469167;0,852133
4,470167;0,852114
4,471167;0,852094
4,472167;0,852075
4,473167;0,852056
4,474167;0,852037
4,475167;0,852019
4,476167;0,852001
4,477167;0,851983
4,478167;0,851966
4,479167;0,851948
4,480167;0,851931
4,481167;0,851915
4,482167;0,851898
4,483167;0,851882
4,484167;0,851866
4,485167;0,851850
4,486167;0,851835
4,487167;0,851820
4,488167;0,851805
4,489167;0,851791
4,490167;0,851776
4,491167;0,851762
4,492167;0,851749
4,493167;0,851735
4,494167;0,851722
4,495167;0,851709
4,496167;0,851696
4,497167;0,851684
4,498167;0,851672
4,499167;0,851660
4,500167;0,851648
4,501167;0,851637
4,502167;0,851626
4,503167;0,851615
4,504167;0,851605
4,505167;0,851594
4,506167;0,851584
4,507167;0,851575
4,508167;0,851565
4,509167;0,851556
4,510167;0,851547
4,511167;0,851538
4,512167;0,851530
4,513167;0,851522
4,514167;0,851514
4,515167;0,851506
4,516167;0,851499
4,517167;0,851492
4,518167;0,851485
4,519167;0,851479
4,520167;0,851472
4,521167;0,851466
4,522167;0,851460
4,523167;0,851455
4,524167;0,851450
4,525167;0,851444
4,526167;0,851440
4,527167;0,851435
4,528167;0,851431
4,529167;0,851427
4,530167;0,851423
4,531167;0,851420
4,532167;0,851416
4,533167;0,851413
4,534167;0,851411
4,535167;0,851408
4,536167;0,851406
4,537167;0,851404
4,538167;0,851402
4,539167;0,851401
4,540167;0,851400
4,541167;0,851399
4,542167;0,851398
4,543167;0,851397
4,544167;0,851397
4,545167;0,851397
4,546167;0,851397
4,547167;0,851398
4,548167;0,851399
4,549167;0,851400
4,550167;0,851401
4,551167;0,851402
4,552167;0,851404
4,553167;0,851406
4,554167;0,851408
4,555167;0,851411
4,556167;0,851413
4,557167;0,851416
4,558167;0,851419
4,559167;0,851423
4,560167;0,851426
4,561167;0,851430
4,562167;0,851434
4,563167;0,851439
4,564167;0,851443
4,565167;0,851448
4,566167;0,851453
4,567167;0,851458
4,568167;0,851464
4,569167;0,851469
4,570167;0,851475
4,571167;0,851482
4,572167;0,851488
4,573167;0,851495
4,574167;0,851501
4,575167;0,851508
4,576167;0,851516
4,577167;0,851523
4,578167;0,851531
4,579167;0,851539
4,580167;0,851547
4,581167;0,851556
4,582167;0,851564
4,583167;0,851573
4,584167;0,851582
4,585167;0,851591
4,586167;0,851601
4,587167;0,851611
4,588167;0,851621
4,589167;0,851631
4,590167;0,851641
4,591167;0,851652
4,592167;0,851663
4,593167;0,851674
4,594167;0,851685
4,595167;0,851696
4,596167;0,851708
4,597167;0,851720
4,598167;0,851732
4,599167;0,851744
4,600167;0,851756
4,601167;0,851769
4,602167;0,851782
4,603167;0,851795
4,604167;0,851808
4,605167;0,851822
4,606167;0,851835
4,607167;0,851849
4,608167;0,851863
4,609167;0,851878
4,610167;0,851892
4,611167;0,851907
4,612167;0,851922
4,613167;0,851937
4,614167;0,851952
4,615167;0,851967
4,616167;0,851983
4,617167;0,851999
4,618167;0,852015
4,619167;0,852031
4,620167;0,852047
4,621167;0,852064
4,622167;0,852081
4,623167;0,852098
4,624167;0,852115
4,625167;0,852132
4,626167;0,852150
4,627167;0,852167
4,628167;0,852185
4,629167;0,852203
4,630167;0,852221
4,631167;0,852240
4,632167;0,852258
4,633167;0,852277
4,634167;0,852296
4,635167;0,852315
4,636167;0,852334
4,637167;0,852354
4,638167;0,852373
4,639167;0,852393
4,640167;0,852413
4,641167;0,852433
4,642167;0,852454
4,643167;0,852474
4,644167;0,852495
4,645167;0,852515
4,646167;0,852536
4,647167;0,852557
4,648167;0,852579
4,649167;0,852600
4,650167;0,852622
4,651167;0,852643
4,652167;0,852665
4,653167;0,852687
4,654167;0,852710
4,655167;0,852732
4,656167;0,852754
4,657167;0,852777
4,658167;0,852800
4,659167;0,852823
4,660167;0,852846
4,661167;0,852869
4,662167;0,852893
4,663167;0,852916
4,664167;0,852940
4,665167;0,852964
4,666167;0,852988
4,667167;0,853012
4,668167;0,853036
4,669167;0,853061
4,670167;0,853085
4,671167;0,853110
4,672167;0,853135
4,673167;0,853160
4,674167;0,853185
4,675167;0,853210
4,676167;0,853235
4,677167;0,853261
4,678167;0,853286
4,679167;0,853312
4,680167;0,853338
4,681167;0,853364
4,682167;0,853390
4,683167;0,853417
4,684167;0,853443
4,685167;0,853469
4,686167;0,853496
4,687167;0,853523
4,688167;0,853550
4,689167;0,853577
4,690167;0,853604
4,691167;0,853631
4,692167;0,853659
4,693167;0,853686
4,694167;0,853714
4,695167;0,853741
4,696167;0,853769
4,697167;0,853797
4,698167;0,853825
4,699167;0,853853
4,700167;0,853881
4,701167;0,853910
4,702167;0,853938
4,703167;0,853967
4,704167;0,853995
4,705167;0,854024
4,706167;0,854053
4,707167;0,854082
4,708167;0,854111
4,709167;0,854140
4,710167;0,854170
4,711167;0,854199
4,712167;0,854229
4,713167;0,854258
4,714167;0,854288
4,715167;0,854317
4,716167;0,854347
4,717167;0,854377
4,718167;0,854407
4,719167;0,854437
4,720167;0,854468
4,721167;0,854498
4,722167;0,854528
4,723167;0,854559
4,724167;0,854589
4,725167;0,854620
4,726167;0,854651
4,727167;0,854681
4,728167;0,854712
4,729167;0,854743
4,730167;0,854774
4,731167;0,854805
4,732167;0,854836
4,733167;0,854868
4,734167;0,854899
4,735167;0,854930
4,736167;0,854962
4,737167;0,854993
4,738167;0,855025
4,739167;0,855057
4,740167;0,855088
4,741167;0,855120
4,742167;0,855152
4,743167;0,855184
4,744167;0,855216
4,745167;0,855248
4,746167;0,855280
4,747167;0,855312
4,748167;0,855344
4,749167;0,855377
4,750167;0,855409
4,751167;0,855441
4,752167;0,855474
4,753167;0,855506
4,754167;0,855539
4,755167;0,855572
4,756167;0,855604
4,757167;0,855637
4,758167;0,855670
4,759167;0,855702
4,760167;0,855735
4,761167;0,855768
4,762167;0,855801
4,763167;0,855834
4,764167;0,855867
4,765167;0,855900
4,766167;0,855933
4,767167;0,855966
4,768167;0,856000
4,769167;0,856033
4,770167;0,856066
4,771167;0,856099
4,772167;0,856133
4,773167;0,856166
4,774167;0,856199
4,775167;0,856233
4,776167;0,856266
4,777167;0,856300
4,778167;0,856333
4,779167;0,856367
4,780167;0,856400
4,781167;0,856434
4,782167;0,856468
4,783167;0,856501
4,784167;0,856535
4,785167;0,856569
4,786167;0,856602
4,787167;0,856636
4,788167;0,856670
4,789167;0,856703
4,790167;0,856737
4,791167;0,856771
4,792167;0,856805
4,793167;0,856839
4,794167;0,856872
4,795167;0,856906
4,796167;0,856940
4,797167;0,856974
4,798167;0,857008
4,799167;0,857042
4,800167;0,857076
4,801167;0,857109
4,802167;0,857143
4,803167;0,857177
4,804167;0,857211
4,805167;0,857245
4,806167;0,857279
4,807167;0,857313
4,808167;0,857347
4,809167;0,857381
4,810167;0,857414
4,811167;0,857448
4,812167;0,857482
4,813167;0,857516
4,814167;0,857550
4,815167;0,857584
4,816167;0,857618
4,817167;0,857652
4,818167;0,857685
4,819167;0,857719
4,820167;0,857753
4,821167;0,857787
4,822167;0,857821
4,823167;0,857854
4,824167;0,857888
4,825167;0,857922
4,826167;0,857956
4,827167;0,857989
4,828167;0,858023
4,829167;0,858057
4,830167;0,858090
4,831167;0,858124
4,832167;0,858158
4,833167;0,858191
4,834167;0,858225
4,835167;0,858258
4,836167;0,858292
4,837167;0,858325
4,838167;0,858359
4,839167;0,858392
4,840167;0,858425
4,841167;0,858459
4,842167;0,858492
4,843167;0,858525
4,844167;0,858559
4,845167;0,858592
4,846167;0,858625
4,847167;0,858658
4,848167;0,858691
4,849167;0,858724
4,850167;0,858757
4,851167;0,858790
4,852167;0,858823
4,853167;0,858856
4,854167;0,858889
4,855167;0,858922
4,856167;0,858955
4,857167;0,858987
4,858167;0,859020
4,859167;0,859053
4,860167;0,859085
4,861167;0,859118
4,862167;0,859150
4,863167;0,859183
4,864167;0,859215
4,865167;0,859248
4,866167;0,859280
4,867167;0,859312
4,868167;0,859344
4,869167;0,859377
4,870167;0,859409
4,871167;0,859441
4,872167;0,859473
4,873167;0,859505
4,874167;0,859536
4,875167;0,859568
4,876167;0,859600
4,877167;0,859632
4,878167;0,859663
4,879167;0,859695
4,880167;0,859726
4,881167;0,859758
4,882167;0,859789
4,883167;0,859820
4,884167;0,859852
4,885167;0,859883
4,886167;0,859914
4,887167;0,859945
4,888167;0,859976
4,889167;0,860007
4,890167;0,860038
4,891167;0,860068
4,892167;0,860099
4,893167;0,860130
4,894167;0,860160
4,895167;0,860191
4,896167;0,860221
4,897167;0,860251
4,898167;0,860281
4,899167;0,860312
4,900167;0,860342
4,901167;0,860372
4,902167;0,860402
4,903167;0,860431
4,904167;0,860461
4,905167;0,860491
4,906167;0,860520
4,907167;0,860550
4,908167;0,860579
4,909167;0,860609
4,910167;0,860638
4,911167;0,860667
4,912167;0,860696
4,913167;0,860725
4,914167;0,860754
4,915167;0,860783
4,916167;0,860811
4,917167;0,860840
4,918167;0,860869
4,919167;0,860897
4,920167;0,860925
4,921167;0,860954
4,922167;0,860982
4,923167;0,861010
4,924167;0,861038
4,925167;0,861066
4,926167;0,861094
4,927167;0,861121
4,928167;0,861149
4,929167;0,861176
4,930167;0,861204
4,931167;0,861231
4,932167;0,861258
4,933167;0,861285
4,934167;0,861312
4,935167;0,861339
4,936167;0,861366
4,937167;0,861393
4,938167;0,861419
4,939167;0,861446
4,940167;0,861472
4,941167;0,861498
4,942167;0,861525
4,943167;0,861551
4,944167;0,861577
4,945167;0,861602
4,946167;0,861628
4,947167;0,861654
4,948167;0,861679
4,949167;0,861705
4,950167;0,861730
4,951167;0,861755
4,952167;0,861780
4,953167;0,861805
4,954167;0,861830
4,955167;0,861855
4,956167;0,861879
4,957167;0,861904
4,958167;0,861928
4,959167;0,861952
4,960167;0,861976
4,961167;0,862001
4,962167;0,862024
4,963167;0,862048
4,964167;0,862072
4,965167;0,862095
4,966167;0,862119
4,967167;0,862142
4,968167;0,862165
4,969167;0,862188
4,970167;0,862211
4,971167;0,862234
4,972167;0,862257
4,973167;0,862279
4,974167;0,862302
4,975167;0,862324
4,976167;0,862346
4,977167;0,862368
4,978167;0,862390
4,979167;0,862412
4,980167;0,862434
4,981167;0,862455
4,982167;0,862477
4,983167;0,862498
4,984167;0,862519
4,985167;0,862540
4,986167;0,862561
4,987167;0,862582
4,988167;0,862603
4,989167;0,862623
4,990167;0,862644
4,991167;0,862664
4,992167;0,862684
4,993167;0,862704
4,994167;0,862724
4,995167;0,862744
4,996167;0,862763
4,997167;0,862783
4,998167;0,862802
4,999167;0,862821
5,000000;0,862821
