Standard Model;G2;G3;G2
"Zeitpunkt in s";"firel in deg";"firel in deg";"firel in deg"
0,000000;54,007813;46,784004;54,007813
0,001000;54,007813;46,784004;54,007813
0,002000;54,007813;46,784004;54,007813
0,003000;54,007813;46,784004;54,007813
0,004000;54,007813;46,784004;54,007813
0,005000;54,007813;46,784004;54,007813
0,006000;54,007813;46,784004;54,007813
0,007000;54,007813;46,784004;54,007813
0,008000;54,007813;46,784004;54,007813
0,009000;54,007813;46,784004;54,007813
0,010000;54,007813;46,784004;54,007813
0,011000;54,007813;46,784004;54,007813
0,012000;54,007813;46,784004;54,007813
0,013000;54,007813;46,784004;54,007813
0,014000;54,007813;46,784004;54,007813
0,015000;54,007813;46,784004;54,007813
0,016000;54,007813;46,784004;54,007813
0,017000;54,007813;46,784004;54,007813
0,018000;54,007813;46,784004;54,007813
0,019000;54,007813;46,784004;54,007813
0,020000;54,007813;46,784004;54,007813
0,021000;54,007813;46,784004;54,007813
0,022000;54,007813;46,784004;54,007813
0,023000;54,007813;46,784004;54,007813
0,024000;54,007813;46,784004;54,007813
0,025000;54,007813;46,784004;54,007813
0,026000;54,007813;46,784004;54,007813
0,027000;54,007813;46,784004;54,007813
0,028000;54,007813;46,784004;54,007813
0,029000;54,007813;46,784004;54,007813
0,030000;54,007813;46,784004;54,007813
0,031000;54,007813;46,784004;54,007813
0,032000;54,007813;46,784004;54,007813
0,033000;54,007813;46,784004;54,007813
0,034000;54,007813;46,784004;54,007813
0,035000;54,007813;46,784004;54,007813
0,036000;54,007813;46,784004;54,007813
0,037000;54,007813;46,784004;54,007813
0,038000;54,007813;46,784004;54,007813
0,039000;54,007813;46,784004;54,007813
0,040000;54,007813;46,784004;54,007813
0,041000;54,007813;46,784004;54,007813
0,042000;54,007813;46,784004;54,007813
0,043000;54,007813;46,784004;54,007813
0,044000;54,007813;46,784004;54,007813
0,045000;54,007813;46,784004;54,007813
0,046000;54,007813;46,784004;54,007813
0,047000;54,007813;46,784004;54,007813
0,048000;54,007813;46,784004;54,007813
0,049000;54,007813;46,784004;54,007813
0,050000;54,007813;46,784004;54,007813
0,051000;54,007813;46,784004;54,007813
0,052000;54,007813;46,784004;54,007813
0,053000;54,007813;46,784004;54,007813
0,054000;54,007813;46,784004;54,007813
0,055000;54,007813;46,784004;54,007813
0,056000;54,007813;46,784004;54,007813
0,057000;54,007813;46,784004;54,007813
0,058000;54,007813;46,784004;54,007813
0,059000;54,007813;46,784004;54,007813
0,060000;54,007813;46,784004;54,007813
0,061000;54,007813;46,784004;54,007813
0,062000;54,007813;46,784004;54,007813
0,063000;54,007813;46,784004;54,007813
0,064000;54,007813;46,784004;54,007813
0,065000;54,007813;46,784004;54,007813
0,066000;54,007813;46,784004;54,007813
0,067000;54,007813;46,784004;54,007813
0,068000;54,007814;46,784004;54,007814
0,069000;54,007814;46,784004;54,007814
0,070000;54,007814;46,784004;54,007814
0,071000;54,007814;46,784004;54,007814
0,072000;54,007814;46,784004;54,007814
0,073000;54,007814;46,784004;54,007814
0,074000;54,007814;46,784004;54,007814
0,075000;54,007814;46,784004;54,007814
0,076000;54,007814;46,784004;54,007814
0,077000;54,007814;46,784004;54,007814
0,078000;54,007814;46,784004;54,007814
0,079000;54,007814;46,784004;54,007814
0,080000;54,007814;46,784004;54,007814
0,081000;54,007814;46,784004;54,007814
0,082000;54,007814;46,784004;54,007814
0,083000;54,007814;46,784004;54,007814
0,084000;54,007814;46,784004;54,007814
0,085000;54,007814;46,784004;54,007814
0,086000;54,007814;46,784004;54,007814
0,087000;54,007814;46,784004;54,007814
0,088000;54,007814;46,784004;54,007814
0,089000;54,007814;46,784004;54,007814
0,090000;54,007814;46,784004;54,007814
0,091000;54,007814;46,784004;54,007814
0,092000;54,007814;46,784004;54,007814
0,093000;54,007814;46,784005;54,007814
0,094000;54,007814;46,784005;54,007814
0,095000;54,007814;46,784005;54,007814
0,096000;54,007814;46,784005;54,007814
0,097000;54,007814;46,784005;54,007814
0,098000;54,007814;46,784005;54,007814
0,099000;54,007814;46,784005;54,007814
0,100000;54,007814;46,784005;54,007814
0,101000;54,007814;46,784005;54,007814
0,102000;54,007814;46,784005;54,007814
0,103000;54,007814;46,784005;54,007814
0,104000;54,007814;46,784005;54,007814
0,105000;54,007814;46,784005;54,007814
0,106000;54,007814;46,784005;54,007814
0,107000;54,007814;46,784005;54,007814
0,108000;54,007814;46,784005;54,007814
0,109000;54,007814;46,784005;54,007814
0,110000;54,007814;46,784005;54,007814
0,111000;54,007814;46,784005;54,007814
0,112000;54,007814;46,784005;54,007814
0,113000;54,007814;46,784005;54,007814
0,114000;54,007814;46,784005;54,007814
0,115000;54,007814;46,784005;54,007814
0,116000;54,007814;46,784005;54,007814
0,117000;54,007814;46,784005;54,007814
0,118000;54,007814;46,784005;54,007814
0,119000;54,007814;46,784005;54,007814
0,120000;54,007814;46,784005;54,007814
0,121000;54,007814;46,784005;54,007814
0,122000;54,007814;46,784005;54,007814
0,123000;54,007814;46,784005;54,007814
0,124000;54,007814;46,784005;54,007814
0,125000;54,007814;46,784005;54,007814
0,126000;54,007814;46,784005;54,007814
0,127000;54,007814;46,784005;54,007814
0,128000;54,007814;46,784005;54,007814
0,129000;54,007814;46,784005;54,007814
0,130000;54,007814;46,784005;54,007814
0,131000;54,007814;46,784005;54,007814
0,132000;54,007814;46,784005;54,007814
0,133000;54,007814;46,784005;54,007814
0,134000;54,007814;46,784005;54,007814
0,135000;54,007814;46,784005;54,007814
0,136000;54,007814;46,784005;54,007814
0,137000;54,007814;46,784005;54,007814
0,138000;54,007814;46,784005;54,007814
0,139000;54,007814;46,784005;54,007814
0,140000;54,007814;46,784005;54,007814
0,141000;54,007814;46,784005;54,007814
0,142000;54,007814;46,784005;54,007814
0,143000;54,007814;46,784005;54,007814
0,144000;54,007814;46,784005;54,007814
0,145000;54,007814;46,784005;54,007814
0,146000;54,007814;46,784005;54,007814
0,147000;54,007814;46,784005;54,007814
0,148000;54,007814;46,784005;54,007814
0,149000;54,007814;46,784005;54,007814
0,150000;54,007814;46,784005;54,007814
0,151000;54,007814;46,784005;54,007814
0,152000;54,007814;46,784005;54,007814
0,153000;54,007814;46,784005;54,007814
0,154000;54,007814;46,784005;54,007814
0,155000;54,007814;46,784005;54,007814
0,156000;54,007814;46,784005;54,007814
0,157000;54,007814;46,784005;54,007814
0,158000;54,007814;46,784005;54,007814
0,159000;54,007814;46,784005;54,007814
0,160000;54,007814;46,784005;54,007814
0,161000;54,007814;46,784005;54,007814
0,162000;54,007814;46,784005;54,007814
0,163000;54,007814;46,784005;54,007814
0,164000;54,007814;46,784005;54,007814
0,165000;54,007814;46,784005;54,007814
0,166000;54,007814;46,784005;54,007814
0,167000;54,007814;46,784005;54,007814
0,168000;54,007814;46,784005;54,007814
0,169000;54,007814;46,784005;54,007814
0,170000;54,007814;46,784005;54,007814
0,171000;54,007814;46,784005;54,007814
0,172000;54,007814;46,784005;54,007814
0,173000;54,007814;46,784005;54,007814
0,174000;54,007814;46,784005;54,007814
0,175000;54,007814;46,784005;54,007814
0,176000;54,007814;46,784005;54,007814
0,177000;54,007814;46,784005;54,007814
0,178000;54,007814;46,784005;54,007814
0,179000;54,007814;46,784005;54,007814
0,180000;54,007814;46,784005;54,007814
0,181000;54,007814;46,784005;54,007814
0,182000;54,007814;46,784005;54,007814
0,183000;54,007814;46,784005;54,007814
0,184000;54,007814;46,784005;54,007814
0,185000;54,007814;46,784005;54,007814
0,186000;54,007814;46,784005;54,007814
0,187000;54,007814;46,784005;54,007814
0,188000;54,007814;46,784005;54,007814
0,189000;54,007814;46,784005;54,007814
0,190000;54,007814;46,784005;54,007814
0,191000;54,007814;46,784005;54,007814
0,192000;54,007814;46,784005;54,007814
0,193000;54,007814;46,784005;54,007814
0,194000;54,007814;46,784005;54,007814
0,195000;54,007814;46,784005;54,007814
0,196000;54,007815;46,784005;54,007815
0,197000;54,007815;46,784005;54,007815
0,198000;54,007815;46,784005;54,007815
0,199000;54,007815;46,784005;54,007815
0,200000;54,007815;46,784005;54,007815
0,201000;54,007815;46,784005;54,007815
0,202000;54,007815;46,784005;54,007815
0,203000;54,007815;46,784005;54,007815
0,204000;54,007815;46,784005;54,007815
0,205000;54,007815;46,784005;54,007815
0,206000;54,007815;46,784005;54,007815
0,207000;54,007815;46,784005;54,007815
0,208000;54,007815;46,784005;54,007815
0,209000;54,007815;46,784005;54,007815
0,210000;54,007815;46,784005;54,007815
0,211000;54,007815;46,784005;54,007815
0,212000;54,007815;46,784005;54,007815
0,213000;54,007815;46,784005;54,007815
0,214000;54,007815;46,784005;54,007815
0,215000;54,007815;46,784005;54,007815
0,216000;54,007815;46,784005;54,007815
0,217000;54,007815;46,784005;54,007815
0,218000;54,007815;46,784005;54,007815
0,219000;54,007815;46,784005;54,007815
0,220000;54,007815;46,784005;54,007815
0,221000;54,007815;46,784005;54,007815
0,222000;54,007815;46,784005;54,007815
0,223000;54,007815;46,784005;54,007815
0,224000;54,007815;46,784005;54,007815
0,225000;54,007815;46,784005;54,007815
0,226000;54,007815;46,784005;54,007815
0,227000;54,007815;46,784005;54,007815
0,228000;54,007815;46,784005;54,007815
0,229000;54,007815;46,784005;54,007815
0,230000;54,007815;46,784005;54,007815
0,231000;54,007815;46,784005;54,007815
0,232000;54,007815;46,784005;54,007815
0,233000;54,007815;46,784005;54,007815
0,234000;54,007815;46,784005;54,007815
0,235000;54,007815;46,784005;54,007815
0,236000;54,007815;46,784005;54,007815
0,237000;54,007815;46,784005;54,007815
0,238000;54,007815;46,784005;54,007815
0,239000;54,007815;46,784005;54,007815
0,240000;54,007815;46,784005;54,007815
0,241000;54,007815;46,784005;54,007815
0,242000;54,007815;46,784005;54,007815
0,243000;54,007815;46,784005;54,007815
0,244000;54,007815;46,784005;54,007815
0,245000;54,007815;46,784005;54,007815
0,246000;54,007815;46,784005;54,007815
0,247000;54,007815;46,784005;54,007815
0,248000;54,007815;46,784005;54,007815
0,249000;54,007815;46,784005;54,007815
0,250000;54,007815;46,784005;54,007815
0,251000;54,007815;46,784005;54,007815
0,252000;54,007815;46,784005;54,007815
0,253000;54,007815;46,784005;54,007815
0,254000;54,007815;46,784005;54,007815
0,255000;54,007815;46,784005;54,007815
0,256000;54,007815;46,784005;54,007815
0,257000;54,007815;46,784005;54,007815
0,258000;54,007815;46,784005;54,007815
0,259000;54,007815;46,784005;54,007815
0,260000;54,007815;46,784005;54,007815
0,261000;54,007815;46,784005;54,007815
0,262000;54,007815;46,784005;54,007815
0,263000;54,007815;46,784005;54,007815
0,264000;54,007815;46,784005;54,007815
0,265000;54,007815;46,784005;54,007815
0,266000;54,007815;46,784005;54,007815
0,267000;54,007815;46,784005;54,007815
0,268000;54,007815;46,784005;54,007815
0,269000;54,007815;46,784005;54,007815
0,270000;54,007815;46,784005;54,007815
0,271000;54,007815;46,784005;54,007815
0,272000;54,007815;46,784005;54,007815
0,273000;54,007815;46,784005;54,007815
0,274000;54,007815;46,784005;54,007815
0,275000;54,007815;46,784005;54,007815
0,276000;54,007815;46,784005;54,007815
0,277000;54,007815;46,784005;54,007815
0,278000;54,007815;46,784005;54,007815
0,279000;54,007815;46,784005;54,007815
0,280000;54,007815;46,784005;54,007815
0,281000;54,007815;46,784005;54,007815
0,282000;54,007815;46,784005;54,007815
0,283000;54,007815;46,784005;54,007815
0,284000;54,007815;46,784005;54,007815
0,285000;54,007815;46,784005;54,007815
0,286000;54,007815;46,784005;54,007815
0,287000;54,007815;46,784005;54,007815
0,288000;54,007815;46,784005;54,007815
0,289000;54,007815;46,784005;54,007815
0,290000;54,007815;46,784005;54,007815
0,291000;54,007815;46,784005;54,007815
0,292000;54,007815;46,784005;54,007815
0,293000;54,007815;46,784005;54,007815
0,294000;54,007815;46,784005;54,007815
0,295000;54,007815;46,784005;54,007815
0,296000;54,007815;46,784005;54,007815
0,297000;54,007815;46,784005;54,007815
0,298000;54,007815;46,784005;54,007815
0,299000;54,007815;46,784005;54,007815
0,300000;54,007815;46,784005;54,007815
0,301000;54,007815;46,784005;54,007815
0,302000;54,007815;46,784005;54,007815
0,303000;54,007815;46,784005;54,007815
0,304000;54,007815;46,784005;54,007815
0,305000;54,007815;46,784005;54,007815
0,306000;54,007815;46,784005;54,007815
0,307000;54,007815;46,784005;54,007815
0,308000;54,007815;46,784005;54,007815
0,309000;54,007815;46,784005;54,007815
0,310000;54,007815;46,784005;54,007815
0,311000;54,007815;46,784005;54,007815
0,312000;54,007815;46,784005;54,007815
0,313000;54,007815;46,784005;54,007815
0,314000;54,007815;46,784005;54,007815
0,315000;54,007815;46,784005;54,007815
0,316000;54,007815;46,784005;54,007815
0,317000;54,007815;46,784005;54,007815
0,318000;54,007815;46,784005;54,007815
0,319000;54,007815;46,784005;54,007815
0,320000;54,007815;46,784005;54,007815
0,321000;54,007815;46,784005;54,007815
0,322000;54,007815;46,784005;54,007815
0,323000;54,007815;46,784005;54,007815
0,324000;54,007815;46,784005;54,007815
0,325000;54,007815;46,784005;54,007815
0,326000;54,007815;46,784005;54,007815
0,327000;54,007815;46,784005;54,007815
0,328000;54,007815;46,784005;54,007815
0,329000;54,007815;46,784005;54,007815
0,330000;54,007815;46,784005;54,007815
0,331000;54,007815;46,784005;54,007815
0,332000;54,007815;46,784005;54,007815
0,333000;54,007815;46,784005;54,007815
0,334000;54,007815;46,784005;54,007815
0,335000;54,007815;46,784005;54,007815
0,336000;54,007815;46,784005;54,007815
0,337000;54,007815;46,784005;54,007815
0,338000;54,007815;46,784005;54,007815
0,339000;54,007815;46,784005;54,007815
0,340000;54,007815;46,784005;54,007815
0,341000;54,007815;46,784005;54,007815
0,342000;54,007815;46,784005;54,007815
0,343000;54,007815;46,784005;54,007815
0,344000;54,007815;46,784005;54,007815
0,345000;54,007815;46,784005;54,007815
0,346000;54,007815;46,784005;54,007815
0,347000;54,007815;46,784005;54,007815
0,348000;54,007815;46,784005;54,007815
0,349000;54,007815;46,784005;54,007815
0,350000;54,007815;46,784005;54,007815
0,351000;54,007815;46,784005;54,007815
0,352000;54,007815;46,784005;54,007815
0,353000;54,007815;46,784005;54,007815
0,354000;54,007815;46,784005;54,007815
0,355000;54,007815;46,784005;54,007815
0,356000;54,007815;46,784005;54,007815
0,357000;54,007815;46,784005;54,007815
0,358000;54,007815;46,784005;54,007815
0,359000;54,007815;46,784005;54,007815
0,360000;54,007815;46,784005;54,007815
0,361000;54,007815;46,784005;54,007815
0,362000;54,007815;46,784005;54,007815
0,363000;54,007815;46,784005;54,007815
0,364000;54,007815;46,784005;54,007815
0,365000;54,007815;46,784005;54,007815
0,366000;54,007815;46,784005;54,007815
0,367000;54,007815;46,784005;54,007815
0,368000;54,007815;46,784005;54,007815
0,369000;54,007815;46,784005;54,007815
0,370000;54,007815;46,784005;54,007815
0,371000;54,007814;46,784005;54,007814
0,372000;54,007814;46,784005;54,007814
0,373000;54,007814;46,784005;54,007814
0,374000;54,007814;46,784005;54,007814
0,375000;54,007814;46,784005;54,007814
0,376000;54,007814;46,784005;54,007814
0,377000;54,007814;46,784005;54,007814
0,378000;54,007814;46,784005;54,007814
0,379000;54,007814;46,784005;54,007814
0,380000;54,007814;46,784005;54,007814
0,381000;54,007814;46,784005;54,007814
0,382000;54,007814;46,784005;54,007814
0,383000;54,007814;46,784005;54,007814
0,384000;54,007814;46,784005;54,007814
0,385000;54,007814;46,784005;54,007814
0,386000;54,007814;46,784005;54,007814
0,387000;54,007814;46,784005;54,007814
0,388000;54,007814;46,784005;54,007814
0,389000;54,007814;46,784005;54,007814
0,390000;54,007814;46,784005;54,007814
0,391000;54,007814;46,784005;54,007814
0,392000;54,007814;46,784005;54,007814
0,393000;54,007814;46,784005;54,007814
0,394000;54,007814;46,784005;54,007814
0,395000;54,007814;46,784005;54,007814
0,396000;54,007814;46,784005;54,007814
0,397000;54,007814;46,784005;54,007814
0,398000;54,007814;46,784005;54,007814
0,399000;54,007814;46,784005;54,007814
0,400000;54,007814;46,784005;54,007814
0,401000;54,007814;46,784005;54,007814
0,402000;54,007814;46,784005;54,007814
0,403000;54,007814;46,784005;54,007814
0,404000;54,007814;46,784005;54,007814
0,405000;54,007814;46,784005;54,007814
0,406000;54,007814;46,784005;54,007814
0,407000;54,007814;46,784005;54,007814
0,408000;54,007814;46,784005;54,007814
0,409000;54,007814;46,784005;54,007814
0,410000;54,007814;46,784005;54,007814
0,411000;54,007814;46,784005;54,007814
0,412000;54,007814;46,784005;54,007814
0,413000;54,007814;46,784005;54,007814
0,414000;54,007814;46,784005;54,007814
0,415000;54,007814;46,784005;54,007814
0,416000;54,007814;46,784005;54,007814
0,417000;54,007814;46,784005;54,007814
0,418000;54,007814;46,784005;54,007814
0,419000;54,007814;46,784005;54,007814
0,420000;54,007814;46,784005;54,007814
0,421000;54,007814;46,784005;54,007814
0,422000;54,007814;46,784005;54,007814
0,423000;54,007814;46,784005;54,007814
0,424000;54,007814;46,784005;54,007814
0,425000;54,007814;46,784005;54,007814
0,426000;54,007814;46,784005;54,007814
0,427000;54,007814;46,784005;54,007814
0,428000;54,007814;46,784005;54,007814
0,429000;54,007814;46,784005;54,007814
0,430000;54,007814;46,784005;54,007814
0,431000;54,007814;46,784005;54,007814
0,432000;54,007814;46,784005;54,007814
0,433000;54,007814;46,784005;54,007814
0,434000;54,007814;46,784005;54,007814
0,435000;54,007814;46,784005;54,007814
0,436000;54,007814;46,784005;54,007814
0,437000;54,007814;46,784005;54,007814
0,438000;54,007814;46,784005;54,007814
0,439000;54,007814;46,784005;54,007814
0,440000;54,007814;46,784005;54,007814
0,441000;54,007814;46,784005;54,007814
0,442000;54,007814;46,784005;54,007814
0,443000;54,007814;46,784005;54,007814
0,444000;54,007814;46,784005;54,007814
0,445000;54,007814;46,784005;54,007814
0,446000;54,007814;46,784005;54,007814
0,447000;54,007814;46,784004;54,007814
0,448000;54,007814;46,784004;54,007814
0,449000;54,007814;46,784004;54,007814
0,450000;54,007814;46,784004;54,007814
0,451000;54,007814;46,784004;54,007814
0,452000;54,007814;46,784004;54,007814
0,453000;54,007814;46,784004;54,007814
0,454000;54,007814;46,784004;54,007814
0,455000;54,007814;46,784004;54,007814
0,456000;54,007814;46,784004;54,007814
0,457000;54,007814;46,784004;54,007814
0,458000;54,007814;46,784004;54,007814
0,459000;54,007814;46,784004;54,007814
0,460000;54,007814;46,784004;54,007814
0,461000;54,007814;46,784004;54,007814
0,462000;54,007814;46,784004;54,007814
0,463000;54,007814;46,784004;54,007814
0,464000;54,007814;46,784004;54,007814
0,465000;54,007814;46,784004;54,007814
0,466000;54,007814;46,784004;54,007814
0,467000;54,007814;46,784004;54,007814
0,468000;54,007814;46,784004;54,007814
0,469000;54,007814;46,784004;54,007814
0,470000;54,007814;46,784004;54,007814
0,471000;54,007814;46,784004;54,007814
0,472000;54,007814;46,784004;54,007814
0,473000;54,007814;46,784004;54,007814
0,474000;54,007814;46,784004;54,007814
0,475000;54,007814;46,784004;54,007814
0,476000;54,007814;46,784004;54,007814
0,477000;54,007814;46,784004;54,007814
0,478000;54,007814;46,784004;54,007814
0,479000;54,007814;46,784004;54,007814
0,480000;54,007814;46,784004;54,007814
0,481000;54,007814;46,784004;54,007814
0,482000;54,007814;46,784004;54,007814
0,483000;54,007814;46,784004;54,007814
0,484000;54,007814;46,784004;54,007814
0,485000;54,007814;46,784004;54,007814
0,486000;54,007814;46,784004;54,007814
0,487000;54,007814;46,784004;54,007814
0,488000;54,007814;46,784004;54,007814
0,489000;54,007814;46,784004;54,007814
0,490000;54,007814;46,784004;54,007814
0,491000;54,007814;46,784004;54,007814
0,492000;54,007814;46,784004;54,007814
0,493000;54,007814;46,784004;54,007814
0,494000;54,007814;46,784004;54,007814
0,495000;54,007814;46,784004;54,007814
0,496000;54,007814;46,784004;54,007814
0,497000;54,007814;46,784004;54,007814
0,498000;54,007814;46,784004;54,007814
0,499000;54,007814;46,784004;54,007814
0,500000;54,007814;46,784004;54,007814
0,501000;54,007814;46,784004;54,007814
0,502000;54,007814;46,784004;54,007814
0,503000;54,007814;46,784004;54,007814
0,504000;54,007814;46,784004;54,007814
0,505000;54,007814;46,784004;54,007814
0,506000;54,007814;46,784004;54,007814
0,507000;54,007814;46,784004;54,007814
0,508000;54,007814;46,784004;54,007814
0,509000;54,007814;46,784004;54,007814
0,510000;54,007814;46,784004;54,007814
0,511000;54,007814;46,784004;54,007814
0,512000;54,007814;46,784004;54,007814
0,513000;54,007814;46,784004;54,007814
0,514000;54,007814;46,784004;54,007814
0,515000;54,007814;46,784004;54,007814
0,516000;54,007814;46,784004;54,007814
0,517000;54,007814;46,784004;54,007814
0,518000;54,007814;46,784004;54,007814
0,519000;54,007814;46,784004;54,007814
0,520000;54,007814;46,784004;54,007814
0,521000;54,007814;46,784004;54,007814
0,522000;54,007814;46,784004;54,007814
0,523000;54,007814;46,784004;54,007814
0,524000;54,007814;46,784004;54,007814
0,525000;54,007814;46,784004;54,007814
0,526000;54,007814;46,784004;54,007814
0,527000;54,007814;46,784004;54,007814
0,528000;54,007813;46,784004;54,007813
0,529000;54,007813;46,784004;54,007813
0,530000;54,007813;46,784004;54,007813
0,531000;54,007813;46,784004;54,007813
0,532000;54,007813;46,784004;54,007813
0,533000;54,007813;46,784004;54,007813
0,534000;54,007813;46,784004;54,007813
0,535000;54,007813;46,784004;54,007813
0,536000;54,007813;46,784004;54,007813
0,537000;54,007813;46,784004;54,007813
0,538000;54,007813;46,784004;54,007813
0,539000;54,007813;46,784004;54,007813
0,540000;54,007813;46,784004;54,007813
0,541000;54,007813;46,784004;54,007813
0,542000;54,007813;46,784004;54,007813
0,543000;54,007813;46,784004;54,007813
0,544000;54,007813;46,784004;54,007813
0,545000;54,007813;46,784004;54,007813
0,546000;54,007813;46,784004;54,007813
0,547000;54,007813;46,784004;54,007813
0,548000;54,007813;46,784004;54,007813
0,549000;54,007813;46,784004;54,007813
0,550000;54,007813;46,784004;54,007813
0,551000;54,007813;46,784004;54,007813
0,552000;54,007813;46,784004;54,007813
0,553000;54,007813;46,784004;54,007813
0,554000;54,007813;46,784004;54,007813
0,555000;54,007813;46,784004;54,007813
0,556000;54,007813;46,784004;54,007813
0,557000;54,007813;46,784004;54,007813
0,558000;54,007813;46,784004;54,007813
0,559000;54,007813;46,784004;54,007813
0,560000;54,007813;46,784004;54,007813
0,561000;54,007813;46,784004;54,007813
0,562000;54,007813;46,784004;54,007813
0,563000;54,007813;46,784004;54,007813
0,564000;54,007813;46,784004;54,007813
0,565000;54,007813;46,784004;54,007813
0,566000;54,007813;46,784004;54,007813
0,567000;54,007813;46,784004;54,007813
0,568000;54,007813;46,784004;54,007813
0,569000;54,007813;46,784004;54,007813
0,570000;54,007813;46,784004;54,007813
0,571000;54,007813;46,784004;54,007813
0,572000;54,007813;46,784004;54,007813
0,573000;54,007813;46,784004;54,007813
0,574000;54,007813;46,784004;54,007813
0,575000;54,007813;46,784004;54,007813
0,576000;54,007813;46,784004;54,007813
0,577000;54,007813;46,784004;54,007813
0,578000;54,007813;46,784004;54,007813
0,579000;54,007813;46,784004;54,007813
0,580000;54,007813;46,784004;54,007813
0,581000;54,007813;46,784004;54,007813
0,582000;54,007813;46,784004;54,007813
0,583000;54,007813;46,784004;54,007813
0,584000;54,007813;46,784004;54,007813
0,585000;54,007813;46,784004;54,007813
0,586000;54,007813;46,784004;54,007813
0,587000;54,007813;46,784004;54,007813
0,588000;54,007813;46,784004;54,007813
0,589000;54,007813;46,784004;54,007813
0,590000;54,007813;46,784004;54,007813
0,591000;54,007813;46,784004;54,007813
0,592000;54,007813;46,784004;54,007813
0,593000;54,007813;46,784004;54,007813
0,594000;54,007813;46,784004;54,007813
0,595000;54,007813;46,784004;54,007813
0,596000;54,007813;46,784004;54,007813
0,597000;54,007813;46,784004;54,007813
0,598000;54,007813;46,784004;54,007813
0,599000;54,007813;46,784004;54,007813
0,600000;54,007813;46,784004;54,007813
0,601000;54,007813;46,784004;54,007813
0,602000;54,007813;46,784004;54,007813
0,603000;54,007813;46,784004;54,007813
0,604000;54,007813;46,784004;54,007813
0,605000;54,007813;46,784004;54,007813
0,606000;54,007813;46,784004;54,007813
0,607000;54,007813;46,784004;54,007813
0,608000;54,007813;46,784004;54,007813
0,609000;54,007813;46,784004;54,007813
0,610000;54,007813;46,784004;54,007813
0,611000;54,007813;46,784004;54,007813
0,612000;54,007813;46,784004;54,007813
0,613000;54,007813;46,784004;54,007813
0,614000;54,007813;46,784004;54,007813
0,615000;54,007813;46,784004;54,007813
0,616000;54,007813;46,784004;54,007813
0,617000;54,007813;46,784004;54,007813
0,618000;54,007813;46,784004;54,007813
0,619000;54,007813;46,784004;54,007813
0,620000;54,007813;46,784004;54,007813
0,621000;54,007813;46,784004;54,007813
0,622000;54,007813;46,784004;54,007813
0,623000;54,007813;46,784004;54,007813
0,624000;54,007813;46,784004;54,007813
0,625000;54,007813;46,784004;54,007813
0,626000;54,007813;46,784004;54,007813
0,627000;54,007813;46,784004;54,007813
0,628000;54,007813;46,784004;54,007813
0,629000;54,007813;46,784004;54,007813
0,630000;54,007813;46,784004;54,007813
0,631000;54,007813;46,784004;54,007813
0,632000;54,007813;46,784004;54,007813
0,633000;54,007813;46,784004;54,007813
0,634000;54,007813;46,784004;54,007813
0,635000;54,007813;46,784004;54,007813
0,636000;54,007813;46,784004;54,007813
0,637000;54,007813;46,784004;54,007813
0,638000;54,007813;46,784004;54,007813
0,639000;54,007813;46,784004;54,007813
0,640000;54,007813;46,784004;54,007813
0,641000;54,007813;46,784004;54,007813
0,642000;54,007813;46,784004;54,007813
0,643000;54,007813;46,784004;54,007813
0,644000;54,007813;46,784004;54,007813
0,645000;54,007813;46,784004;54,007813
0,646000;54,007813;46,784004;54,007813
0,647000;54,007813;46,784004;54,007813
0,648000;54,007813;46,784004;54,007813
0,649000;54,007813;46,784004;54,007813
0,650000;54,007813;46,784004;54,007813
0,651000;54,007813;46,784004;54,007813
0,652000;54,007813;46,784004;54,007813
0,653000;54,007813;46,784004;54,007813
0,654000;54,007813;46,784004;54,007813
0,655000;54,007813;46,784004;54,007813
0,656000;54,007813;46,784004;54,007813
0,657000;54,007813;46,784004;54,007813
0,658000;54,007813;46,784004;54,007813
0,659000;54,007813;46,784004;54,007813
0,660000;54,007813;46,784004;54,007813
0,661000;54,007813;46,784004;54,007813
0,662000;54,007813;46,784004;54,007813
0,663000;54,007813;46,784004;54,007813
0,664000;54,007813;46,784004;54,007813
0,665000;54,007813;46,784004;54,007813
0,666000;54,007813;46,784004;54,007813
0,667000;54,007813;46,784004;54,007813
0,668000;54,007813;46,784004;54,007813
0,669000;54,007813;46,784004;54,007813
0,670000;54,007813;46,784004;54,007813
0,671000;54,007813;46,784004;54,007813
0,672000;54,007813;46,784004;54,007813
0,673000;54,007813;46,784004;54,007813
0,674000;54,007813;46,784004;54,007813
0,675000;54,007813;46,784004;54,007813
0,676000;54,007813;46,784004;54,007813
0,677000;54,007813;46,784004;54,007813
0,678000;54,007813;46,784004;54,007813
0,679000;54,007813;46,784004;54,007813
0,680000;54,007813;46,784004;54,007813
0,681000;54,007813;46,784004;54,007813
0,682000;54,007813;46,784004;54,007813
0,683000;54,007813;46,784004;54,007813
0,684000;54,007813;46,784004;54,007813
0,685000;54,007813;46,784004;54,007813
0,686000;54,007813;46,784004;54,007813
0,687000;54,007813;46,784004;54,007813
0,688000;54,007813;46,784004;54,007813
0,689000;54,007813;46,784004;54,007813
0,690000;54,007813;46,784004;54,007813
0,691000;54,007813;46,784004;54,007813
0,692000;54,007813;46,784004;54,007813
0,693000;54,007813;46,784004;54,007813
0,694000;54,007813;46,784004;54,007813
0,695000;54,007813;46,784004;54,007813
0,696000;54,007813;46,784004;54,007813
0,697000;54,007813;46,784004;54,007813
0,698000;54,007813;46,784004;54,007813
0,699000;54,007813;46,784004;54,007813
0,700000;54,007813;46,784004;54,007813
0,701000;54,007813;46,784004;54,007813
0,702000;54,007813;46,784004;54,007813
0,703000;54,007813;46,784004;54,007813
0,704000;54,007813;46,784004;54,007813
0,705000;54,007813;46,784004;54,007813
0,706000;54,007813;46,784004;54,007813
0,707000;54,007813;46,784004;54,007813
0,708000;54,007813;46,784004;54,007813
0,709000;54,007813;46,784004;54,007813
0,710000;54,007813;46,784004;54,007813
0,711000;54,007813;46,784004;54,007813
0,712000;54,007813;46,784004;54,007813
0,713000;54,007813;46,784004;54,007813
0,714000;54,007813;46,784004;54,007813
0,715000;54,007813;46,784004;54,007813
0,716000;54,007813;46,784004;54,007813
0,717000;54,007813;46,784004;54,007813
0,718000;54,007813;46,784004;54,007813
0,719000;54,007813;46,784004;54,007813
0,720000;54,007813;46,784004;54,007813
0,721000;54,007813;46,784004;54,007813
0,722000;54,007813;46,784004;54,007813
0,723000;54,007813;46,784004;54,007813
0,724000;54,007813;46,784004;54,007813
0,725000;54,007813;46,784004;54,007813
0,726000;54,007813;46,784004;54,007813
0,727000;54,007813;46,784004;54,007813
0,728000;54,007813;46,784004;54,007813
0,729000;54,007813;46,784004;54,007813
0,730000;54,007813;46,784004;54,007813
0,731000;54,007813;46,784004;54,007813
0,732000;54,007813;46,784004;54,007813
0,733000;54,007813;46,784004;54,007813
0,734000;54,007813;46,784004;54,007813
0,735000;54,007813;46,784004;54,007813
0,736000;54,007813;46,784004;54,007813
0,737000;54,007813;46,784004;54,007813
0,738000;54,007813;46,784004;54,007813
0,739000;54,007813;46,784004;54,007813
0,740000;54,007813;46,784004;54,007813
0,741000;54,007814;46,784004;54,007814
0,742000;54,007814;46,784004;54,007814
0,743000;54,007814;46,784004;54,007814
0,744000;54,007814;46,784004;54,007814
0,745000;54,007814;46,784004;54,007814
0,746000;54,007814;46,784004;54,007814
0,747000;54,007814;46,784004;54,007814
0,748000;54,007814;46,784004;54,007814
0,749000;54,007814;46,784004;54,007814
0,750000;54,007814;46,784004;54,007814
0,751000;54,007814;46,784004;54,007814
0,752000;54,007814;46,784004;54,007814
0,753000;54,007814;46,784004;54,007814
0,754000;54,007814;46,784004;54,007814
0,755000;54,007814;46,784004;54,007814
0,756000;54,007814;46,784004;54,007814
0,757000;54,007814;46,784004;54,007814
0,758000;54,007814;46,784004;54,007814
0,759000;54,007814;46,784004;54,007814
0,760000;54,007814;46,784004;54,007814
0,761000;54,007814;46,784004;54,007814
0,762000;54,007814;46,784004;54,007814
0,763000;54,007814;46,784004;54,007814
0,764000;54,007814;46,784004;54,007814
0,765000;54,007814;46,784004;54,007814
0,766000;54,007814;46,784004;54,007814
0,767000;54,007814;46,784004;54,007814
0,768000;54,007814;46,784004;54,007814
0,769000;54,007814;46,784004;54,007814
0,770000;54,007814;46,784004;54,007814
0,771000;54,007814;46,784004;54,007814
0,772000;54,007814;46,784004;54,007814
0,773000;54,007814;46,784004;54,007814
0,774000;54,007814;46,784004;54,007814
0,775000;54,007814;46,784004;54,007814
0,776000;54,007814;46,784004;54,007814
0,777000;54,007814;46,784004;54,007814
0,778000;54,007814;46,784004;54,007814
0,779000;54,007814;46,784004;54,007814
0,780000;54,007814;46,784004;54,007814
0,781000;54,007814;46,784004;54,007814
0,782000;54,007814;46,784004;54,007814
0,783000;54,007814;46,784004;54,007814
0,784000;54,007814;46,784004;54,007814
0,785000;54,007814;46,784004;54,007814
0,786000;54,007814;46,784004;54,007814
0,787000;54,007814;46,784004;54,007814
0,788000;54,007814;46,784004;54,007814
0,789000;54,007814;46,784004;54,007814
0,790000;54,007814;46,784004;54,007814
0,791000;54,007814;46,784004;54,007814
0,792000;54,007814;46,784004;54,007814
0,793000;54,007814;46,784004;54,007814
0,794000;54,007814;46,784004;54,007814
0,795000;54,007814;46,784004;54,007814
0,796000;54,007814;46,784004;54,007814
0,797000;54,007814;46,784004;54,007814
0,798000;54,007814;46,784004;54,007814
0,799000;54,007814;46,784004;54,007814
0,800000;54,007814;46,784004;54,007814
0,801000;54,007814;46,784004;54,007814
0,802000;54,007814;46,784004;54,007814
0,803000;54,007814;46,784004;54,007814
0,804000;54,007814;46,784004;54,007814
0,805000;54,007814;46,784004;54,007814
0,806000;54,007814;46,784004;54,007814
0,807000;54,007814;46,784004;54,007814
0,808000;54,007814;46,784004;54,007814
0,809000;54,007814;46,784004;54,007814
0,810000;54,007814;46,784004;54,007814
0,811000;54,007814;46,784004;54,007814
0,812000;54,007814;46,784004;54,007814
0,813000;54,007814;46,784004;54,007814
0,814000;54,007814;46,784004;54,007814
0,815000;54,007814;46,784004;54,007814
0,816000;54,007814;46,784004;54,007814
0,817000;54,007814;46,784004;54,007814
0,818000;54,007814;46,784004;54,007814
0,819000;54,007814;46,784004;54,007814
0,820000;54,007814;46,784004;54,007814
0,821000;54,007814;46,784004;54,007814
0,822000;54,007814;46,784004;54,007814
0,823000;54,007814;46,784004;54,007814
0,824000;54,007814;46,784004;54,007814
0,825000;54,007814;46,784004;54,007814
0,826000;54,007814;46,784004;54,007814
0,827000;54,007814;46,784004;54,007814
0,828000;54,007814;46,784004;54,007814
0,829000;54,007814;46,784004;54,007814
0,830000;54,007814;46,784004;54,007814
0,831000;54,007814;46,784005;54,007814
0,832000;54,007814;46,784005;54,007814
0,833000;54,007814;46,784005;54,007814
0,834000;54,007814;46,784005;54,007814
0,835000;54,007814;46,784005;54,007814
0,836000;54,007814;46,784005;54,007814
0,837000;54,007814;46,784005;54,007814
0,838000;54,007814;46,784005;54,007814
0,839000;54,007814;46,784005;54,007814
0,840000;54,007814;46,784005;54,007814
0,841000;54,007814;46,784005;54,007814
0,842000;54,007814;46,784005;54,007814
0,843000;54,007814;46,784005;54,007814
0,844000;54,007814;46,784005;54,007814
0,845000;54,007814;46,784005;54,007814
0,846000;54,007814;46,784005;54,007814
0,847000;54,007814;46,784005;54,007814
0,848000;54,007814;46,784005;54,007814
0,849000;54,007814;46,784005;54,007814
0,850000;54,007814;46,784005;54,007814
0,851000;54,007814;46,784005;54,007814
0,852000;54,007814;46,784005;54,007814
0,853000;54,007814;46,784005;54,007814
0,854000;54,007814;46,784005;54,007814
0,855000;54,007814;46,784005;54,007814
0,856000;54,007814;46,784005;54,007814
0,857000;54,007814;46,784005;54,007814
0,858000;54,007814;46,784005;54,007814
0,859000;54,007814;46,784005;54,007814
0,860000;54,007814;46,784005;54,007814
0,861000;54,007814;46,784005;54,007814
0,862000;54,007814;46,784005;54,007814
0,863000;54,007814;46,784005;54,007814
0,864000;54,007814;46,784005;54,007814
0,865000;54,007814;46,784005;54,007814
0,866000;54,007814;46,784005;54,007814
0,867000;54,007814;46,784005;54,007814
0,868000;54,007814;46,784005;54,007814
0,869000;54,007814;46,784005;54,007814
0,870000;54,007814;46,784005;54,007814
0,871000;54,007814;46,784005;54,007814
0,872000;54,007814;46,784005;54,007814
0,873000;54,007814;46,784005;54,007814
0,874000;54,007814;46,784005;54,007814
0,875000;54,007814;46,784005;54,007814
0,876000;54,007814;46,784005;54,007814
0,877000;54,007814;46,784005;54,007814
0,878000;54,007814;46,784005;54,007814
0,879000;54,007814;46,784005;54,007814
0,880000;54,007814;46,784005;54,007814
0,881000;54,007814;46,784005;54,007814
0,882000;54,007814;46,784005;54,007814
0,883000;54,007814;46,784005;54,007814
0,884000;54,007814;46,784005;54,007814
0,885000;54,007814;46,784005;54,007814
0,886000;54,007814;46,784005;54,007814
0,887000;54,007814;46,784005;54,007814
0,888000;54,007814;46,784005;54,007814
0,889000;54,007814;46,784005;54,007814
0,890000;54,007814;46,784005;54,007814
0,891000;54,007814;46,784005;54,007814
0,892000;54,007814;46,784005;54,007814
0,893000;54,007814;46,784005;54,007814
0,894000;54,007814;46,784005;54,007814
0,895000;54,007814;46,784005;54,007814
0,896000;54,007814;46,784005;54,007814
0,897000;54,007814;46,784005;54,007814
0,898000;54,007814;46,784005;54,007814
0,899000;54,007814;46,784005;54,007814
0,900000;54,007814;46,784005;54,007814
0,901000;54,007814;46,784005;54,007814
0,902000;54,007814;46,784005;54,007814
0,903000;54,007814;46,784005;54,007814
0,904000;54,007814;46,784005;54,007814
0,905000;54,007814;46,784005;54,007814
0,906000;54,007814;46,784005;54,007814
0,907000;54,007814;46,784005;54,007814
0,908000;54,007814;46,784005;54,007814
0,909000;54,007814;46,784005;54,007814
0,910000;54,007814;46,784005;54,007814
0,911000;54,007814;46,784005;54,007814
0,912000;54,007814;46,784005;54,007814
0,913000;54,007814;46,784005;54,007814
0,914000;54,007814;46,784005;54,007814
0,915000;54,007814;46,784005;54,007814
0,916000;54,007814;46,784005;54,007814
0,917000;54,007814;46,784005;54,007814
0,918000;54,007814;46,784005;54,007814
0,919000;54,007814;46,784005;54,007814
0,920000;54,007814;46,784005;54,007814
0,921000;54,007814;46,784005;54,007814
0,922000;54,007814;46,784005;54,007814
0,923000;54,007814;46,784005;54,007814
0,924000;54,007814;46,784005;54,007814
0,925000;54,007814;46,784005;54,007814
0,926000;54,007814;46,784005;54,007814
0,927000;54,007814;46,784005;54,007814
0,928000;54,007814;46,784005;54,007814
0,929000;54,007814;46,784005;54,007814
0,930000;54,007814;46,784005;54,007814
0,931000;54,007814;46,784005;54,007814
0,932000;54,007814;46,784005;54,007814
0,933000;54,007814;46,784005;54,007814
0,934000;54,007814;46,784005;54,007814
0,935000;54,007814;46,784005;54,007814
0,936000;54,007814;46,784005;54,007814
0,937000;54,007814;46,784005;54,007814
0,938000;54,007814;46,784005;54,007814
0,939000;54,007814;46,784005;54,007814
0,940000;54,007814;46,784005;54,007814
0,941000;54,007814;46,784005;54,007814
0,942000;54,007814;46,784005;54,007814
0,943000;54,007814;46,784005;54,007814
0,944000;54,007814;46,784005;54,007814
0,945000;54,007814;46,784005;54,007814
0,946000;54,007814;46,784005;54,007814
0,947000;54,007814;46,784005;54,007814
0,948000;54,007814;46,784005;54,007814
0,949000;54,007814;46,784005;54,007814
0,950000;54,007814;46,784005;54,007814
0,951000;54,007814;46,784005;54,007814
0,952000;54,007814;46,784005;54,007814
0,953000;54,007814;46,784005;54,007814
0,954000;54,007814;46,784005;54,007814
0,955000;54,007814;46,784005;54,007814
0,956000;54,007814;46,784005;54,007814
0,957000;54,007814;46,784005;54,007814
0,958000;54,007814;46,784005;54,007814
0,959000;54,007814;46,784005;54,007814
0,960000;54,007815;46,784005;54,007815
0,961000;54,007815;46,784005;54,007815
0,962000;54,007815;46,784005;54,007815
0,963000;54,007815;46,784005;54,007815
0,964000;54,007815;46,784005;54,007815
0,965000;54,007815;46,784005;54,007815
0,966000;54,007815;46,784005;54,007815
0,967000;54,007815;46,784005;54,007815
0,968000;54,007815;46,784005;54,007815
0,969000;54,007815;46,784005;54,007815
0,970000;54,007815;46,784005;54,007815
0,971000;54,007815;46,784005;54,007815
0,972000;54,007815;46,784005;54,007815
0,973000;54,007815;46,784005;54,007815
0,974000;54,007815;46,784005;54,007815
0,975000;54,007815;46,784005;54,007815
0,976000;54,007815;46,784005;54,007815
0,977000;54,007815;46,784005;54,007815
0,978000;54,007815;46,784005;54,007815
0,979000;54,007815;46,784005;54,007815
0,980000;54,007815;46,784005;54,007815
0,981000;54,007815;46,784005;54,007815
0,982000;54,007815;46,784005;54,007815
0,983000;54,007815;46,784005;54,007815
0,984000;54,007815;46,784005;54,007815
0,985000;54,007815;46,784005;54,007815
0,986000;54,007815;46,784005;54,007815
0,987000;54,007815;46,784005;54,007815
0,988000;54,007815;46,784005;54,007815
0,989000;54,007815;46,784005;54,007815
0,990000;54,007815;46,784005;54,007815
0,991000;54,007815;46,784005;54,007815
0,992000;54,007815;46,784005;54,007815
0,993000;54,007815;46,784005;54,007815
0,994000;54,007815;46,784005;54,007815
0,995000;54,007815;46,784005;54,007815
0,996000;54,007815;46,784005;54,007815
0,997000;54,007815;46,784005;54,007815
0,998000;54,007815;46,784005;54,007815
0,999000;54,007815;46,784005;54,007815
1,000000;54,007815;46,784005;54,007815
1,001000;54,007815;46,784005;54,007815
1,002000;54,007815;46,784005;54,007815
1,003000;54,007815;46,784005;54,007815
1,004000;54,007815;46,784005;54,007815
1,005000;54,007815;46,784005;54,007815
1,006000;54,007815;46,784005;54,007815
1,007000;54,007815;46,784005;54,007815
1,008000;54,007815;46,784005;54,007815
1,009000;54,007815;46,784005;54,007815
1,010000;54,007815;46,784005;54,007815
1,011000;54,007815;46,784005;54,007815
1,012000;54,007815;46,784005;54,007815
1,013000;54,007815;46,784005;54,007815
1,014000;54,007815;46,784005;54,007815
1,015000;54,007815;46,784005;54,007815
1,016000;54,007815;46,784005;54,007815
1,017000;54,007815;46,784005;54,007815
1,018000;54,007815;46,784005;54,007815
1,019000;54,007815;46,784005;54,007815
1,020000;54,007815;46,784005;54,007815
1,021000;54,007815;46,784005;54,007815
1,022000;54,007815;46,784005;54,007815
1,023000;54,007815;46,784005;54,007815
1,024000;54,007815;46,784005;54,007815
1,025000;54,007815;46,784005;54,007815
1,026000;54,007815;46,784005;54,007815
1,027000;54,007815;46,784005;54,007815
1,028000;54,007815;46,784005;54,007815
1,029000;54,007815;46,784005;54,007815
1,030000;54,007815;46,784005;54,007815
1,031000;54,007815;46,784005;54,007815
1,032000;54,007815;46,784005;54,007815
1,033000;54,007815;46,784005;54,007815
1,034000;54,007815;46,784005;54,007815
1,035000;54,007815;46,784005;54,007815
1,036000;54,007814;46,784005;54,007814
1,037000;54,007814;46,784005;54,007814
1,038000;54,007814;46,784005;54,007814
1,039000;54,007814;46,784005;54,007814
1,040000;54,007814;46,784005;54,007814
1,041000;54,007814;46,784005;54,007814
1,042000;54,007814;46,784005;54,007814
1,043000;54,007814;46,784005;54,007814
1,044000;54,007814;46,784005;54,007814
1,045000;54,007814;46,784005;54,007814
1,046000;54,007814;46,784005;54,007814
1,047000;54,007814;46,784005;54,007814
1,048000;54,007814;46,784005;54,007814
1,049000;54,007814;46,784005;54,007814
1,050000;54,007814;46,784005;54,007814
1,051000;54,007814;46,784005;54,007814
1,052000;54,007814;46,784005;54,007814
1,053000;54,007814;46,784005;54,007814
1,054000;54,007814;46,784005;54,007814
1,055000;54,007814;46,784005;54,007814
1,056000;54,007814;46,784005;54,007814
1,057000;54,007814;46,784005;54,007814
1,058000;54,007814;46,784005;54,007814
1,059000;54,007814;46,784005;54,007814
1,060000;54,007814;46,784005;54,007814
1,061000;54,007814;46,784005;54,007814
1,062000;54,007814;46,784005;54,007814
1,063000;54,007814;46,784005;54,007814
1,064000;54,007814;46,784005;54,007814
1,065000;54,007814;46,784005;54,007814
1,066000;54,007814;46,784005;54,007814
1,067000;54,007814;46,784005;54,007814
1,068000;54,007814;46,784005;54,007814
1,069000;54,007814;46,784005;54,007814
1,070000;54,007814;46,784005;54,007814
1,071000;54,007814;46,784005;54,007814
1,072000;54,007814;46,784005;54,007814
1,073000;54,007814;46,784005;54,007814
1,074000;54,007814;46,784005;54,007814
1,075000;54,007814;46,784005;54,007814
1,076000;54,007814;46,784005;54,007814
1,077000;54,007814;46,784005;54,007814
1,078000;54,007814;46,784005;54,007814
1,079000;54,007814;46,784005;54,007814
1,080000;54,007814;46,784005;54,007814
1,081000;54,007814;46,784005;54,007814
1,082000;54,007814;46,784005;54,007814
1,083000;54,007814;46,784005;54,007814
1,084000;54,007814;46,784005;54,007814
1,085000;54,007814;46,784005;54,007814
1,086000;54,007814;46,784005;54,007814
1,087000;54,007814;46,784005;54,007814
1,088000;54,007814;46,784005;54,007814
1,089000;54,007814;46,784005;54,007814
1,090000;54,007814;46,784005;54,007814
1,091000;54,007814;46,784005;54,007814
1,092000;54,007814;46,784005;54,007814
1,093000;54,007814;46,784005;54,007814
1,094000;54,007814;46,784005;54,007814
1,095000;54,007814;46,784005;54,007814
1,096000;54,007814;46,784005;54,007814
1,097000;54,007814;46,784005;54,007814
1,098000;54,007814;46,784005;54,007814
1,099000;54,007814;46,784005;54,007814
1,100000;54,007814;46,784005;54,007814
1,101000;54,007814;46,784005;54,007814
1,102000;54,007814;46,784005;54,007814
1,103000;54,007814;46,784005;54,007814
1,104000;54,007814;46,784005;54,007814
1,105000;54,007814;46,784005;54,007814
1,106000;54,007814;46,784005;54,007814
1,107000;54,007814;46,784005;54,007814
1,108000;54,007814;46,784005;54,007814
1,109000;54,007814;46,784005;54,007814
1,110000;54,007814;46,784005;54,007814
1,111000;54,007814;46,784005;54,007814
1,112000;54,007814;46,784005;54,007814
1,113000;54,007814;46,784005;54,007814
1,114000;54,007814;46,784005;54,007814
1,115000;54,007814;46,784005;54,007814
1,116000;54,007814;46,784005;54,007814
1,117000;54,007814;46,784005;54,007814
1,118000;54,007814;46,784005;54,007814
1,119000;54,007814;46,784005;54,007814
1,120000;54,007814;46,784005;54,007814
1,121000;54,007814;46,784005;54,007814
1,122000;54,007814;46,784005;54,007814
1,123000;54,007814;46,784005;54,007814
1,124000;54,007814;46,784005;54,007814
1,125000;54,007814;46,784005;54,007814
1,126000;54,007814;46,784005;54,007814
1,127000;54,007814;46,784005;54,007814
1,128000;54,007814;46,784005;54,007814
1,129000;54,007814;46,784005;54,007814
1,130000;54,007814;46,784005;54,007814
1,131000;54,007814;46,784005;54,007814
1,132000;54,007814;46,784005;54,007814
1,133000;54,007814;46,784005;54,007814
1,134000;54,007814;46,784005;54,007814
1,135000;54,007814;46,784005;54,007814
1,136000;54,007814;46,784005;54,007814
1,137000;54,007814;46,784005;54,007814
1,138000;54,007814;46,784005;54,007814
1,139000;54,007814;46,784005;54,007814
1,140000;54,007814;46,784005;54,007814
1,141000;54,007814;46,784005;54,007814
1,142000;54,007814;46,784005;54,007814
1,143000;54,007814;46,784005;54,007814
1,144000;54,007814;46,784005;54,007814
1,145000;54,007814;46,784005;54,007814
1,146000;54,007814;46,784005;54,007814
1,147000;54,007814;46,784005;54,007814
1,148000;54,007814;46,784005;54,007814
1,149000;54,007814;46,784005;54,007814
1,150000;54,007814;46,784005;54,007814
1,151000;54,007814;46,784005;54,007814
1,152000;54,007814;46,784005;54,007814
1,153000;54,007814;46,784005;54,007814
1,154000;54,007814;46,784005;54,007814
1,155000;54,007814;46,784005;54,007814
1,156000;54,007814;46,784005;54,007814
1,157000;54,007814;46,784005;54,007814
1,158000;54,007814;46,784005;54,007814
1,159000;54,007814;46,784005;54,007814
1,160000;54,007814;46,784005;54,007814
1,161000;54,007814;46,784005;54,007814
1,162000;54,007814;46,784005;54,007814
1,163000;54,007814;46,784005;54,007814
1,164000;54,007814;46,784005;54,007814
1,165000;54,007814;46,784005;54,007814
1,166000;54,007814;46,784005;54,007814
1,167000;54,007814;46,784005;54,007814
1,168000;54,007814;46,784005;54,007814
1,169000;54,007814;46,784005;54,007814
1,170000;54,007814;46,784005;54,007814
1,171000;54,007814;46,784005;54,007814
1,172000;54,007814;46,784005;54,007814
1,173000;54,007814;46,784005;54,007814
1,174000;54,007814;46,784005;54,007814
1,175000;54,007814;46,784005;54,007814
1,176000;54,007814;46,784005;54,007814
1,177000;54,007814;46,784005;54,007814
1,178000;54,007814;46,784005;54,007814
1,179000;54,007814;46,784005;54,007814
1,180000;54,007814;46,784005;54,007814
1,181000;54,007814;46,784005;54,007814
1,182000;54,007814;46,784005;54,007814
1,183000;54,007814;46,784005;54,007814
1,184000;54,007814;46,784005;54,007814
1,185000;54,007814;46,784005;54,007814
1,186000;54,007814;46,784005;54,007814
1,187000;54,007814;46,784005;54,007814
1,188000;54,007814;46,784005;54,007814
1,189000;54,007814;46,784005;54,007814
1,190000;54,007814;46,784005;54,007814
1,191000;54,007814;46,784005;54,007814
1,192000;54,007814;46,784005;54,007814
1,193000;54,007814;46,784005;54,007814
1,194000;54,007814;46,784005;54,007814
1,195000;54,007814;46,784005;54,007814
1,196000;54,007814;46,784005;54,007814
1,197000;54,007814;46,784005;54,007814
1,198000;54,007814;46,784005;54,007814
1,199000;54,007814;46,784005;54,007814
1,200000;54,007814;46,784005;54,007814
1,201000;54,007814;46,784005;54,007814
1,202000;54,007814;46,784005;54,007814
1,203000;54,007814;46,784005;54,007814
1,204000;54,007814;46,784005;54,007814
1,205000;54,007814;46,784005;54,007814
1,206000;54,007814;46,784005;54,007814
1,207000;54,007814;46,784004;54,007814
1,208000;54,007814;46,784004;54,007814
1,209000;54,007814;46,784004;54,007814
1,210000;54,007814;46,784004;54,007814
1,211000;54,007814;46,784004;54,007814
1,212000;54,007814;46,784004;54,007814
1,213000;54,007814;46,784004;54,007814
1,214000;54,007814;46,784004;54,007814
1,215000;54,007814;46,784004;54,007814
1,216000;54,007814;46,784004;54,007814
1,217000;54,007814;46,784004;54,007814
1,218000;54,007814;46,784004;54,007814
1,219000;54,007814;46,784004;54,007814
1,220000;54,007814;46,784004;54,007814
1,221000;54,007814;46,784004;54,007814
1,222000;54,007814;46,784004;54,007814
1,223000;54,007814;46,784004;54,007814
1,224000;54,007814;46,784004;54,007814
1,225000;54,007814;46,784004;54,007814
1,226000;54,007814;46,784004;54,007814
1,227000;54,007814;46,784004;54,007814
1,228000;54,007814;46,784004;54,007814
1,229000;54,007814;46,784004;54,007814
1,230000;54,007814;46,784004;54,007814
1,231000;54,007814;46,784004;54,007814
1,232000;54,007814;46,784004;54,007814
1,233000;54,007814;46,784004;54,007814
1,234000;54,007814;46,784004;54,007814
1,235000;54,007814;46,784004;54,007814
1,236000;54,007814;46,784004;54,007814
1,237000;54,007814;46,784004;54,007814
1,238000;54,007814;46,784004;54,007814
1,239000;54,007814;46,784004;54,007814
1,240000;54,007814;46,784004;54,007814
1,241000;54,007814;46,784004;54,007814
1,242000;54,007814;46,784004;54,007814
1,243000;54,007814;46,784004;54,007814
1,244000;54,007814;46,784004;54,007814
1,245000;54,007814;46,784004;54,007814
1,246000;54,007814;46,784004;54,007814
1,247000;54,007814;46,784004;54,007814
1,248000;54,007814;46,784004;54,007814
1,249000;54,007814;46,784004;54,007814
1,250000;54,007814;46,784004;54,007814
1,251000;54,007814;46,784004;54,007814
1,252000;54,007814;46,784004;54,007814
1,253000;54,007814;46,784004;54,007814
1,254000;54,007814;46,784004;54,007814
1,255000;54,007814;46,784004;54,007814
1,256000;54,007814;46,784004;54,007814
1,257000;54,007814;46,784004;54,007814
1,258000;54,007814;46,784004;54,007814
1,259000;54,007814;46,784004;54,007814
1,260000;54,007814;46,784004;54,007814
1,261000;54,007814;46,784004;54,007814
1,262000;54,007814;46,784004;54,007814
1,263000;54,007814;46,784004;54,007814
1,264000;54,007814;46,784004;54,007814
1,265000;54,007814;46,784004;54,007814
1,266000;54,007814;46,784004;54,007814
1,267000;54,007814;46,784004;54,007814
1,268000;54,007814;46,784004;54,007814
1,269000;54,007814;46,784004;54,007814
1,270000;54,007814;46,784004;54,007814
1,271000;54,007814;46,784004;54,007814
1,272000;54,007814;46,784004;54,007814
1,273000;54,007814;46,784004;54,007814
1,274000;54,007814;46,784004;54,007814
1,275000;54,007814;46,784004;54,007814
1,276000;54,007814;46,784004;54,007814
1,277000;54,007814;46,784004;54,007814
1,278000;54,007814;46,784004;54,007814
1,279000;54,007814;46,784004;54,007814
1,280000;54,007814;46,784004;54,007814
1,281000;54,007814;46,784004;54,007814
1,282000;54,007814;46,784004;54,007814
1,283000;54,007814;46,784004;54,007814
1,284000;54,007814;46,784004;54,007814
1,285000;54,007814;46,784004;54,007814
1,286000;54,007814;46,784004;54,007814
1,287000;54,007814;46,784004;54,007814
1,288000;54,007814;46,784004;54,007814
1,289000;54,007814;46,784004;54,007814
1,290000;54,007814;46,784004;54,007814
1,291000;54,007814;46,784004;54,007814
1,292000;54,007814;46,784004;54,007814
1,293000;54,007814;46,784004;54,007814
1,294000;54,007814;46,784004;54,007814
1,295000;54,007814;46,784004;54,007814
1,296000;54,007814;46,784004;54,007814
1,297000;54,007814;46,784004;54,007814
1,298000;54,007814;46,784004;54,007814
1,299000;54,007814;46,784004;54,007814
1,300000;54,007814;46,784004;54,007814
1,301000;54,007814;46,784004;54,007814
1,302000;54,007814;46,784004;54,007814
1,303000;54,007814;46,784004;54,007814
1,304000;54,007814;46,784004;54,007814
1,305000;54,007814;46,784004;54,007814
1,306000;54,007814;46,784004;54,007814
1,307000;54,007814;46,784004;54,007814
1,308000;54,007814;46,784004;54,007814
1,309000;54,007814;46,784004;54,007814
1,310000;54,007814;46,784004;54,007814
1,311000;54,007814;46,784004;54,007814
1,312000;54,007814;46,784004;54,007814
1,313000;54,007814;46,784004;54,007814
1,314000;54,007814;46,784004;54,007814
1,315000;54,007814;46,784004;54,007814
1,316000;54,007814;46,784004;54,007814
1,317000;54,007814;46,784004;54,007814
1,318000;54,007814;46,784004;54,007814
1,319000;54,007814;46,784004;54,007814
1,320000;54,007814;46,784004;54,007814
1,321000;54,007814;46,784004;54,007814
1,322000;54,007814;46,784004;54,007814
1,323000;54,007814;46,784004;54,007814
1,324000;54,007814;46,784004;54,007814
1,325000;54,007814;46,784004;54,007814
1,326000;54,007814;46,784004;54,007814
1,327000;54,007814;46,784004;54,007814
1,328000;54,007814;46,784004;54,007814
1,329000;54,007814;46,784004;54,007814
1,330000;54,007814;46,784004;54,007814
1,331000;54,007814;46,784004;54,007814
1,332000;54,007814;46,784004;54,007814
1,333000;54,007814;46,784004;54,007814
1,334000;54,007814;46,784004;54,007814
1,335000;54,007814;46,784004;54,007814
1,336000;54,007814;46,784004;54,007814
1,337000;54,007814;46,784004;54,007814
1,338000;54,007814;46,784004;54,007814
1,339000;54,007814;46,784004;54,007814
1,340000;54,007814;46,784004;54,007814
1,341000;54,007814;46,784004;54,007814
1,342000;54,007814;46,784004;54,007814
1,343000;54,007814;46,784004;54,007814
1,344000;54,007814;46,784004;54,007814
1,345000;54,007814;46,784004;54,007814
1,346000;54,007814;46,784004;54,007814
1,347000;54,007814;46,784004;54,007814
1,348000;54,007814;46,784004;54,007814
1,349000;54,007814;46,784004;54,007814
1,350000;54,007814;46,784004;54,007814
1,351000;54,007814;46,784004;54,007814
1,352000;54,007814;46,784004;54,007814
1,353000;54,007814;46,784004;54,007814
1,354000;54,007814;46,784004;54,007814
1,355000;54,007814;46,784004;54,007814
1,356000;54,007814;46,784004;54,007814
1,357000;54,007814;46,784004;54,007814
1,358000;54,007814;46,784004;54,007814
1,359000;54,007814;46,784004;54,007814
1,360000;54,007814;46,784004;54,007814
1,361000;54,007814;46,784004;54,007814
1,362000;54,007814;46,784004;54,007814
1,363000;54,007814;46,784004;54,007814
1,364000;54,007814;46,784004;54,007814
1,365000;54,007814;46,784004;54,007814
1,366000;54,007814;46,784004;54,007814
1,367000;54,007814;46,784004;54,007814
1,368000;54,007814;46,784004;54,007814
1,369000;54,007814;46,784004;54,007814
1,370000;54,007814;46,784004;54,007814
1,371000;54,007814;46,784004;54,007814
1,372000;54,007814;46,784004;54,007814
1,373000;54,007814;46,784004;54,007814
1,374000;54,007814;46,784004;54,007814
1,375000;54,007814;46,784004;54,007814
1,376000;54,007814;46,784004;54,007814
1,377000;54,007814;46,784004;54,007814
1,378000;54,007814;46,784004;54,007814
1,379000;54,007814;46,784004;54,007814
1,380000;54,007814;46,784004;54,007814
1,381000;54,007814;46,784004;54,007814
1,382000;54,007814;46,784004;54,007814
1,383000;54,007814;46,784004;54,007814
1,384000;54,007814;46,784004;54,007814
1,385000;54,007814;46,784004;54,007814
1,386000;54,007814;46,784004;54,007814
1,387000;54,007814;46,784004;54,007814
1,388000;54,007814;46,784004;54,007814
1,389000;54,007814;46,784004;54,007814
1,390000;54,007814;46,784004;54,007814
1,391000;54,007814;46,784004;54,007814
1,392000;54,007814;46,784004;54,007814
1,393000;54,007814;46,784004;54,007814
1,394000;54,007814;46,784004;54,007814
1,395000;54,007814;46,784004;54,007814
1,396000;54,007814;46,784004;54,007814
1,397000;54,007814;46,784004;54,007814
1,398000;54,007814;46,784004;54,007814
1,399000;54,007814;46,784004;54,007814
1,400000;54,007814;46,784004;54,007814
1,401000;54,007814;46,784004;54,007814
1,402000;54,007814;46,784004;54,007814
1,403000;54,007814;46,784004;54,007814
1,404000;54,007814;46,784004;54,007814
1,405000;54,007814;46,784004;54,007814
1,406000;54,007814;46,784004;54,007814
1,407000;54,007814;46,784004;54,007814
1,408000;54,007814;46,784004;54,007814
1,409000;54,007814;46,784004;54,007814
1,410000;54,007814;46,784004;54,007814
1,411000;54,007814;46,784004;54,007814
1,412000;54,007814;46,784004;54,007814
1,413000;54,007814;46,784004;54,007814
1,414000;54,007814;46,784004;54,007814
1,415000;54,007814;46,784004;54,007814
1,416000;54,007814;46,784004;54,007814
1,417000;54,007814;46,784004;54,007814
1,418000;54,007814;46,784004;54,007814
1,419000;54,007814;46,784004;54,007814
1,420000;54,007814;46,784004;54,007814
1,421000;54,007814;46,784004;54,007814
1,422000;54,007814;46,784004;54,007814
1,423000;54,007814;46,784004;54,007814
1,424000;54,007814;46,784004;54,007814
1,425000;54,007814;46,784004;54,007814
1,426000;54,007814;46,784004;54,007814
1,427000;54,007814;46,784004;54,007814
1,428000;54,007814;46,784004;54,007814
1,429000;54,007814;46,784004;54,007814
1,430000;54,007814;46,784004;54,007814
1,431000;54,007814;46,784004;54,007814
1,432000;54,007814;46,784004;54,007814
1,433000;54,007814;46,784004;54,007814
1,434000;54,007814;46,784004;54,007814
1,435000;54,007814;46,784004;54,007814
1,436000;54,007814;46,784004;54,007814
1,437000;54,007814;46,784004;54,007814
1,438000;54,007814;46,784004;54,007814
1,439000;54,007814;46,784004;54,007814
1,440000;54,007814;46,784004;54,007814
1,441000;54,007814;46,784004;54,007814
1,442000;54,007814;46,784004;54,007814
1,443000;54,007814;46,784004;54,007814
1,444000;54,007814;46,784004;54,007814
1,445000;54,007814;46,784004;54,007814
1,446000;54,007814;46,784004;54,007814
1,447000;54,007814;46,784004;54,007814
1,448000;54,007814;46,784004;54,007814
1,449000;54,007814;46,784004;54,007814
1,450000;54,007814;46,784004;54,007814
1,451000;54,007814;46,784004;54,007814
1,452000;54,007814;46,784004;54,007814
1,453000;54,007814;46,784004;54,007814
1,454000;54,007814;46,784004;54,007814
1,455000;54,007814;46,784004;54,007814
1,456000;54,007814;46,784004;54,007814
1,457000;54,007814;46,784004;54,007814
1,458000;54,007814;46,784004;54,007814
1,459000;54,007814;46,784004;54,007814
1,460000;54,007814;46,784004;54,007814
1,461000;54,007814;46,784004;54,007814
1,462000;54,007814;46,784004;54,007814
1,463000;54,007814;46,784004;54,007814
1,464000;54,007814;46,784004;54,007814
1,465000;54,007814;46,784004;54,007814
1,466000;54,007814;46,784004;54,007814
1,467000;54,007814;46,784004;54,007814
1,468000;54,007814;46,784004;54,007814
1,469000;54,007814;46,784004;54,007814
1,470000;54,007814;46,784004;54,007814
1,471000;54,007814;46,784004;54,007814
1,472000;54,007814;46,784004;54,007814
1,473000;54,007814;46,784004;54,007814
1,474000;54,007814;46,784004;54,007814
1,475000;54,007814;46,784004;54,007814
1,476000;54,007814;46,784004;54,007814
1,477000;54,007814;46,784004;54,007814
1,478000;54,007814;46,784004;54,007814
1,479000;54,007814;46,784004;54,007814
1,480000;54,007814;46,784004;54,007814
1,481000;54,007814;46,784004;54,007814
1,482000;54,007814;46,784004;54,007814
1,483000;54,007814;46,784004;54,007814
1,484000;54,007814;46,784004;54,007814
1,485000;54,007814;46,784004;54,007814
1,486000;54,007814;46,784004;54,007814
1,487000;54,007814;46,784004;54,007814
1,488000;54,007814;46,784004;54,007814
1,489000;54,007814;46,784004;54,007814
1,490000;54,007814;46,784004;54,007814
1,491000;54,007814;46,784004;54,007814
1,492000;54,007814;46,784004;54,007814
1,493000;54,007814;46,784004;54,007814
1,494000;54,007814;46,784004;54,007814
1,495000;54,007814;46,784004;54,007814
1,496000;54,007814;46,784004;54,007814
1,497000;54,007814;46,784004;54,007814
1,498000;54,007814;46,784004;54,007814
1,499000;54,007814;46,784004;54,007814
1,500000;54,007814;46,784004;54,007814
1,501000;54,007814;46,784004;54,007814
1,502000;54,007814;46,784004;54,007814
1,503000;54,007814;46,784004;54,007814
1,504000;54,007814;46,784005;54,007814
1,505000;54,007814;46,784005;54,007814
1,506000;54,007814;46,784005;54,007814
1,507000;54,007814;46,784005;54,007814
1,508000;54,007814;46,784005;54,007814
1,509000;54,007814;46,784005;54,007814
1,510000;54,007814;46,784005;54,007814
1,511000;54,007814;46,784005;54,007814
1,512000;54,007814;46,784005;54,007814
1,513000;54,007814;46,784005;54,007814
1,514000;54,007814;46,784005;54,007814
1,515000;54,007814;46,784005;54,007814
1,516000;54,007814;46,784005;54,007814
1,517000;54,007814;46,784005;54,007814
1,518000;54,007814;46,784005;54,007814
1,519000;54,007814;46,784005;54,007814
1,520000;54,007814;46,784005;54,007814
1,521000;54,007814;46,784005;54,007814
1,522000;54,007814;46,784005;54,007814
1,523000;54,007814;46,784005;54,007814
1,524000;54,007814;46,784005;54,007814
1,525000;54,007814;46,784005;54,007814
1,526000;54,007814;46,784005;54,007814
1,527000;54,007814;46,784005;54,007814
1,528000;54,007814;46,784005;54,007814
1,529000;54,007814;46,784005;54,007814
1,530000;54,007814;46,784005;54,007814
1,531000;54,007814;46,784005;54,007814
1,532000;54,007814;46,784005;54,007814
1,533000;54,007814;46,784005;54,007814
1,534000;54,007814;46,784005;54,007814
1,535000;54,007814;46,784005;54,007814
1,536000;54,007814;46,784005;54,007814
1,537000;54,007814;46,784005;54,007814
1,538000;54,007814;46,784005;54,007814
1,539000;54,007814;46,784005;54,007814
1,540000;54,007814;46,784005;54,007814
1,541000;54,007814;46,784005;54,007814
1,542000;54,007814;46,784005;54,007814
1,543000;54,007814;46,784005;54,007814
1,544000;54,007814;46,784005;54,007814
1,545000;54,007814;46,784005;54,007814
1,546000;54,007814;46,784005;54,007814
1,547000;54,007814;46,784005;54,007814
1,548000;54,007814;46,784005;54,007814
1,549000;54,007814;46,784005;54,007814
1,550000;54,007814;46,784005;54,007814
1,551000;54,007814;46,784005;54,007814
1,552000;54,007814;46,784005;54,007814
1,553000;54,007814;46,784005;54,007814
1,554000;54,007814;46,784005;54,007814
1,555000;54,007814;46,784005;54,007814
1,556000;54,007814;46,784005;54,007814
1,557000;54,007814;46,784005;54,007814
1,558000;54,007814;46,784005;54,007814
1,559000;54,007814;46,784005;54,007814
1,560000;54,007814;46,784005;54,007814
1,561000;54,007814;46,784005;54,007814
1,562000;54,007814;46,784005;54,007814
1,563000;54,007814;46,784005;54,007814
1,564000;54,007814;46,784005;54,007814
1,565000;54,007814;46,784005;54,007814
1,566000;54,007814;46,784005;54,007814
1,567000;54,007814;46,784005;54,007814
1,568000;54,007814;46,784005;54,007814
1,569000;54,007814;46,784005;54,007814
1,570000;54,007814;46,784005;54,007814
1,571000;54,007814;46,784005;54,007814
1,572000;54,007814;46,784005;54,007814
1,573000;54,007814;46,784005;54,007814
1,574000;54,007814;46,784005;54,007814
1,575000;54,007814;46,784005;54,007814
1,576000;54,007814;46,784005;54,007814
1,577000;54,007814;46,784005;54,007814
1,578000;54,007814;46,784005;54,007814
1,579000;54,007814;46,784005;54,007814
1,580000;54,007814;46,784005;54,007814
1,581000;54,007814;46,784005;54,007814
1,582000;54,007814;46,784005;54,007814
1,583000;54,007814;46,784005;54,007814
1,584000;54,007814;46,784005;54,007814
1,585000;54,007814;46,784005;54,007814
1,586000;54,007814;46,784005;54,007814
1,587000;54,007814;46,784005;54,007814
1,588000;54,007814;46,784005;54,007814
1,589000;54,007814;46,784005;54,007814
1,590000;54,007814;46,784005;54,007814
1,591000;54,007814;46,784005;54,007814
1,592000;54,007814;46,784005;54,007814
1,593000;54,007814;46,784005;54,007814
1,594000;54,007814;46,784005;54,007814
1,595000;54,007814;46,784005;54,007814
1,596000;54,007814;46,784005;54,007814
1,597000;54,007814;46,784005;54,007814
1,598000;54,007814;46,784005;54,007814
1,599000;54,007814;46,784005;54,007814
1,600000;54,007814;46,784005;54,007814
1,601000;54,007814;46,784005;54,007814
1,602000;54,007814;46,784005;54,007814
1,603000;54,007814;46,784005;54,007814
1,604000;54,007814;46,784005;54,007814
1,605000;54,007814;46,784005;54,007814
1,606000;54,007814;46,784005;54,007814
1,607000;54,007814;46,784005;54,007814
1,608000;54,007814;46,784005;54,007814
1,609000;54,007814;46,784005;54,007814
1,610000;54,007814;46,784005;54,007814
1,611000;54,007814;46,784005;54,007814
1,612000;54,007814;46,784005;54,007814
1,613000;54,007814;46,784005;54,007814
1,614000;54,007814;46,784005;54,007814
1,615000;54,007814;46,784005;54,007814
1,616000;54,007814;46,784005;54,007814
1,617000;54,007814;46,784005;54,007814
1,618000;54,007814;46,784005;54,007814
1,619000;54,007814;46,784005;54,007814
1,620000;54,007814;46,784005;54,007814
1,621000;54,007814;46,784005;54,007814
1,622000;54,007814;46,784005;54,007814
1,623000;54,007814;46,784005;54,007814
1,624000;54,007814;46,784005;54,007814
1,625000;54,007814;46,784005;54,007814
1,626000;54,007814;46,784005;54,007814
1,627000;54,007814;46,784005;54,007814
1,628000;54,007814;46,784005;54,007814
1,629000;54,007814;46,784005;54,007814
1,630000;54,007814;46,784005;54,007814
1,631000;54,007814;46,784005;54,007814
1,632000;54,007814;46,784005;54,007814
1,633000;54,007814;46,784005;54,007814
1,634000;54,007814;46,784005;54,007814
1,635000;54,007814;46,784005;54,007814
1,636000;54,007814;46,784005;54,007814
1,637000;54,007814;46,784005;54,007814
1,638000;54,007814;46,784005;54,007814
1,639000;54,007814;46,784005;54,007814
1,640000;54,007814;46,784005;54,007814
1,641000;54,007814;46,784005;54,007814
1,642000;54,007814;46,784005;54,007814
1,643000;54,007814;46,784005;54,007814
1,644000;54,007814;46,784005;54,007814
1,645000;54,007814;46,784005;54,007814
1,646000;54,007814;46,784005;54,007814
1,647000;54,007814;46,784005;54,007814
1,648000;54,007814;46,784005;54,007814
1,649000;54,007814;46,784005;54,007814
1,650000;54,007814;46,784005;54,007814
1,651000;54,007814;46,784005;54,007814
1,652000;54,007814;46,784005;54,007814
1,653000;54,007814;46,784005;54,007814
1,654000;54,007814;46,784005;54,007814
1,655000;54,007814;46,784005;54,007814
1,656000;54,007814;46,784005;54,007814
1,657000;54,007814;46,784005;54,007814
1,658000;54,007814;46,784005;54,007814
1,659000;54,007814;46,784005;54,007814
1,660000;54,007814;46,784005;54,007814
1,661000;54,007814;46,784005;54,007814
1,662000;54,007814;46,784005;54,007814
1,663000;54,007814;46,784005;54,007814
1,664000;54,007814;46,784005;54,007814
1,665000;54,007814;46,784005;54,007814
1,666000;54,007814;46,784005;54,007814
1,667000;54,007814;46,784005;54,007814
1,668000;54,007814;46,784005;54,007814
1,669000;54,007814;46,784005;54,007814
1,670000;54,007814;46,784005;54,007814
1,671000;54,007814;46,784005;54,007814
1,672000;54,007814;46,784005;54,007814
1,673000;54,007814;46,784005;54,007814
1,674000;54,007814;46,784005;54,007814
1,675000;54,007814;46,784005;54,007814
1,676000;54,007814;46,784005;54,007814
1,677000;54,007814;46,784005;54,007814
1,678000;54,007814;46,784005;54,007814
1,679000;54,007814;46,784005;54,007814
1,680000;54,007814;46,784005;54,007814
1,681000;54,007814;46,784005;54,007814
1,682000;54,007814;46,784005;54,007814
1,683000;54,007814;46,784005;54,007814
1,684000;54,007814;46,784005;54,007814
1,685000;54,007814;46,784005;54,007814
1,686000;54,007814;46,784005;54,007814
1,687000;54,007814;46,784005;54,007814
1,688000;54,007814;46,784005;54,007814
1,689000;54,007814;46,784005;54,007814
1,690000;54,007814;46,784005;54,007814
1,691000;54,007814;46,784005;54,007814
1,692000;54,007814;46,784005;54,007814
1,693000;54,007814;46,784005;54,007814
1,694000;54,007814;46,784005;54,007814
1,695000;54,007814;46,784005;54,007814
1,696000;54,007814;46,784005;54,007814
1,697000;54,007814;46,784005;54,007814
1,698000;54,007814;46,784005;54,007814
1,699000;54,007814;46,784005;54,007814
1,700000;54,007814;46,784005;54,007814
1,701000;54,007814;46,784005;54,007814
1,702000;54,007814;46,784005;54,007814
1,703000;54,007814;46,784005;54,007814
1,704000;54,007814;46,784005;54,007814
1,705000;54,007814;46,784005;54,007814
1,706000;54,007814;46,784005;54,007814
1,707000;54,007814;46,784005;54,007814
1,708000;54,007814;46,784005;54,007814
1,709000;54,007814;46,784005;54,007814
1,710000;54,007814;46,784005;54,007814
1,711000;54,007814;46,784005;54,007814
1,712000;54,007814;46,784005;54,007814
1,713000;54,007814;46,784005;54,007814
1,714000;54,007814;46,784005;54,007814
1,715000;54,007814;46,784005;54,007814
1,716000;54,007814;46,784005;54,007814
1,717000;54,007814;46,784005;54,007814
1,718000;54,007814;46,784005;54,007814
1,719000;54,007814;46,784005;54,007814
1,720000;54,007814;46,784005;54,007814
1,721000;54,007814;46,784005;54,007814
1,722000;54,007814;46,784005;54,007814
1,723000;54,007814;46,784005;54,007814
1,724000;54,007814;46,784005;54,007814
1,725000;54,007814;46,784005;54,007814
1,726000;54,007814;46,784005;54,007814
1,727000;54,007814;46,784005;54,007814
1,728000;54,007814;46,784005;54,007814
1,729000;54,007814;46,784005;54,007814
1,730000;54,007814;46,784005;54,007814
1,731000;54,007814;46,784005;54,007814
1,732000;54,007814;46,784005;54,007814
1,733000;54,007814;46,784005;54,007814
1,734000;54,007814;46,784005;54,007814
1,735000;54,007814;46,784005;54,007814
1,736000;54,007814;46,784005;54,007814
1,737000;54,007814;46,784005;54,007814
1,738000;54,007814;46,784005;54,007814
1,739000;54,007814;46,784005;54,007814
1,740000;54,007814;46,784005;54,007814
1,741000;54,007814;46,784005;54,007814
1,742000;54,007814;46,784005;54,007814
1,743000;54,007814;46,784005;54,007814
1,744000;54,007814;46,784005;54,007814
1,745000;54,007814;46,784005;54,007814
1,746000;54,007814;46,784005;54,007814
1,747000;54,007814;46,784005;54,007814
1,748000;54,007814;46,784005;54,007814
1,749000;54,007814;46,784005;54,007814
1,750000;54,007814;46,784005;54,007814
1,751000;54,007814;46,784005;54,007814
1,752000;54,007814;46,784005;54,007814
1,753000;54,007814;46,784005;54,007814
1,754000;54,007814;46,784005;54,007814
1,755000;54,007814;46,784005;54,007814
1,756000;54,007814;46,784005;54,007814
1,757000;54,007814;46,784005;54,007814
1,758000;54,007814;46,784005;54,007814
1,759000;54,007814;46,784005;54,007814
1,760000;54,007814;46,784005;54,007814
1,761000;54,007814;46,784005;54,007814
1,762000;54,007814;46,784005;54,007814
1,763000;54,007814;46,784005;54,007814
1,764000;54,007814;46,784005;54,007814
1,765000;54,007814;46,784005;54,007814
1,766000;54,007814;46,784005;54,007814
1,767000;54,007814;46,784005;54,007814
1,768000;54,007814;46,784005;54,007814
1,769000;54,007814;46,784005;54,007814
1,770000;54,007814;46,784005;54,007814
1,771000;54,007814;46,784005;54,007814
1,772000;54,007814;46,784005;54,007814
1,773000;54,007814;46,784005;54,007814
1,774000;54,007814;46,784005;54,007814
1,775000;54,007814;46,784005;54,007814
1,776000;54,007814;46,784005;54,007814
1,777000;54,007814;46,784005;54,007814
1,778000;54,007814;46,784005;54,007814
1,779000;54,007814;46,784005;54,007814
1,780000;54,007814;46,784005;54,007814
1,781000;54,007814;46,784005;54,007814
1,782000;54,007814;46,784005;54,007814
1,783000;54,007814;46,784005;54,007814
1,784000;54,007814;46,784005;54,007814
1,785000;54,007814;46,784005;54,007814
1,786000;54,007814;46,784005;54,007814
1,787000;54,007814;46,784005;54,007814
1,788000;54,007814;46,784005;54,007814
1,789000;54,007814;46,784005;54,007814
1,790000;54,007814;46,784005;54,007814
1,791000;54,007814;46,784005;54,007814
1,792000;54,007814;46,784005;54,007814
1,793000;54,007814;46,784005;54,007814
1,794000;54,007814;46,784005;54,007814
1,795000;54,007814;46,784005;54,007814
1,796000;54,007814;46,784005;54,007814
1,797000;54,007814;46,784005;54,007814
1,798000;54,007814;46,784005;54,007814
1,799000;54,007814;46,784005;54,007814
1,800000;54,007814;46,784005;54,007814
1,801000;54,007814;46,784005;54,007814
1,802000;54,007814;46,784005;54,007814
1,803000;54,007814;46,784005;54,007814
1,804000;54,007814;46,784005;54,007814
1,805000;54,007814;46,784005;54,007814
1,806000;54,007814;46,784005;54,007814
1,807000;54,007814;46,784005;54,007814
1,808000;54,007814;46,784005;54,007814
1,809000;54,007814;46,784005;54,007814
1,810000;54,007814;46,784005;54,007814
1,811000;54,007814;46,784005;54,007814
1,812000;54,007814;46,784005;54,007814
1,813000;54,007814;46,784005;54,007814
1,814000;54,007814;46,784005;54,007814
1,815000;54,007814;46,784005;54,007814
1,816000;54,007814;46,784005;54,007814
1,817000;54,007814;46,784005;54,007814
1,818000;54,007814;46,784005;54,007814
1,819000;54,007814;46,784005;54,007814
1,820000;54,007814;46,784005;54,007814
1,821000;54,007814;46,784005;54,007814
1,822000;54,007814;46,784005;54,007814
1,823000;54,007814;46,784005;54,007814
1,824000;54,007814;46,784005;54,007814
1,825000;54,007814;46,784005;54,007814
1,826000;54,007814;46,784005;54,007814
1,827000;54,007814;46,784005;54,007814
1,828000;54,007814;46,784005;54,007814
1,829000;54,007814;46,784005;54,007814
1,830000;54,007814;46,784005;54,007814
1,831000;54,007814;46,784005;54,007814
1,832000;54,007814;46,784005;54,007814
1,833000;54,007814;46,784005;54,007814
1,834000;54,007814;46,784005;54,007814
1,835000;54,007814;46,784005;54,007814
1,836000;54,007814;46,784005;54,007814
1,837000;54,007814;46,784005;54,007814
1,838000;54,007814;46,784005;54,007814
1,839000;54,007814;46,784005;54,007814
1,840000;54,007814;46,784005;54,007814
1,841000;54,007814;46,784005;54,007814
1,842000;54,007814;46,784005;54,007814
1,843000;54,007814;46,784005;54,007814
1,844000;54,007814;46,784005;54,007814
1,845000;54,007814;46,784005;54,007814
1,846000;54,007814;46,784005;54,007814
1,847000;54,007814;46,784005;54,007814
1,848000;54,007814;46,784005;54,007814
1,849000;54,007814;46,784005;54,007814
1,850000;54,007814;46,784005;54,007814
1,851000;54,007814;46,784005;54,007814
1,852000;54,007814;46,784005;54,007814
1,853000;54,007814;46,784005;54,007814
1,854000;54,007814;46,784005;54,007814
1,855000;54,007814;46,784005;54,007814
1,856000;54,007814;46,784005;54,007814
1,857000;54,007814;46,784005;54,007814
1,858000;54,007814;46,784005;54,007814
1,859000;54,007814;46,784005;54,007814
1,860000;54,007814;46,784005;54,007814
1,861000;54,007814;46,784005;54,007814
1,862000;54,007814;46,784005;54,007814
1,863000;54,007814;46,784005;54,007814
1,864000;54,007814;46,784005;54,007814
1,865000;54,007814;46,784005;54,007814
1,866000;54,007814;46,784005;54,007814
1,867000;54,007814;46,784005;54,007814
1,868000;54,007814;46,784005;54,007814
1,869000;54,007814;46,784005;54,007814
1,870000;54,007814;46,784005;54,007814
1,871000;54,007814;46,784005;54,007814
1,872000;54,007814;46,784005;54,007814
1,873000;54,007814;46,784005;54,007814
1,874000;54,007814;46,784005;54,007814
1,875000;54,007814;46,784005;54,007814
1,876000;54,007814;46,784005;54,007814
1,877000;54,007814;46,784005;54,007814
1,878000;54,007814;46,784005;54,007814
1,879000;54,007814;46,784005;54,007814
1,880000;54,007814;46,784005;54,007814
1,881000;54,007814;46,784005;54,007814
1,882000;54,007814;46,784005;54,007814
1,883000;54,007814;46,784005;54,007814
1,884000;54,007814;46,784005;54,007814
1,885000;54,007814;46,784005;54,007814
1,886000;54,007814;46,784005;54,007814
1,887000;54,007814;46,784005;54,007814
1,888000;54,007814;46,784005;54,007814
1,889000;54,007814;46,784005;54,007814
1,890000;54,007814;46,784005;54,007814
1,891000;54,007814;46,784005;54,007814
1,892000;54,007814;46,784005;54,007814
1,893000;54,007814;46,784005;54,007814
1,894000;54,007814;46,784005;54,007814
1,895000;54,007814;46,784005;54,007814
1,896000;54,007814;46,784005;54,007814
1,897000;54,007814;46,784005;54,007814
1,898000;54,007814;46,784005;54,007814
1,899000;54,007814;46,784005;54,007814
1,900000;54,007814;46,784005;54,007814
1,901000;54,007814;46,784005;54,007814
1,902000;54,007814;46,784005;54,007814
1,903000;54,007814;46,784005;54,007814
1,904000;54,007814;46,784005;54,007814
1,905000;54,007814;46,784005;54,007814
1,906000;54,007814;46,784005;54,007814
1,907000;54,007814;46,784005;54,007814
1,908000;54,007814;46,784005;54,007814
1,909000;54,007814;46,784005;54,007814
1,910000;54,007814;46,784005;54,007814
1,911000;54,007814;46,784005;54,007814
1,912000;54,007814;46,784005;54,007814
1,913000;54,007814;46,784005;54,007814
1,914000;54,007814;46,784005;54,007814
1,915000;54,007814;46,784005;54,007814
1,916000;54,007814;46,784005;54,007814
1,917000;54,007814;46,784005;54,007814
1,918000;54,007814;46,784005;54,007814
1,919000;54,007814;46,784005;54,007814
1,920000;54,007814;46,784005;54,007814
1,921000;54,007814;46,784005;54,007814
1,922000;54,007814;46,784005;54,007814
1,923000;54,007814;46,784005;54,007814
1,924000;54,007814;46,784005;54,007814
1,925000;54,007814;46,784005;54,007814
1,926000;54,007814;46,784005;54,007814
1,927000;54,007814;46,784005;54,007814
1,928000;54,007814;46,784005;54,007814
1,929000;54,007814;46,784005;54,007814
1,930000;54,007814;46,784005;54,007814
1,931000;54,007814;46,784005;54,007814
1,932000;54,007814;46,784005;54,007814
1,933000;54,007814;46,784005;54,007814
1,934000;54,007814;46,784005;54,007814
1,935000;54,007814;46,784005;54,007814
1,936000;54,007814;46,784005;54,007814
1,937000;54,007814;46,784005;54,007814
1,938000;54,007814;46,784005;54,007814
1,939000;54,007814;46,784005;54,007814
1,940000;54,007814;46,784005;54,007814
1,941000;54,007814;46,784005;54,007814
1,942000;54,007814;46,784005;54,007814
1,943000;54,007814;46,784005;54,007814
1,944000;54,007814;46,784005;54,007814
1,945000;54,007814;46,784005;54,007814
1,946000;54,007814;46,784005;54,007814
1,947000;54,007814;46,784005;54,007814
1,948000;54,007814;46,784005;54,007814
1,949000;54,007814;46,784005;54,007814
1,950000;54,007814;46,784005;54,007814
1,951000;54,007814;46,784005;54,007814
1,952000;54,007814;46,784005;54,007814
1,953000;54,007814;46,784005;54,007814
1,954000;54,007814;46,784005;54,007814
1,955000;54,007814;46,784005;54,007814
1,956000;54,007814;46,784005;54,007814
1,957000;54,007814;46,784005;54,007814
1,958000;54,007814;46,784005;54,007814
1,959000;54,007814;46,784005;54,007814
1,960000;54,007814;46,784005;54,007814
1,961000;54,007814;46,784005;54,007814
1,962000;54,007814;46,784005;54,007814
1,963000;54,007814;46,784005;54,007814
1,964000;54,007814;46,784005;54,007814
1,965000;54,007814;46,784005;54,007814
1,966000;54,007814;46,784005;54,007814
1,967000;54,007814;46,784005;54,007814
1,968000;54,007814;46,784005;54,007814
1,969000;54,007814;46,784005;54,007814
1,970000;54,007814;46,784005;54,007814
1,971000;54,007814;46,784005;54,007814
1,972000;54,007814;46,784005;54,007814
1,973000;54,007814;46,784005;54,007814
1,974000;54,007814;46,784005;54,007814
1,975000;54,007814;46,784005;54,007814
1,976000;54,007814;46,784005;54,007814
1,977000;54,007814;46,784005;54,007814
1,978000;54,007814;46,784005;54,007814
1,979000;54,007814;46,784005;54,007814
1,980000;54,007814;46,784005;54,007814
1,981000;54,007814;46,784005;54,007814
1,982000;54,007814;46,784005;54,007814
1,983000;54,007814;46,784005;54,007814
1,984000;54,007814;46,784005;54,007814
1,985000;54,007814;46,784005;54,007814
1,986000;54,007814;46,784005;54,007814
1,987000;54,007814;46,784005;54,007814
1,988000;54,007814;46,784005;54,007814
1,989000;54,007814;46,784005;54,007814
1,990000;54,007814;46,784005;54,007814
1,991000;54,007814;46,784005;54,007814
1,992000;54,007814;46,784005;54,007814
1,993000;54,007814;46,784005;54,007814
1,994000;54,007814;46,784005;54,007814
1,995000;54,007814;46,784005;54,007814
1,996000;54,007814;46,784005;54,007814
1,997000;54,007814;46,784005;54,007814
1,998000;54,007814;46,784005;54,007814
1,999000;54,007814;46,784005;54,007814
2,000000;54,007814;46,784005;54,007814
2,000000;54,007814;46,784005;54,007814
